year,team_name,nflverse_team,n_qualified,n_starter_qualified,total_snaps,total_pressures,team_pressure_rate,team_sack_rate_pff,team_avg_pbwr,team_min_pbwr,team_max_pbwr,team_std_pbwr,team_range_pbwr,team_avg_grade,team_min_grade,team_std_grade,wl_player,wl_position,wl_pbwr,wl_delta,wl_snap_share,wl_pressure_rate,tps_total_snaps,tps_total_pressures,tps_team_pressure_rate,tps_team_sack_rate_pff,tps_avg_pbwr,tps_min_pbwr,tps_max_pbwr,tps_std_pbwr,tps_range_pbwr,tps_avg_grade,tps_min_grade,tps_std_grade,tps_wl_player,tps_wl_position,tps_wl_pbwr,tps_wl_delta,tps_wl_snap_share,tps_wl_pressure_rate,n_dropbacks,total_epa,total_success,total_sacks_nfl,total_qb_hits,avg_cpoe,pass_epa_per_play,pass_success_rate,sack_rate,qb_hit_rate
2013,ARZ,ARI,5,5,3056,215,0.07035340314136125,0.009162303664921465,92.96272905759162,87.81,96.5,3.445511573046881,8.689999999999998,64.70000000000002,47.8,11.65482732604821,Bradley Sowell,T,87.81,5.152729057591614,0.15837696335078533,0.12190082644628099,1411,142,0.10063784549964565,0.012756909992912827,89.93486888731397,80.73,96.42,5.925276364862654,15.689999999999998,54.019999999999996,32.4,15.848564603774058,Bradley Sowell,T,80.73,9.204868887313964,0.15450035435861093,0.1926605504587156,622,-0.60278994,278.0,41.0,98.0,3.8050945,-0.0009691156591639871,0.44694533762057875,0.06591639871382636,0.15755627009646303
2013,ATL,ATL,7,6,3588,240,0.06688963210702341,0.008639910813823858,93.3095707915273,89.66,96.37,2.2927982487615024,6.710000000000008,69.71428571428572,57.2,9.293802338373775,Lamar Holmes,T,89.66,3.64957079152731,0.2048494983277592,0.10340136054421768,1773,164,0.09249858996051889,0.012972363226170333,90.7507839819515,85.52,95.91,3.136106169242666,10.39,63.11428571428571,48.8,9.433173480052297,Lamar Holmes,T,85.52,5.230783981951504,0.20642978003384094,0.1448087431693989,710,28.07993,330.0,44.0,96.0,2.8431172,0.03954919718309859,0.4647887323943662,0.061971830985915494,0.1352112676056338
2013,BLT,BAL,6,5,3515,199,0.05661450924608819,0.005405405405405406,94.3386173541963,91.72,95.99,1.469734669931957,4.269999999999996,74.76666666666667,65.0,7.790934903249205,Michael Oher,T,91.72,2.618617354196303,0.19231863442389757,0.08284023668639054,1940,144,0.07422680412371134,0.006185567010309278,92.57779896907216,88.47,95.33,2.3717820304572683,6.859999999999999,69.95,62.2,8.987268773103427,Michael Oher,T,88.47,4.107798969072164,0.1922680412371134,0.11528150134048257,685,-24.02105,274.0,48.0,85.0,-1.5709786,-0.035067226277372264,0.4,0.07007299270072993,0.12408759124087591
2013,BUF,BUF,6,5,3213,146,0.045440398381574855,0.0034235916588857764,95.45570183629006,88.39,98.14,3.4011213837007737,9.75,69.43333333333334,27.1,21.40408060783426,Erik Pears,T,93.95,1.5057018362900578,0.20074696545284781,0.06046511627906977,1517,107,0.07053394858272907,0.005273566249176005,92.9461502966381,84.48,97.04,4.338952638598398,12.560000000000002,62.900000000000006,25.1,20.00939779203762,Erik Pears,T,90.13,2.8161502966380993,0.2003955174686882,0.09868421052631579,607,-81.56501,246.0,48.0,103.0,-3.7098935,-0.13437398682042834,0.4052718286655684,0.07907742998352553,0.1696869851729819
2013,CAR,CAR,6,6,2763,145,0.05247918928700688,0.00760043431053203,94.75119797321751,90.56,97.23,2.723223579999752,6.670000000000002,75.88333333333334,49.5,14.62633469693165,Nate Chandler,G,90.56,4.191197973217513,0.10351067680057909,0.0944055944055944,1212,98,0.08085808580858085,0.012376237623762377,91.91373762376236,81.9,97.25,6.028266749240615,15.349999999999994,71.71666666666667,31.9,21.748325606047622,Nate Chandler,G,81.9,10.013737623762353,0.09570957095709572,0.1810344827586207,551,64.552734,251.0,43.0,64.0,0.8516173,0.11715559709618875,0.455535390199637,0.0780399274047187,0.1161524500907441
2013,CHI,CHI,5,5,3296,204,0.061893203883495146,0.0036407766990291263,93.80936893203885,87.81,98.04,4.0398366303601945,10.230000000000004,72.17999999999999,46.7,15.538082249750127,Jordan Mills,T,87.81,5.999368932038848,0.1941747572815534,0.121875,1690,145,0.08579881656804733,0.005917159763313609,91.41934911242605,83.03,97.35,5.76507155202778,14.319999999999993,65.42,42.0,15.169937376271532,Jordan Mills,T,83.03,8.389349112426046,0.1952662721893491,0.1696969696969697,630,100.64849,316.0,30.0,85.0,4.830148,0.15975950793650792,0.5015873015873016,0.047619047619047616,0.1349206349206349
2013,CIN,CIN,7,6,3315,129,0.03891402714932127,0.005731523378582202,96.10787028657616,94.66,96.91,0.7689262767311432,2.25,79.02857142857144,73.0,5.443869422177053,Andre Smith,T,94.66,1.447870286576162,0.1975867269984917,0.05343511450381679,1265,88,0.06956521739130435,0.009486166007905139,93.04193675889327,89.96,96.02,2.1056726105587122,6.060000000000002,68.55714285714285,54.0,9.38666734307357,Andre Smith,T,89.96,3.081936758893278,0.19683794466403162,0.10040160642570281,642,57.5415,297.0,29.0,46.0,1.13979,0.0896285046728972,0.46261682242990654,0.045171339563862926,0.07165109034267912
2013,CLV,CLE,7,5,3906,211,0.0540194572452637,0.006656426011264721,94.59880440348182,89.91,97.25,2.689789334997572,7.340000000000003,78.77142857142857,48.6,15.459809645843455,Mitchell Schwartz,T,91.66,2.938804403481825,0.19943676395289298,0.0834403080872914,2096,155,0.07395038167938932,0.01049618320610687,92.6036927480916,85.83,100.0,4.735276931611034,14.170000000000002,73.37142857142858,33.7,20.190485736745273,Mitchell Schwartz,T,88.34,4.2636927480916,0.20467557251908397,0.11655011655011654,750,-60.472874,296.0,49.0,118.0,-3.8274786,-0.08063049866666666,0.39466666666666667,0.06533333333333333,0.15733333333333333
2013,DAL,DAL,6,5,3338,162,0.048532055122828044,0.005991611743559017,95.1468903535051,94.01,96.41,0.9626162267487477,2.3999999999999915,78.0,69.4,8.000499984375978,Doug Free,T,94.01,1.1368903535050947,0.20011983223487118,0.059880239520958084,1759,113,0.06424104604889141,0.008527572484366117,93.57512222853893,91.76,96.02,1.6044531778771205,4.259999999999991,72.48333333333333,56.2,11.624012502860904,Doug Free,T,91.76,1.8151222285389252,0.20011370096645822,0.08238636363636363,632,47.188828,300.0,35.0,53.0,0.278111,0.07466586708860759,0.47468354430379744,0.055379746835443035,0.08386075949367089
2013,DEN,DEN,5,5,3521,130,0.03692132916785004,0.0031241124680488497,96.30817097415509,94.31,97.97,1.6065428721325798,3.6599999999999966,78.25999999999999,67.7,8.77883819192494,Zane Beadles,G,94.31,1.9981709741550873,0.20959954558364102,0.056910569105691054,1176,72,0.061224489795918366,0.007653061224489796,93.87964285714285,90.57,97.98,3.0222226919934303,7.410000000000011,68.02000000000001,56.6,12.035447644354571,Chris Clark,T,90.57,3.3096428571428618,0.18027210884353742,0.09433962264150944,696,249.87448,382.0,20.0,54.0,6.247052,0.3590150574712644,0.5488505747126436,0.028735632183908046,0.07758620689655173
2013,DET,DET,6,6,3363,146,0.04341361879274457,0.0026761819803746653,95.65854891465953,92.33,98.27,2.525634573725978,5.939999999999998,77.28333333333332,67.4,8.02332017724998,LaAdrian Waddle,T,92.33,3.3285489146595353,0.09693725840023788,0.07668711656441718,1477,107,0.07244414353419093,0.004739336492890996,92.75542992552471,86.84,98.03,4.606741436923355,11.189999999999998,68.38333333333334,56.1,11.674316539595226,LaAdrian Waddle,T,86.84,5.915429925524705,0.1029113067027759,0.13157894736842105,670,47.6906,309.0,23.0,66.0,-3.3220494,0.07118000000000001,0.46119402985074626,0.034328358208955224,0.09850746268656717
2013,GB,GB,6,5,3416,141,0.041276346604215454,0.00819672131147541,95.8718793911007,87.65,98.83,4.007726288059101,11.179999999999993,72.18333333333332,40.2,18.43381855901448,Don Barclay,T,93.76,2.1118793911007003,0.16891100702576112,0.06239168110918544,1103,83,0.07524932003626474,0.016319129646418858,92.47602901178604,74.6,98.19,8.257657456365378,23.590000000000003,61.849999999999994,16.7,24.71313415979446,David Bakhtiari,T,90.05,2.426029011786042,0.20036264732547598,0.09954751131221719,648,59.431572,307.0,45.0,71.0,2.957456,0.09171538888888889,0.4737654320987654,0.06944444444444445,0.1095679012345679
2013,HST,HOU,6,6,3406,212,0.062243100411039344,0.0049911920140927775,93.77716382853787,90.33,96.06,2.3451794529772525,5.730000000000004,71.99999999999999,56.9,9.899292904041175,Derek Newton,T,90.33,3.4471638285378674,0.15179095713446858,0.09671179883945841,1755,132,0.07521367521367521,0.006837606837606838,92.47736752136753,86.27,96.17,4.092332668132771,9.900000000000006,68.7,49.2,11.517464998861513,Ryan Harris,T,86.27,6.20736752136753,0.08717948717948718,0.13725490196078433,681,-87.64773,280.0,42.0,109.0,-3.144113,-0.12870444933920705,0.4111600587371512,0.06167400881057269,0.16005873715124816
2013,IND,IND,6,5,3341,209,0.06255612092187968,0.006584854833882071,93.7454265190063,92.72,97.37,1.7886605789435497,4.650000000000006,68.25,55.2,8.75505568229009,Anthony Castonzo,T,92.72,1.0254265190063023,0.20981741993415146,0.07275320970042796,1576,146,0.09263959390862944,0.010786802030456852,90.7384581218274,88.51,96.43,3.000262766270094,7.920000000000002,57.01666666666667,34.9,13.734979674781709,Mike McGlynn,G,88.51,2.2284581218274013,0.16560913705583757,0.11494252873563218,663,52.973396,305.0,32.0,105.0,-1.4793215,0.07989954147812972,0.46003016591251883,0.048265460030165915,0.1583710407239819
2013,JAX,JAX,6,5,2997,174,0.05805805805805806,0.009342676009342675,94.19494828161496,90.12,97.24,2.6374514213535734,7.11999999999999,67.99999999999999,53.4,11.294069240092341,Cameron Bradfield,T,90.12,4.074948281614951,0.1688355021688355,0.09881422924901186,1180,103,0.08728813559322034,0.01440677966101695,91.27305084745763,83.54,95.56,4.94465131901802,12.019999999999996,58.583333333333336,45.0,12.909131135233952,Cameron Bradfield,T,85.34,5.933050847457622,0.16186440677966102,0.14659685863874344,661,-107.46682,268.0,50.0,98.0,-3.951336,-0.16258217851739787,0.405446293494705,0.07564296520423601,0.14826021180030258
2013,KC,KC,7,7,3263,167,0.05117989580140975,0.007661661048115232,94.88285626723874,90.47,97.8,2.8712831045835014,7.329999999999998,72.1,49.5,13.626322565779319,Eric Fisher,T,90.47,4.4128562672387375,0.15108795586883236,0.09533468559837728,1100,94,0.08545454545454545,0.015454545454545455,91.45389999999998,80.47,96.43,6.090754507956342,15.960000000000008,61.78571428571429,27.6,19.442173109971407,Eric Fisher,T,80.47,10.983899999999977,0.15363636363636363,0.1952662721893491,631,41.570076,281.0,41.0,72.0,-2.4123878,0.065879676703645,0.44532488114104596,0.06497622820919176,0.11410459587955626
2013,MIA,MIA,8,7,3647,214,0.05867836578009323,0.011516314779270634,94.13004935563477,90.52,97.64,2.82517477335474,7.1200000000000045,72.325,51.8,11.364952391327597,Jonathan Martin,T,90.52,3.6100493556347715,0.08390457910611461,0.09477124183006536,1611,147,0.09124767225325885,0.021725636250775917,90.8739602731223,84.5,96.09,3.763789646088102,11.590000000000003,63.0,42.7,12.366429210914985,Tyson Clabo,T,87.59,3.2839602731222897,0.17008069522036,0.12408759124087591,663,1.7939835,290.0,58.0,97.0,-0.024611363,0.0027058574660633484,0.4374057315233786,0.08748114630467571,0.14630467571644043
2013,MIN,MIN,5,5,3048,161,0.05282152230971129,0.006233595800524934,94.71587926509186,92.41,97.14,1.8296365759352324,4.730000000000004,76.78,73.2,3.498856956207269,Matt Kalil,T,92.41,2.3058792650918605,0.21194225721784776,0.07585139318885449,1257,112,0.08910103420843278,0.011933174224343675,91.08734287987271,87.4,94.96,3.2818866525216825,7.559999999999988,68.1,64.3,2.8870400066504116,Matt Kalil,T,87.4,3.687342879872702,0.20843277645186953,0.12595419847328243,627,-46.29603,259.0,44.0,80.0,-2.21946,-0.07383736842105264,0.4130781499202552,0.07017543859649122,0.12759170653907495
2013,NE,NE,7,6,3514,191,0.0543540125213432,0.009675583380762664,94.56368810472395,93.67,94.94,0.4510675168551857,1.269999999999996,71.31428571428572,59.2,8.625433046409627,Dan Connolly,G,93.67,0.8936881047239496,0.18895845190665908,0.06325301204819277,1424,115,0.08075842696629214,0.014747191011235955,91.92532303370787,90.08,94.03,1.5032599496396082,3.950000000000003,62.699999999999996,49.7,8.008745220070368,Marcus Cannon,T,90.08,1.8453230337078708,0.08497191011235955,0.09917355371900827,669,71.91258,313.0,40.0,77.0,-1.35107,0.10749264573991033,0.4678624813153961,0.059790732436472344,0.11509715994020926
2013,NO,NO,5,5,3433,143,0.04165452956597728,0.0052432274978153216,95.83481211768132,92.12,97.97,2.280991012696014,5.849999999999994,80.49999999999999,63.4,9.852410872471774,Charles Brown,T,92.12,3.714812117681319,0.1811826390911739,0.07877813504823152,1316,88,0.0668693009118541,0.011398176291793313,93.31460486322187,87.07,97.55,3.868070578466739,10.480000000000004,71.62,48.5,12.966958008723557,Charles Brown,T,87.07,6.2446048632218805,0.1762917933130699,0.12931034482758622,699,153.05374,355.0,37.0,74.0,5.3627353,0.21896100143061517,0.5078683834048641,0.05293276108726753,0.10586552217453506
2013,NYG,NYG,6,6,2879,207,0.07189996526571726,0.009725599166377214,92.80939909690865,89.83,96.08,2.548222910186627,6.25,62.75,45.5,9.970506506692626,David Diehl,G,89.83,2.979399096908651,0.1434525877040639,0.1016949152542373,1620,166,0.10246913580246914,0.014197530864197531,89.75170987654322,84.21,94.46,3.9351035564518515,10.25,54.31666666666666,26.5,14.471823197740727,David Diehl,G,84.21,5.541709876543223,0.14074074074074075,0.15789473684210525,613,-72.69045,259.0,40.0,83.0,-3.0781877,-0.11858148450244697,0.42251223491027734,0.06525285481239804,0.13539967373572595
2013,NYJ,NYJ,6,5,2917,162,0.055536510113129926,0.007884813164209805,94.446424408639,90.61,97.42,2.6833536231116963,6.810000000000002,72.18333333333332,51.4,16.972850870336035,Brian Winters,G,92.48,1.966424408639,0.14124100102845388,0.07524271844660194,1548,119,0.07687338501291989,0.0103359173126615,92.31291343669251,89.25,96.75,3.2687836677679774,7.5,68.08333333333333,46.2,18.201694060352366,Brian Winters,G,89.5,2.8129134366925115,0.14147286821705427,0.1050228310502283,561,-62.015514,228.0,47.0,93.0,-4.238978,-0.11054458823529412,0.40641711229946526,0.08377896613190731,0.1657754010695187
2013,OAK,LV,6,5,2735,155,0.056672760511883,0.005484460694698354,94.33274223034735,89.53,98.0,2.7631431378052063,8.469999999999999,69.43333333333334,31.4,18.904461554529046,Lucas Nix,G,89.53,4.802742230347349,0.1396709323583181,0.10471204188481675,1178,106,0.0899830220713073,0.007640067911714771,91.00314940577249,81.76,97.46,5.117796400795949,15.699999999999989,62.23333333333333,5.7,28.54208588499913,Lucas Nix,G,81.76,9.243149405772485,0.13497453310696095,0.18238993710691823,600,-28.480612,253.0,44.0,71.0,-3.4954314,-0.04746768666666667,0.4216666666666667,0.07333333333333333,0.11833333333333333
2013,PHI,PHI,5,5,3078,176,0.057179987004548405,0.007472384665367121,94.28440220922676,90.81,98.07,2.909742256626864,7.259999999999991,73.7,56.8,13.055267136294074,Lane Johnson,T,90.81,3.474402209226753,0.2014294996751137,0.09193548387096774,1578,119,0.07541191381495564,0.008871989860583017,92.45930291508238,86.79,98.43,4.706936370931735,11.64,67.67999999999999,42.3,17.456861115332277,Lane Johnson,T,86.79,5.669302915082369,0.20152091254752852,0.1320754716981132,593,102.49646,275.0,46.0,82.0,2.5419035,0.1728439460370995,0.463743676222597,0.0775716694772344,0.13827993254637436
2013,PIT,PIT,9,6,3525,209,0.05929078014184397,0.010212765957446808,94.07072340425533,88.35,98.8,3.381840393106165,10.450000000000003,71.38888888888889,47.2,12.500144443609885,Mike Adams,T,88.35,5.720723404255338,0.0876595744680851,0.11650485436893204,1634,158,0.0966952264381885,0.01835985312117503,90.32876376988985,82.02,97.22,5.211266907171209,15.200000000000003,62.87777777777777,30.7,15.057620809558344,Mike Adams,T,84.21,6.118763769889853,0.09302325581395349,0.15789473684210525,638,60.51882,303.0,43.0,71.0,3.2197447,0.09485708463949843,0.47492163009404387,0.06739811912225706,0.11128526645768025
2013,SD,LAC,6,6,2910,168,0.0577319587628866,0.005498281786941581,94.22702405498282,90.5,97.55,2.4783919517837893,7.049999999999997,72.36666666666666,54.3,10.480203560364021,Johnnie Troutman,G,90.5,3.72702405498282,0.1302405498281787,0.09498680738786279,1673,139,0.0830842797369994,0.008368200836820083,91.69220561864913,85.19,97.68,4.275121830622688,12.490000000000009,64.48333333333333,32.6,18.001157370198914,Johnnie Troutman,G,85.19,6.502205618649128,0.12910938433950986,0.14814814814814814,587,162.69156,309.0,30.0,62.0,7.9862833,0.27715768313458267,0.5264054514480409,0.05110732538330494,0.10562180579216354
2013,SEA,SEA,7,7,2573,143,0.05557714729887291,0.010493587252234746,94.44199378157792,91.31,97.85,2.3497710121464594,6.539999999999992,63.442857142857136,41.0,11.64171481395777,Paul McQuistan,G,91.31,3.1319937815779184,0.16556548775748153,0.08685446009389672,981,85,0.08664627930682976,0.017329255861365953,91.33668705402651,86.93,95.76,3.298928397438867,8.829999999999998,53.142857142857146,30.2,14.973071065845415,Paul McQuistan,G,86.93,4.406687054026506,0.1559633027522936,0.13071895424836602,514,94.78205,251.0,44.0,90.0,6.0103793,0.18440087548638132,0.4883268482490272,0.08560311284046693,0.17509727626459143
2013,SF,SF,7,5,2789,142,0.05091430620294012,0.007888131946934385,94.90853352456078,92.0,97.56,1.9500976776512904,5.560000000000002,74.42857142857143,55.5,13.637902366287163,Mike Iupati,G,93.26,1.6485335245607757,0.1330225887414844,0.0673854447439353,1169,99,0.08468776732249786,0.01283147989734816,91.53088109495295,86.15,96.88,3.693714738772954,10.72999999999999,63.82857142857143,37.1,19.976295476198306,Mike Iupati,G,87.42,4.110881094952944,0.1360136869118905,0.12578616352201258,503,74.887566,223.0,39.0,57.0,-1.3885148,0.14888184095427437,0.4433399602385686,0.0775347912524851,0.11332007952286283
2013,SL,LA,7,6,2779,156,0.05613530046779417,0.007196833393306945,94.38640878013675,91.0,98.87,2.487947136170895,7.8700000000000045,73.3142857142857,56.2,11.597762509988522,Chris Williams,G,92.28,2.1064087801367464,0.19107592659229938,0.07721280602636535,1182,99,0.08375634517766498,0.01353637901861252,91.62500846023688,85.71,98.36,3.7879709356756974,12.650000000000006,66.15714285714286,46.5,12.207491844881861,Rodger Saffold,T,89.17,2.4550084602368827,0.10152284263959391,0.10833333333333334,559,-37.611443,241.0,36.0,72.0,-3.8464763,-0.06728344007155636,0.43112701252236135,0.06440071556350627,0.12880143112701253
2013,TB,TB,6,4,2932,177,0.060368349249658934,0.007503410641200546,93.9624556616644,92.08,96.05,1.422032582842835,3.969999999999999,73.66666666666667,63.4,6.830422144104029,Jamon Meredith,G,92.08,1.8824556616644088,0.08185538881309687,0.07916666666666666,1652,132,0.07990314769975787,0.011501210653753027,92.01154963680388,87.9,95.64,2.579336477985503,7.739999999999995,66.93333333333334,52.1,10.395704241015451,Donald Penn,T,90.52,1.4915496368038816,0.2106537530266344,0.09482758620689655,574,-50.695217,225.0,47.0,75.0,-2.2527268,-0.08831919337979094,0.39198606271777003,0.08188153310104529,0.13066202090592335
2013,TEN,TEN,6,5,3002,180,0.05996002664890073,0.006662225183211193,94.00253830779481,93.0,95.33,0.9060831455593181,2.3299999999999983,68.58333333333333,55.7,10.106120257876743,Michael Roos,T,93.0,1.0025383077948078,0.21419053964023985,0.06998444790046657,1587,127,0.0800252047889099,0.008821676118462508,91.9987397605545,90.04,94.21,1.7629908300007262,4.1699999999999875,63.31666666666666,45.4,10.457039096544808,David Stewart,T,90.04,1.9587397605544936,0.17076244486452427,0.0996309963099631,609,65.60215,270.0,37.0,82.0,1.1614475,0.10772110016420361,0.4433497536945813,0.060755336617405585,0.13464696223316913
2013,WAS,WAS,5,5,3549,172,0.04846435615666385,0.005353620738236123,95.15308819385741,93.69,96.91,1.2780766800157168,3.219999999999999,76.84,64.7,8.385582865847786,Chris Chester,G,93.69,1.4630881938574163,0.20090166244012397,0.06311360448807854,1409,107,0.07594038325053229,0.008516678495386799,92.40393896380411,88.73,97.18,3.176150185365927,8.450000000000003,69.35999999999999,51.4,11.812197086063202,Chris Chester,G,88.73,3.6739389638041047,0.20156139105748758,0.11267605633802817,693,-38.87814,290.0,43.0,94.0,-3.8766527,-0.05610121212121212,0.4184704184704185,0.06204906204906205,0.13564213564213565
2014,ARZ,ARI,5,5,3207,166,0.05176177112566261,0.004053632678515747,94.82191768007485,93.43,96.23,1.215030863805523,2.799999999999997,68.96000000000001,60.4,10.981029095672225,Paul Fanaika,G,93.43,1.3919176800748403,0.17555347676956656,0.06571936056838366,1529,114,0.07455853499018966,0.006540222367560497,92.54475474166121,89.18,94.64,2.265341033928443,5.459999999999994,60.17999999999999,44.0,15.666588652288025,Paul Fanaika,G,89.18,3.3647547416612014,0.17527795945062133,0.10820895522388059,613,12.074157,244.0,28.0,96.0,-4.5186462,0.019696830342577486,0.39804241435562804,0.04567699836867863,0.1566068515497553
2014,ATL,ATL,7,6,3316,178,0.05367913148371532,0.006031363088057901,94.63153799758743,91.88,98.77,2.4055342936851347,6.890000000000001,74.14285714285714,61.3,8.919053975031423,Gabe Carimi,T,91.88,2.751537997587434,0.11519903498190591,0.08115183246073299,1537,126,0.08197787898503578,0.01040988939492518,91.80242029928432,86.91,98.7,4.018464525519314,11.790000000000006,67.08571428571429,53.8,12.625955880833809,Jake Matthews,T,86.91,4.892420299284325,0.19388418998048146,0.13087248322147652,683,60.738735,339.0,31.0,91.0,1.5204074,0.08892933382137627,0.49633967789165445,0.04538799414348463,0.13323572474377746
2014,BLT,BAL,6,5,3011,114,0.03786117568913982,0.004317502490866822,96.21506808369313,92.86,98.21,1.8801320875583885,5.349999999999994,73.73333333333333,46.1,14.653145282384484,Eugene Monroe,T,94.63,1.5850680836931303,0.1421454666223846,0.053738317757009345,1222,78,0.06382978723404255,0.007364975450081833,93.61656301145663,87.88,97.02,3.638014110289659,9.14,65.96666666666667,32.9,18.2972857732142,Eugene Monroe,T,90.48,3.13656301145663,0.13747954173486088,0.09523809523809523,577,60.050636,276.0,19.0,55.0,-0.7293849,0.10407389254766031,0.4783362218370884,0.03292894280762565,0.09532062391681109
2014,BUF,BUF,6,5,3248,164,0.050492610837438424,0.007389162561576354,94.94951970443348,91.54,96.5,1.9685697007387504,4.959999999999994,65.36666666666666,34.0,17.98695823830885,Seantrel Henderson,T,93.06,1.8895197044334822,0.2041256157635468,0.0693815987933635,1411,117,0.08291991495393337,0.012756909992912827,91.7074060949681,88.54,94.44,2.3149031657213355,5.8999999999999915,62.68333333333334,50.9,10.857700800200137,Seantrel Henderson,T,89.24,2.467406094968112,0.20411055988660523,0.1076388888888889,631,-24.412066,273.0,39.0,85.0,-1.8330584,-0.038687901743264655,0.4326465927099842,0.061806656101426306,0.1347068145800317
2014,CAR,CAR,8,6,3142,165,0.05251432208784214,0.008274984086569064,94.74602800763846,91.3,97.3,2.100907541992269,6.0,70.67500000000001,57.9,8.065756540550217,Byron Bell,T,91.3,3.4460280076384606,0.19032463399108848,0.08695652173913043,1428,102,0.07142857142857142,0.01050420168067227,92.85738795518206,88.1,96.76,3.235885559957718,8.66000000000001,65.0875,49.5,9.231999860732852,Byron Bell,T,88.1,4.757387955182068,0.18837535014005602,0.11895910780669144,619,29.569723,289.0,42.0,66.0,-1.0831093,0.04777015024232633,0.4668820678513732,0.06785137318255251,0.10662358642972536
2014,CHI,CHI,8,6,3586,171,0.047685443390964866,0.005577244841048522,95.23332682654768,92.46,97.78,1.954971684120844,5.320000000000007,71.325,59.9,7.691878834199094,Jordan Mills,T,92.46,2.773326826547688,0.15895147796988288,0.07543859649122807,1653,124,0.0750151240169389,0.007259528130671506,92.49864488808228,88.51,96.15,2.923451665900623,7.640000000000001,60.5375,46.5,11.630002763787903,Jordan Mills,T,88.51,3.988644888082277,0.15789473684210525,0.11494252873563218,675,-37.187435,305.0,41.0,82.0,-0.055982977,-0.0550924962962963,0.45185185185185184,0.06074074074074074,0.12148148148148148
2014,CIN,CIN,7,5,2846,98,0.03443429374560787,0.004216444132115249,96.55810611384399,91.26,98.42,2.3769969048600545,7.159999999999997,71.88571428571429,49.6,14.236505724302408,Clint Boling,G,95.21,1.348106113843997,0.20520028109627547,0.04794520547945205,1028,70,0.06809338521400778,0.008754863813229572,93.19036964980545,83.08,97.6,4.738292338566109,14.519999999999996,55.728571428571435,21.7,20.548537197386604,Clint Boling,G,89.62,3.5703696498054427,0.20622568093385213,0.10377358490566038,545,-15.026316,246.0,23.0,46.0,0.775271,-0.027571222018348624,0.45137614678899085,0.04220183486238532,0.08440366972477065
2014,CLV,CLE,6,5,2757,105,0.03808487486398259,0.00544069640914037,96.19144722524483,94.01,99.38,2.042897452149762,5.36999999999999,76.95,47.2,15.967560865705194,Mitchell Schwartz,T,94.01,2.181447225244824,0.21182444686253174,0.059931506849315065,1007,69,0.06852035749751738,0.010923535253227408,93.14814299900695,89.69,98.28,3.3338486268375584,8.590000000000003,69.95,27.8,22.417738512169333,Nick McDonald,C,89.69,3.4581429990069523,0.09632571996027806,0.10309278350515463,550,-24.289017,221.0,31.0,75.0,-7.1784234,-0.044161849090909096,0.4018181818181818,0.056363636363636366,0.13636363636363635
2014,DAL,DAL,6,5,2706,106,0.03917220990391722,0.0033259423503325942,96.08276422764227,93.99,98.18,1.6889099048400051,4.190000000000012,80.01666666666667,66.6,9.50440248867159,Doug Free,T,93.99,2.0927642276422773,0.1352549889135255,0.060109289617486336,1366,73,0.053440702781844804,0.005124450951683748,94.65371888726209,90.86,97.47,2.83292075427464,6.609999999999999,75.86666666666666,59.6,11.333078428505939,Doug Free,T,90.86,3.793718887262088,0.13616398243045388,0.0913978494623656,516,135.34984,267.0,30.0,50.0,5.734018,0.2623058914728682,0.5174418604651163,0.05813953488372093,0.09689922480620156
2014,DEN,DEN,7,5,3370,110,0.032640949554896145,0.0035608308605341245,96.73468842729969,95.02,98.79,1.4195539205445276,3.7700000000000102,75.14285714285714,64.9,7.400643472666669,Ryan Clady,T,95.02,1.7146884272996914,0.19080118694362017,0.049766718506998445,1052,55,0.05228136882129278,0.004752851711026616,94.7699524714829,90.57,98.06,2.538381561621689,7.490000000000009,64.15714285714286,38.9,14.07004585906494,Louis Vasquez,G,91.94,2.8299524714828976,0.2005703422053232,0.08056872037914692,627,116.35443,314.0,17.0,43.0,2.9939435,0.18557325358851673,0.5007974481658692,0.02711323763955343,0.0685805422647528
2014,DET,DET,7,6,3346,163,0.04871488344291692,0.007172743574417215,95.12706216377764,92.36,96.73,1.5523315796998196,4.3700000000000045,74.31428571428572,61.6,7.006765438114928,Cornelius Lucas,T,92.36,2.767062163777638,0.0899581589958159,0.07641196013289037,1413,117,0.08280254777070063,0.01132342533616419,91.71868365180467,87.05,95.65,3.13756274837652,8.600000000000009,67.31428571428572,57.4,6.598340339668396,Cornelius Lucas,T,87.05,4.66868365180467,0.0983722576079264,0.12949640287769784,665,39.567688,299.0,45.0,89.0,-4.6079836,0.05950028270676691,0.4496240601503759,0.06766917293233082,0.13383458646616542
2014,GB,GB,5,5,2990,97,0.032441471571906355,0.0046822742474916385,96.75517725752509,95.22,98.38,1.399482047044546,3.1599999999999966,85.38,79.4,5.560305746989097,Bryan Bulaga,T,95.22,1.535177257525092,0.18193979933110369,0.04779411764705882,1238,66,0.05331179321486268,0.008077544426494346,94.66899030694668,91.27,97.33,2.5669008551169252,6.060000000000002,79.17999999999999,72.0,7.027944222886237,Bryan Bulaga,T,91.27,3.3989903069466862,0.18497576736672053,0.08733624454148471,594,176.45943,315.0,30.0,61.0,2.6410758,0.29706974747474746,0.5303030303030303,0.050505050505050504,0.1026936026936027
2014,HST,HOU,5,5,2825,132,0.04672566371681416,0.00247787610619469,95.32769911504425,92.49,96.52,1.6369880879224512,4.030000000000001,73.3,62.5,9.895706139533448,Derek Newton,T,92.49,2.837699115044259,0.20743362831858408,0.07508532423208192,1160,91,0.07844827586206897,0.0034482758620689655,92.15638793103449,86.25,95.4,3.5231761238973007,9.150000000000006,64.64000000000001,47.6,14.39489492841125,Derek Newton,T,86.25,5.906387931034487,0.20689655172413793,0.1375,543,17.754173,249.0,26.0,77.0,-2.2025514,0.03269645119705341,0.4585635359116022,0.04788213627992634,0.141804788213628
2014,IND,IND,8,6,3684,193,0.05238870792616721,0.004614549402823019,94.76026058631923,92.46,97.12,1.4649957337821868,4.660000000000011,70.8375,53.2,12.016172138295241,Gosder Cherilus,T,92.46,2.30026058631924,0.17290988056460369,0.07535321821036106,1842,122,0.06623235613463627,0.006514657980456026,93.37736699239956,91.25,97.71,2.2255268236660593,6.459999999999994,65.85,38.0,15.896720236756835,Lance Louis,G,91.25,2.1273669923995584,0.08686210640608034,0.0875,729,89.56055,349.0,29.0,110.0,1.190054,0.12285397805212621,0.4787379972565158,0.039780521262002745,0.15089163237311384
2014,JAX,JAX,6,5,3141,133,0.04234320280165552,0.008595988538681949,95.76638331741485,93.28,97.54,1.8417057311090728,4.260000000000005,70.31666666666666,59.4,10.87334661760889,Luke Joeckel,T,93.28,2.486383317414848,0.20853231454950652,0.06717557251908397,1160,84,0.07241379310344828,0.014655172413793103,92.75822413793102,87.76,96.09,3.093171511571901,8.329999999999998,59.366666666666674,42.5,13.614355168962893,Luke Joeckel,T,87.76,4.998224137931018,0.21120689655172414,0.12244897959183673,652,-140.56076,243.0,71.0,116.0,-6.7204313,-0.21558398773006132,0.3726993865030675,0.10889570552147239,0.17791411042944785
2014,KC,KC,5,5,2875,146,0.050782608695652175,0.008,94.92312000000001,93.14,98.37,2.1037704247374536,5.230000000000004,69.5,57.7,10.824047302187848,Eric Fisher,T,93.14,1.783120000000011,0.2128695652173913,0.06862745098039216,984,97,0.09857723577235772,0.018292682926829267,90.14264227642275,87.14,97.16,4.089388707374243,10.019999999999996,55.919999999999995,45.1,11.513340088783968,Eric Fisher,T,87.14,3.0026422764227476,0.21341463414634146,0.12857142857142856,580,50.30923,262.0,49.0,78.0,-1.6151385,0.08674005172413793,0.4517241379310345,0.08448275862068966,0.13448275862068965
2014,MIA,MIA,7,6,3287,199,0.06054152722847581,0.009431092181320353,93.94555521752359,90.83,97.29,2.451915674771562,6.460000000000008,64.38571428571429,47.5,13.552174311579252,Dallas Thomas,G,90.83,3.1155552175235925,0.13264374809857013,0.09174311926605505,1473,137,0.09300746775288526,0.015614392396469789,90.69947725729804,85.24,96.74,4.16268228544094,11.5,53.74285714285714,28.7,18.256310063724737,Dallas Thomas,G,85.24,5.4594772572980474,0.1425661914460285,0.14761904761904762,647,20.110851,313.0,46.0,99.0,2.1898203,0.031083231839258114,0.48377125193199383,0.07109737248840804,0.15301391035548687
2014,MIN,MIN,7,6,3109,196,0.06304277902862657,0.011579285944033452,93.69359279511097,91.43,96.75,2.0510032388356376,5.319999999999993,68.57142857142857,62.2,5.058561813306979,Matt Kalil,T,91.43,2.2635927951109664,0.20649726600192989,0.08566978193146417,1579,147,0.09309689677010766,0.017099430018999367,90.69074730842306,86.11,96.15,3.4838429793493733,10.040000000000006,63.02857142857142,55.9,9.298694224766955,Matt Kalil,T,88.0,2.690747308423056,0.2058264724509183,0.12,603,-12.774539,261.0,51.0,94.0,-2.1052725,-0.02118497346600332,0.43283582089552236,0.0845771144278607,0.1558872305140962
2014,NE,NE,8,5,3397,171,0.050338534000588755,0.005298793052693553,94.96620253164556,92.61,97.33,1.7560909307729073,4.719999999999999,59.425,31.1,15.820398225076385,Dan Connolly,G,92.91,2.0562025316455674,0.1495437150426847,0.07086614173228346,1249,89,0.07125700560448359,0.008006405124099279,92.87576461168935,87.5,97.33,3.54061637087588,9.829999999999998,51.612500000000004,12.0,22.537425223709246,Dan Connolly,G,89.25,3.6257646116893483,0.1489191353082466,0.10752688172043011,647,102.127686,306.0,26.0,83.0,1.5075244,0.15784804636785163,0.47295208655332305,0.0401854714064915,0.12828438948995363
2014,NO,NO,7,5,3701,200,0.054039448797622264,0.004323155903809781,94.59826263172116,90.23,97.04,2.196033220322932,6.810000000000002,69.94285714285715,61.1,7.258295746444696,Jahri Evans,G,93.66,0.9382626317211589,0.2002161577951905,0.06342780026990553,1814,151,0.08324145534729879,0.004961411245865491,91.67523153252482,85.19,95.65,3.7165517812694557,10.460000000000008,61.8857142857143,49.1,9.040359242756631,Jahri Evans,G,89.53,2.145231532524818,0.20011025358324144,0.1046831955922865,698,73.47767,351.0,30.0,79.0,3.4443295,0.10526886819484241,0.502865329512894,0.04297994269340974,0.11318051575931232
2014,NYG,NYG,5,5,3213,134,0.041705571117335825,0.004979769685652039,95.82958916900094,94.96,97.06,0.8058225611137998,2.1000000000000085,72.9,69.5,3.642114770294863,Justin Pugh,T,94.96,0.8695891690009461,0.17304699657640835,0.050359712230215826,1229,85,0.0691619202603743,0.009764035801464606,93.08371847030105,90.8,96.17,2.2182042286498342,5.3700000000000045,65.78,58.4,6.258354416298267,Will Beatty,T,90.8,2.2837184703010536,0.21236777868185516,0.09195402298850575,642,42.19708,292.0,30.0,69.0,0.8816722,0.06572753894080997,0.45482866043613707,0.04672897196261682,0.10747663551401869
2014,NYJ,NYJ,6,5,3022,152,0.05029781601588352,0.0029781601588352085,94.96922898742557,91.15,98.76,2.5894529666836332,7.609999999999999,72.35000000000001,44.8,15.931823498896792,Breno Giacomini,T,93.33,1.639228987425568,0.20350761085373925,0.06666666666666667,1486,99,0.06662180349932706,0.0033647375504710633,93.33671601615075,91.03,99.65,3.3700529174876,8.620000000000005,70.88333333333334,54.4,14.00977040021237,Breno Giacomini,T,91.03,2.3067160161507445,0.20255720053835802,0.08970099667774087,591,-50.954372,238.0,47.0,89.0,-3.4448328,-0.08621721150592217,0.4027072758037225,0.07952622673434856,0.1505922165820643
2014,OAK,LV,6,6,3473,156,0.044917938381802476,0.0048949035416066804,95.50780593147137,92.45,97.67,1.786211073753602,5.219999999999999,72.75,58.6,12.715620315187143,Menelik Watson,T,92.45,3.057805931471364,0.09530665131010653,0.0755287009063444,1544,105,0.06800518134715026,0.009067357512953367,93.19769430051812,89.51,97.03,2.7226971921240146,7.519999999999996,67.98333333333333,50.2,16.72500124564021,Menelik Watson,T,89.51,3.6876943005181175,0.09261658031088082,0.1048951048951049,663,-102.74174,263.0,28.0,56.0,-6.1920433,-0.15496491704374057,0.39668174962292607,0.042232277526395176,0.08446455505279035
2014,PHI,PHI,8,7,3391,150,0.04423473901503981,0.0044234739015039815,95.57676201710412,93.54,97.41,1.513750663560075,3.8699999999999903,67.925,47.1,17.681931859548445,Andrew Gardner,T,93.54,2.0367620171041096,0.11412562665880271,0.06459948320413436,1420,94,0.06619718309859154,0.007746478873239437,93.38111971830986,89.47,98.02,3.427292767518659,8.549999999999997,63.6875,29.8,21.354319569719713,Todd Herremans,G,89.47,3.9111197183098625,0.10704225352112676,0.10526315789473684,672,26.837627,306.0,32.0,69.0,-0.9524837,0.03993694494047619,0.45535714285714285,0.047619047619047616,0.10267857142857142
2014,PIT,PIT,6,5,3364,143,0.0425089179548157,0.00624256837098692,95.74998810939358,92.14,97.24,2.013898375456581,5.099999999999994,79.55,63.7,9.529900314274018,Marcus Gilbert,T,93.78,1.969988109393583,0.13852556480380498,0.06223175965665236,1338,100,0.07473841554559044,0.013452914798206279,92.52700298953663,86.19,95.24,4.0925611378043785,9.049999999999997,69.43333333333334,58.5,10.17382261820338,Marcus Gilbert,T,86.19,6.337002989536629,0.1352765321375187,0.13812154696132597,646,144.00871,334.0,33.0,60.0,5.577245,0.2229236996904025,0.5170278637770898,0.05108359133126935,0.09287925696594428
2014,SD,LAC,6,6,3063,180,0.058765915768854066,0.007182500816193275,94.12326803787137,92.72,97.14,1.539917746721126,4.420000000000002,68.08333333333334,58.8,7.519419303820386,D.J. Fluker,T,92.72,1.4032680378713707,0.21514854717597126,0.07283763277693475,1939,160,0.08251676121712223,0.010314595152140279,91.74679731820525,90.21,95.65,1.9412410119989432,5.440000000000012,61.900000000000006,54.7,7.111961754677816,D.J. Fluker,T,90.21,1.5367973182052594,0.21609076843733885,0.09785202863961814,630,70.21729,305.0,37.0,76.0,4.585457,0.11145601587301589,0.48412698412698413,0.05873015873015873,0.12063492063492064
2014,SEA,SEA,6,4,2477,142,0.05732741219216794,0.0044408558740411785,94.2683407347598,91.45,96.97,2.041268396528653,5.519999999999996,68.46666666666665,54.4,11.050007541475557,Justin Britt,T,91.45,2.8183407347598006,0.23132821962050867,0.08551483420593368,822,78,0.0948905109489051,0.009732360097323601,90.50927007299269,84.9,97.33,3.946110321147477,12.429999999999993,55.76666666666667,37.6,15.363029215186266,Justin Britt,T,84.9,5.609270072992686,0.23357664233576642,0.15104166666666666,547,68.20022,238.0,42.0,90.0,4.0083933,0.12468047531992688,0.4351005484460695,0.07678244972577697,0.16453382084095064
2014,SF,SF,8,7,3157,158,0.05004751346214761,0.007918910357934749,94.99440924928729,92.71,97.74,1.6469343815534547,5.030000000000001,67.975,49.9,10.666067691515932,Jonathan Martin,T,92.71,2.284409249287293,0.12163446309787773,0.07291666666666667,1365,106,0.07765567765567766,0.012454212454212455,92.23627106227107,85.05,97.56,3.893844959860187,12.510000000000005,57.574999999999996,38.6,15.117043361715941,Jonathan Martin,T,88.95,3.2862710622710694,0.126007326007326,0.11046511627906977,588,20.103163,255.0,52.0,68.0,-2.352321,0.03418905272108843,0.4336734693877551,0.08843537414965986,0.11564625850340136
2014,SL,LA,6,6,2992,174,0.05815508021390375,0.008355614973262033,94.1847192513369,91.56,96.98,1.9595917942265426,5.420000000000002,67.7,55.7,11.377873263488217,Joe Barksdale,T,91.56,2.6247192513368987,0.2018716577540107,0.08443708609271523,1568,130,0.08290816326530612,0.011479591836734694,91.70945790816326,87.5,95.16,2.5485839205331255,7.659999999999997,62.333333333333336,42.3,15.736920495022737,Joe Barksdale,T,87.5,4.209457908163259,0.20408163265306123,0.125,569,-53.995453,265.0,47.0,88.0,-1.4974405,-0.09489534797891036,0.46572934973637964,0.08260105448154657,0.1546572934973638
2014,TB,TB,6,5,3081,164,0.05322947095098994,0.006815968841285297,94.67783187276859,86.82,96.76,3.6866827908025974,9.940000000000012,67.76666666666667,46.1,12.471353842573256,Anthony Collins,T,92.91,1.7678318727685962,0.13274910743265173,0.07090464547677261,1673,124,0.07411835026897788,0.008965929468021518,92.58898983861327,81.36,95.52,5.2059683697335934,14.159999999999997,62.883333333333326,43.9,12.248169931327155,Anthony Collins,T,90.43,2.158989838613266,0.13747758517632994,0.09565217391304348,603,-40.863895,252.0,52.0,124.0,-1.6034062,-0.06776765339966832,0.417910447761194,0.08623548922056384,0.20563847429519072
2014,TEN,TEN,7,4,2707,139,0.05134835611377909,0.008127077946065755,94.86551902475065,91.41,96.28,1.601383330570347,4.8700000000000045,72.92857142857142,64.7,7.3576976212477145,Michael Oher,T,91.41,3.4555190247506573,0.15478389360916142,0.08591885441527446,1500,103,0.06866666666666667,0.012666666666666666,93.13354666666667,88.24,97.22,2.6930510224508954,8.980000000000004,68.38571428571429,49.2,10.970631791504166,Michael Oher,T,88.24,4.89354666666668,0.15866666666666668,0.11764705882352941,591,-58.016834,243.0,50.0,93.0,-2.7986264,-0.0981672318104907,0.41116751269035534,0.08460236886632826,0.15736040609137056
2014,WAS,WAS,6,6,3206,147,0.04585152838427948,0.008109794135995009,95.41262008733624,90.98,97.61,2.4321896855851217,6.6299999999999955,73.88333333333333,60.4,10.848302478575471,Tom Compton,T,90.98,4.4326200873362325,0.12445414847161572,0.09022556390977443,1351,108,0.07994078460399703,0.012583271650629163,92.00527757216877,83.53,95.42,4.717065471950401,11.89,65.30000000000001,42.5,15.38167741177795,Tom Compton,T,83.53,8.475277572168764,0.12583271650629163,0.16470588235294117,629,-42.802116,267.0,58.0,108.0,0.9390965,-0.06804787917329093,0.424483306836248,0.09220985691573927,0.17170111287758347
2015,ARZ,ARI,6,6,3066,197,0.06425309849967384,0.006196999347684279,93.57413242009132,91.03,95.57,1.7139943601618586,4.539999999999992,62.866666666666674,43.7,12.031403354001004,Bobby Massie,T,91.03,2.544132420091316,0.18917155903457272,0.0896551724137931,1255,121,0.09641434262948208,0.011155378486055778,90.35886055776892,85.19,94.5,3.2817764498311996,9.310000000000002,57.96666666666666,37.2,12.58279248285795,Bobby Massie,T,85.19,5.168860557768923,0.19362549800796813,0.14814814814814814,590,133.71112,299.0,27.0,102.0,4.3470654,0.22662901694915252,0.5067796610169492,0.04576271186440678,0.17288135593220338
2015,ATL,ATL,5,5,3435,162,0.04716157205240175,0.003202328966521106,95.28333333333333,93.97,96.62,1.2049149347568089,2.6500000000000057,75.3,68.4,6.25419858974753,Andy Levitre,G,93.97,1.3133333333333326,0.20756914119359535,0.06030855539971949,1479,111,0.07505070993914807,0.006085192697768763,92.49531440162272,89.22,95.35,2.194613861252132,6.1299999999999955,69.56,58.0,7.718030836942802,Andy Levitre,G,89.22,3.2753144016227225,0.20689655172413793,0.10784313725490197,668,66.06831,332.0,32.0,89.0,-0.04672036,0.09890465568862275,0.49700598802395207,0.04790419161676647,0.13323353293413173
2015,BLT,BAL,8,6,3746,194,0.05178857447944474,0.0037373198077949813,94.8211078483716,88.83,97.71,2.876952752976166,8.879999999999995,69.875,48.5,14.409495876975415,James Hurst,T,88.83,5.991107848371598,0.09556860651361453,0.11173184357541899,1618,133,0.08220024721878863,0.007416563658838072,91.78029666254636,82.24,96.9,4.693779888624643,14.66000000000001,58.7,37.6,18.237402697282775,James Hurst,T,82.24,9.540296662546368,0.09394313967861558,0.17763157894736842,706,-24.913467,313.0,24.0,80.0,-0.67111677,-0.03528819688385269,0.443342776203966,0.0339943342776204,0.11331444759206799
2015,BUF,BUF,7,6,2934,141,0.04805725971370143,0.00408997955010225,95.19348670756646,90.78,97.36,2.2357581008942558,6.579999999999998,65.99999999999999,35.9,18.657616853892854,John Miller,G,90.78,4.413486707566463,0.12201772324471712,0.09217877094972067,1512,102,0.06746031746031746,0.005952380952380952,93.25458333333333,89.07,95.56,2.3478906440016525,6.490000000000009,60.028571428571425,33.2,17.810082751605833,John Miller,G,89.07,4.184583333333336,0.12103174603174603,0.1092896174863388,559,51.177807,245.0,42.0,73.0,2.6147096,0.09155242754919499,0.43828264758497315,0.07513416815742398,0.13059033989266547
2015,CAR,CAR,5,5,2773,134,0.04832311575910566,0.00576992426974396,95.16659574468085,92.28,97.12,1.9196093352554844,4.840000000000003,77.28,67.6,6.772517995546413,Mike Remmers,T,92.28,2.8865957446808466,0.2149296790479625,0.07718120805369127,1333,88,0.06601650412603151,0.00900225056264066,93.39866466616654,89.79,96.56,2.6579183584150954,6.769999999999996,71.6,59.3,8.053881052014614,Mike Remmers,T,89.79,3.6086646661665327,0.21305326331582897,0.10211267605633803,559,87.79013,269.0,33.0,59.0,0.28499785,0.15704853309481218,0.481216457960644,0.059033989266547404,0.10554561717352415
2015,CHI,CHI,6,6,2827,151,0.05341351255748143,0.006013441811107181,94.6580403254333,91.78,98.02,2.1690704614342664,6.239999999999995,64.5,53.0,11.05187766852312,Charles Leno Jr.,T,91.78,2.878040325433304,0.18075698620445702,0.0821917808219178,1376,102,0.07412790697674419,0.00944767441860465,92.5860101744186,87.15,96.95,3.7451995941471523,9.799999999999997,61.449999999999996,38.0,15.02474625409694,Charles Leno Jr.,T,87.15,5.436010174418598,0.18095930232558138,0.1285140562248996,576,16.950722,258.0,34.0,75.0,1.5404708,0.029428336805555552,0.4479166666666667,0.059027777777777776,0.13020833333333334
2015,CIN,CIN,5,5,2945,133,0.04516129032258064,0.004753820033955857,95.48374533106961,93.8,97.36,1.5411781207894184,3.5600000000000023,74.42,60.1,11.424622532057677,Andre Smith,T,93.8,1.6837453310696162,0.17521222410865875,0.06201550387596899,1144,99,0.08653846153846154,0.009615384615384616,91.3485402097902,87.94,95.78,3.085247153794977,7.840000000000003,62.3,45.5,17.87330411535595,Andre Smith,T,87.94,3.4085402097902033,0.17395104895104896,0.12060301507537688,572,124.368744,288.0,32.0,57.0,4.634053,0.21742787412587414,0.5034965034965035,0.055944055944055944,0.09965034965034965
2015,CLV,CLE,7,6,3781,210,0.05554086220576567,0.004760645331922771,94.44526051309177,89.47,96.83,2.450503349654243,7.359999999999999,70.45714285714286,42.9,16.13080460308342,Cameron Erving,G,89.47,4.975260513091769,0.08040201005025126,0.10526315789473684,1941,157,0.08088614116434828,0.0077279752704791345,91.91402369912413,83.33,94.85,4.2085581740973845,11.519999999999996,62.48571428571428,21.6,22.20205910656551,Joel Bitonio,G,90.71,1.2040236991241358,0.1164348274085523,0.09292035398230089,706,-37.55294,295.0,53.0,121.0,-0.73435104,-0.05319113314447592,0.4178470254957507,0.07507082152974505,0.17138810198300283
2015,DAL,DAL,5,5,2907,101,0.0347437220502236,0.002407980736154111,96.52378052975577,94.53,98.39,1.7651402210589382,3.8599999999999994,81.58,67.5,11.067836283574128,Doug Free,T,94.53,1.9937805297557674,0.21396628826969386,0.05466237942122187,1509,75,0.04970178926441352,0.003976143141153081,95.0304307488403,91.93,97.52,2.4707225663760752,5.589999999999989,76.84,60.7,12.369033915387249,Doug Free,T,91.93,3.100430748840296,0.21338634857521538,0.08074534161490683,578,-59.359367,264.0,33.0,66.0,-0.76632583,-0.10269786678200692,0.45674740484429066,0.05709342560553633,0.11418685121107267
2015,DEN,DEN,6,6,3238,186,0.05744286596664608,0.00586781964175417,94.25654416306361,89.48,96.41,2.6141053281508486,6.929999999999993,65.55,52.7,10.12378387758253,Michael Schofield III,T,89.48,4.776544163063605,0.16738727609635579,0.10516605166051661,1463,116,0.07928913192071087,0.010252904989747095,92.07133971291866,86.64,94.89,3.2201283618307306,8.25,57.849999999999994,41.5,13.341776493405968,Michael Schofield III,T,86.64,5.431339712918657,0.16883116883116883,0.13360323886639677,656,-38.525898,280.0,39.0,97.0,-1.8258089,-0.05872850304878049,0.4268292682926829,0.05945121951219512,0.14786585365853658
2015,DET,DET,7,5,3445,173,0.050217706821480405,0.0052249637155297535,94.97902177068214,92.34,97.72,1.7859891217073918,5.3799999999999955,71.98571428571428,56.7,9.202975709234588,Riley Reiff,T,93.05,1.9290217706821409,0.2130624092888244,0.06948228882833787,1385,103,0.07436823104693141,0.007220216606498195,92.5621155234657,86.81,96.08,3.7849124038426436,9.269999999999996,68.25714285714285,47.5,13.287444843768515,Riley Reiff,T,87.92,4.642115523465705,0.21516245487364621,0.12080536912751678,703,18.006466,338.0,44.0,101.0,-0.1959041,0.025613749644381224,0.48079658605974396,0.06258890469416785,0.14366998577524892
2015,GB,GB,7,5,3571,170,0.047605712685522265,0.00784094091290955,95.23775413049566,84.64,98.62,4.754104993131125,13.980000000000004,77.55714285714285,46.7,15.076345395227268,Bryan Bulaga,T,93.35,1.887754130495665,0.14729767572108654,0.06653992395437262,1724,128,0.07424593967517401,0.014501160092807424,92.57564385150813,75.97,98.02,7.393065283474392,22.049999999999997,68.64285714285714,29.9,18.16286111298338,Bryan Bulaga,T,89.8,2.7756438515081356,0.14791183294663574,0.10196078431372549,665,12.338125,284.0,47.0,102.0,-1.0602995,0.01855357142857143,0.4270676691729323,0.07067669172932331,0.15338345864661654
2015,HST,HOU,7,5,3368,169,0.05017814726840855,0.008016627078384799,94.98092636579574,92.46,96.3,1.321179127035501,3.8400000000000034,69.62857142857143,48.9,12.048473525128164,Xavier Su'a-Filo,G,92.46,2.520926365795745,0.10243467933491686,0.07536231884057971,1384,113,0.08164739884393063,0.010115606936416185,91.83546242774567,86.6,95.55,3.1153995386971287,8.950000000000003,60.65714285714285,39.5,14.617096969286472,Xavier Su'a-Filo,G,88.06,3.7754624277456657,0.0968208092485549,0.11940298507462686,667,5.1599717,299.0,36.0,83.0,-4.2468276,0.007736089505247376,0.4482758620689655,0.053973013493253376,0.12443778110944528
2015,IND,IND,8,6,3564,210,0.058922558922558925,0.005331088664421998,94.10549102132434,91.11,95.28,1.2642042951991581,4.170000000000002,69.0375,60.4,8.46824952395712,Khaled Holmes,C,93.29,0.815491021324334,0.0920314253647587,0.06707317073170732,1592,146,0.09170854271356783,0.011306532663316583,90.82797110552764,82.67,95.02,3.7569019816865064,12.349999999999994,62.025,46.5,11.226340199981218,Khaled Holmes,C,87.88,2.9479711055276425,0.0829145728643216,0.12121212121212122,690,-19.15005,299.0,37.0,115.0,-4.1965017,-0.027753695652173914,0.43333333333333335,0.0536231884057971,0.16666666666666666
2015,JAX,JAX,6,5,3498,198,0.05660377358490566,0.00686106346483705,94.33974271012006,91.51,98.21,2.5317931721739537,6.699999999999989,66.88333333333334,51.6,10.742516775256473,Luke Joeckel,T,91.51,2.8297427101200583,0.1783876500857633,0.08493589743589744,1523,135,0.08864084044648719,0.01247537754432042,91.1352396585686,84.96,96.53,4.266921216365109,11.570000000000007,59.11666666666667,43.6,9.901397207801867,Luke Joeckel,T,84.96,6.1752396585686,0.17465528562048588,0.15037593984962405,687,14.791154,306.0,51.0,86.0,-3.010706,0.021530064046579332,0.44541484716157204,0.07423580786026202,0.12518195050946143
2015,KC,KC,8,8,3070,182,0.05928338762214984,0.008143322475570033,94.0711628664495,90.99,96.65,1.8999097722937144,5.660000000000011,63.7,45.6,9.42792205555998,Donald Stephenson,T,90.99,3.081162866449503,0.11563517915309446,0.09014084507042254,1130,118,0.10442477876106195,0.01327433628318584,89.55771681415929,82.31,96.17,4.8704090103985545,13.86,50.575,28.9,13.480859446955577,Donald Stephenson,T,82.31,7.24771681415929,0.11504424778761062,0.17692307692307693,577,35.689125,263.0,46.0,77.0,-0.08398513,0.061852902946273824,0.4558058925476603,0.07972270363951472,0.13344887348353554
2015,MIA,MIA,7,6,3346,207,0.06186491332934847,0.009563658099222952,93.81329348475793,90.91,97.06,2.570644721799241,6.150000000000006,64.11428571428571,34.3,16.35445184768035,Jamil Douglas,G,90.91,2.9032934847579384,0.11177525403466826,0.09090909090909091,1442,141,0.09778085991678225,0.015256588072122053,90.22072122052704,85.86,95.48,3.6903226081713987,9.620000000000005,56.81428571428571,28.8,16.95773457466421,Dallas Thomas,G,85.86,4.36072122052704,0.20110957004160887,0.1413793103448276,639,0.440722,269.0,45.0,106.0,0.9999737,0.0006897057902973396,0.4209702660406886,0.07042253521126761,0.16588419405320814
2015,MIN,MIN,5,5,2786,192,0.06891600861450108,0.007896625987078248,93.10727925340991,90.31,96.95,2.8408766252690394,6.640000000000001,66.46000000000001,46.5,12.916191389105382,Brandon Fusco,G,90.31,2.7972792534099113,0.19992821249102657,0.09694793536804308,1213,125,0.10305028854080792,0.01236603462489695,89.6962077493817,85.19,95.47,3.9718345887007938,10.280000000000001,59.3,42.2,11.595904449416611,Brandon Fusco,G,85.19,4.506207749381701,0.20032976092333057,0.14814814814814814,527,7.620614,216.0,45.0,91.0,2.752237,0.014460368121442125,0.4098671726755218,0.08538899430740038,0.17267552182163187
2015,NE,NE,9,9,3719,244,0.06560903468674374,0.007528905619790266,93.43780048400107,86.28,96.33,3.000183790666462,10.049999999999997,58.32222222222222,37.7,13.43835720780053,LaAdrian Waddle,T,86.28,7.157800484001072,0.07448238773863942,0.1371841155234657,1230,148,0.12032520325203253,0.013008130081300813,87.9671463414634,79.13,94.2,5.13072796437742,15.070000000000007,44.022222222222226,6.2,18.907060703463255,LaAdrian Waddle,T,79.13,8.83714634146341,0.09349593495934959,0.20869565217391303,672,119.95423,312.0,38.0,95.0,-0.3300516,0.17850331845238093,0.4642857142857143,0.05654761904761905,0.14136904761904762
2015,NO,NO,7,5,3729,148,0.039688924644676854,0.0053633681952266025,96.03151783319926,92.39,98.0,2.0473467150017783,5.609999999999999,71.94285714285715,56.0,13.438236137089959,Zach Strief,T,94.91,1.1215178331992632,0.1895950657012604,0.05091937765205092,1576,97,0.061548223350253804,0.008883248730964468,93.84516497461928,89.84,97.48,2.46988143150927,7.640000000000001,64.2,43.5,13.435028842544401,Andrus Peat,T,89.84,4.005164974619277,0.08121827411167512,0.1015625,702,103.54043,330.0,32.0,79.0,2.794834,0.14749349002849002,0.4700854700854701,0.045584045584045586,0.11253561253561253
2015,NYG,NYG,6,6,3264,190,0.05821078431372549,0.005208333333333333,94.17891544117649,88.8,98.09,3.517626567256207,9.290000000000006,70.7,50.5,13.84601025566571,Ereck Flowers,T,88.8,5.378915441176488,0.18872549019607843,0.11201298701298701,1476,145,0.09823848238482384,0.009485094850948509,90.17729674796746,81.21,97.21,6.083013781561463,16.0,60.38333333333333,30.8,19.37961987931308,Ereck Flowers,T,81.21,8.967296747967467,0.1910569105691057,0.1879432624113475,657,55.97278,303.0,27.0,71.0,-0.97998655,0.0851944901065449,0.4611872146118721,0.0410958904109589,0.1080669710806697
2015,NYJ,NYJ,6,5,3314,198,0.05974652987326494,0.0033192516596258297,94.02530175015087,91.41,96.64,2.0495438516899323,5.230000000000004,69.2,63.8,4.053146925538232,D'Brickashaw Ferguson,T,91.41,2.615301750150877,0.20730235365117683,0.0858806404657933,1260,114,0.09047619047619047,0.004761904761904762,90.95300000000002,86.74,95.59,3.087898962077616,8.850000000000009,61.46666666666667,56.6,4.372947137419647,D'Brickashaw Ferguson,T,86.74,4.213000000000022,0.20952380952380953,0.13257575757575757,659,77.882065,300.0,22.0,70.0,-1.2593765,0.11818219271623671,0.4552352048558422,0.03338391502276176,0.1062215477996965
2015,OAK,LV,6,5,3257,129,0.03960700030703101,0.0052195271722443965,96.03951489100398,94.19,98.44,1.5816910781396811,4.25,80.06666666666668,66.2,8.487559523600801,J'Marcus Webb,G,94.19,1.8495148910039774,0.21123733497083205,0.05813953488372093,1371,88,0.06418672501823487,0.009482129832239242,93.58161925601752,91.13,97.75,2.925887329797009,6.6200000000000045,74.60000000000001,58.6,8.353921234965052,Donald Penn,T,91.13,2.4516192560175227,0.20568927789934355,0.08865248226950355,657,-6.3392944,284.0,33.0,63.0,-2.5948036,-0.009648849923896499,0.4322678843226788,0.0502283105022831,0.0958904109589041
2015,PHI,PHI,6,5,3456,186,0.05381944444444445,0.0078125,94.6163917824074,89.2,97.62,3.075219775343978,8.420000000000002,66.05,46.1,12.527529684658504,Matt Tobin,G,91.62,2.9963917824074002,0.17274305555555555,0.08375209380234507,1672,136,0.08133971291866028,0.011363636363636364,91.86738636363637,86.07,96.84,4.2992871502145595,10.77000000000001,56.90000000000001,21.1,19.80959363540807,Matt Tobin,G,86.07,5.797386363636377,0.1674641148325359,0.1392857142857143,671,-13.57765,294.0,37.0,96.0,-0.7821611,-0.0202349478390462,0.43815201192250375,0.05514157973174367,0.14307004470938897
2015,PIT,PIT,6,5,3464,177,0.05109699769053118,0.006928406466512702,94.88993071593535,92.23,96.79,1.7280094521346412,4.560000000000002,76.23333333333333,61.3,8.923601664499971,Alejandro Villanueva,T,92.23,2.659930715935346,0.14491916859122403,0.07768924302788845,1473,124,0.08418194161575017,0.010862186014935505,91.58077393075357,87.5,98.11,3.619710854013987,10.61,68.75000000000001,49.8,11.504042767653464,Alejandro Villanueva,T,87.5,4.0807739307535655,0.1629327902240326,0.125,647,64.54612,312.0,33.0,58.0,4.9534116,0.09976216383307573,0.482225656877898,0.05100463678516229,0.08964451313755796
2015,SD,LAC,7,6,3619,260,0.07184305056645482,0.008289582757667864,92.81800221055539,90.21,94.4,1.3897207667455431,4.190000000000012,60.92857142857142,46.9,11.835499466395476,Orlando Franklin,G,90.21,2.608002210555398,0.10721193699917105,0.0979381443298969,1799,190,0.1056142301278488,0.013340744858254585,89.43770983879934,84.54,92.0,2.54235923429213,7.459999999999994,51.91428571428572,29.6,15.85101769303037,Orlando Franklin,G,84.54,4.897709838799329,0.10783768760422457,0.15463917525773196,718,56.814426,344.0,40.0,106.0,2.9861972,0.07912872701949861,0.479108635097493,0.055710306406685235,0.14763231197771587
2015,SEA,SEA,6,6,2903,179,0.061660351360661385,0.006544953496383052,93.83235273854633,90.44,96.3,2.124725080255483,5.859999999999999,65.33333333333333,52.9,9.184261901027577,Garry Gilliam,T,90.44,3.392352738546336,0.20909404064760592,0.09555189456342669,1103,118,0.10698096101541252,0.014505893019038985,89.30261106074343,83.77,95.2,3.8796529054371205,11.430000000000007,54.45000000000001,39.5,14.207990709456423,Garry Gilliam,T,83.77,5.5326110607434345,0.20670897552130554,0.16228070175438597,592,143.2399,303.0,46.0,111.0,7.792352,0.24195929054054055,0.5118243243243243,0.0777027027027027,0.1875
2015,SF,SF,7,5,3127,182,0.0582027502398465,0.009593859929645027,94.18021426287177,90.0,96.44,2.221256615607695,6.439999999999998,67.82857142857142,45.3,13.206780365367164,Erik Pears,T,92.17,2.01021426287177,0.2081867604732971,0.07834101382488479,1269,135,0.10638297872340426,0.018912529550827423,89.36152876280536,82.29,94.21,4.010616862659359,11.919999999999987,53.18571428571429,32.0,15.881900450033113,Erik Pears,T,87.17,2.191528762805362,0.20882584712371946,0.12830188679245283,628,-42.93556,250.0,53.0,93.0,-3.3693507,-0.06836872611464968,0.3980891719745223,0.08439490445859872,0.1480891719745223
2015,SL,LA,6,6,2364,134,0.05668358714043993,0.0038071065989847717,94.33351945854483,92.06,96.77,1.6597831183621539,4.709999999999994,68.83333333333334,56.6,6.610496703475969,Greg Robinson,T,92.06,2.2735194585448255,0.22377326565143824,0.07939508506616257,944,86,0.09110169491525423,0.006355932203389831,90.89075211864407,86.26,96.17,3.3872314161666988,9.909999999999997,60.949999999999996,49.9,7.755449696826098,Greg Robinson,T,86.26,4.630752118644068,0.22351694915254236,0.13744075829383887,497,-96.72452,187.0,18.0,94.0,-6.1669517,-0.19461674044265592,0.3762575452716298,0.03621730382293763,0.1891348088531187
2015,TB,TB,6,5,3095,171,0.05525040387722133,0.0038772213247172858,94.4749563812601,91.54,96.61,2.0318800817633567,5.069999999999993,68.14999999999999,61.4,6.371106654263447,Donovan Smith,T,91.54,2.9349563812600934,0.210016155088853,0.08461538461538462,1446,116,0.08022130013831259,0.003457814661134163,91.97683955739973,86.18,95.31,3.359444894621726,9.129999999999995,61.06666666666667,48.3,8.536666015879188,Donovan Smith,T,86.18,5.796839557399721,0.21023513139695713,0.13815789473684212,597,53.379265,279.0,27.0,109.0,-0.020704089,0.08941250418760469,0.46733668341708545,0.04522613065326633,0.18257956448911222
2015,TEN,TEN,9,5,3335,200,0.05997001499250375,0.011094452773613194,94.00309145427286,88.89,97.78,2.56746524373316,8.89,61.55555555555556,37.4,16.263464507225322,Joe Looney,C,92.47,1.5330914542728635,0.08365817091454272,0.07526881720430108,1440,134,0.09305555555555556,0.018055555555555554,90.69533333333332,82.08,97.44,4.285530888933132,15.36,52.36666666666667,27.4,18.015271299650195,Jamon Meredith,T,87.4,3.2953333333333177,0.08819444444444445,0.12598425196850394,620,-50.91533,275.0,54.0,101.0,0.09903932,-0.0821215,0.4435483870967742,0.08709677419354839,0.1629032258064516
2015,WAS,WAS,6,5,2938,147,0.05003403675970047,0.0040844111640571815,94.9970013614704,92.92,96.53,1.290266122420746,3.6099999999999994,67.48333333333333,37.6,16.868600020946218,Spencer Long,G,94.06,0.9370013614703936,0.1718856364874064,0.0594059405940594,1315,103,0.07832699619771863,0.00532319391634981,92.16714828897338,89.52,93.7,1.6762338738970795,4.180000000000007,61.36666666666667,36.3,15.894233755254344,Spencer Long,G,89.52,2.6471482889733835,0.1741444866920152,0.10480349344978165,589,100.13204,287.0,27.0,78.0,5.5074315,0.17000346349745332,0.4872665534804754,0.04584040747028863,0.13242784380305603
2016,ARZ,ARI,6,6,3318,199,0.05997588908981314,0.007534659433393611,94.00167269439419,90.76,97.06,2.313205568037567,6.299999999999997,62.18333333333334,38.2,14.836228181942559,Earl Watford,G,90.76,3.2416726943941825,0.15009041591320071,0.09236947791164658,1423,127,0.08924806746310611,0.014054813773717497,91.07531271960646,86.27,95.91,3.734300469967569,9.64,52.800000000000004,25.2,19.888589693590646,Earl Watford,G,86.27,4.805312719606462,0.1433591004919185,0.13725490196078433,692,9.804531,318.0,41.0,125.0,-0.82895565,0.014168397398843931,0.4595375722543353,0.059248554913294796,0.18063583815028902
2016,ATL,ATL,5,5,3096,138,0.044573643410852716,0.008074935400516795,95.54154715762274,92.83,97.28,1.7593095236484126,4.450000000000003,75.6,58.6,9.700515450222222,Chris Chester,G,92.83,2.7115471576227463,0.20284237726098192,0.07165605095541401,1127,85,0.07542147293700088,0.015971606033717833,92.4598314108252,86.9,96.48,3.734960508492693,9.579999999999998,68.46000000000001,45.0,13.530631914289888,Chris Chester,G,86.9,5.559831410825197,0.20319432120674358,0.13100436681222707,594,177.79285,319.0,37.0,106.0,6.7250056,0.29931456228956227,0.5370370370370371,0.06228956228956229,0.17845117845117844
2016,BLT,BAL,9,6,3842,180,0.04685059864653826,0.0039042165538781884,95.31511192087456,91.99,99.02,2.002773077510281,7.030000000000001,74.67777777777776,62.7,9.738426179031418,Alex Lewis,G,91.99,3.325111920874562,0.09422175950026028,0.08011049723756906,1747,134,0.0767029192902118,0.006868918145392101,92.33104751001717,86.54,98.89,3.781986911664289,12.349999999999994,65.27777777777777,46.6,13.931867945270096,Alex Lewis,G,86.98,5.3510475100171675,0.09673726388093876,0.1301775147928994,718,-31.427172,310.0,33.0,76.0,-0.35524327,-0.04377043454038997,0.43175487465181056,0.04596100278551532,0.10584958217270195
2016,BUF,BUF,7,6,3061,172,0.05619078732440379,0.00555374060764456,94.38271153217902,90.44,97.25,2.2009370298860915,6.810000000000002,74.5,61.5,9.82089608946149,Jordan Mills,T,90.44,3.9427115321790183,0.1947076118915387,0.09563758389261745,1519,117,0.07702435813034891,0.007899934167215274,92.2959776168532,87.41,96.21,3.097492841761204,8.799999999999997,68.21428571428572,56.2,10.317368619861133,Jordan Mills,T,87.41,4.8859776168531965,0.1935483870967742,0.12585034013605442,571,43.802437,255.0,46.0,83.0,0.8622892,0.07671179859894921,0.44658493870402804,0.08056042031523643,0.14535901926444833
2016,CAR,CAR,6,5,2871,161,0.056078021595262977,0.00557297109021247,94.39287704632532,92.27,98.06,2.2413359111625093,5.790000000000006,70.86666666666666,63.8,6.3022747216117665,Daryl Williams,T,92.27,2.1228770463253284,0.13514454893765238,0.07731958762886598,1523,130,0.08535784635587657,0.010505581089954037,91.46281024294156,87.86,97.44,3.735828779088604,9.579999999999998,63.666666666666664,52.5,11.95803774315279,Mike Remmers,T,87.86,3.6028102429415583,0.22718319107025609,0.12138728323699421,613,-37.66394,262.0,36.0,93.0,-4.557923,-0.06144199021207177,0.4274061990212072,0.05872756933115824,0.15171288743882544
2016,CHI,CHI,7,6,3093,124,0.04009052699644358,0.0045263498221791145,95.98998706757195,93.5,98.72,1.8314267142104819,5.219999999999999,78.17142857142858,69.5,8.798620021668984,Bobby Massie,T,93.5,2.4899870675719455,0.18396378920142256,0.06502636203866433,1480,91,0.06148648648648649,0.007432432432432433,93.8523918918919,89.77,99.07,3.2422148514336833,9.299999999999997,73.7857142857143,64.1,9.881536414179827,Bobby Massie,T,89.77,4.082391891891902,0.1783783783783784,0.10227272727272728,590,-1.6522028,279.0,28.0,70.0,0.11816584,-0.0028003437288135593,0.4728813559322034,0.04745762711864407,0.11864406779661017
2016,CIN,CIN,6,5,3102,135,0.043520309477756286,0.008059316569954868,95.64693745970341,89.86,97.65,2.8115244974924205,7.790000000000006,72.91666666666667,53.0,15.701645349028448,Cedric Ogbuehi,T,89.86,5.78693745970341,0.13668600902643455,0.10141509433962265,1224,100,0.08169934640522876,0.01715686274509804,91.82997549019608,81.21,95.35,5.199296106205148,14.14,63.699999999999996,38.3,18.939904962802746,Cedric Ogbuehi,T,81.21,10.619975490196083,0.13480392156862744,0.18787878787878787,624,59.353775,302.0,41.0,70.0,2.8122227,0.09511822916666667,0.483974358974359,0.06570512820512821,0.11217948717948718
2016,CLV,CLE,7,5,3281,187,0.05699481865284974,0.009143553794574825,94.30142029868944,93.12,96.19,1.1666476188921249,3.069999999999993,74.62857142857142,56.1,11.255326781234785,Spencer Drango,G,93.12,1.1814202986894315,0.12404754647973179,0.0687960687960688,1655,135,0.08157099697885196,0.013293051359516616,91.8447009063444,89.08,94.12,2.238993183596251,5.040000000000006,68.14285714285714,52.3,12.484504681518493,Austin Pasztor,T,89.08,2.7647009063444017,0.21027190332326284,0.10919540229885058,660,-29.603006,253.0,66.0,132.0,-1.3729231,-0.04485303939393939,0.38333333333333336,0.1,0.2
2016,DAL,DAL,5,5,2600,111,0.04269230769230769,0.004615384615384616,95.72954615384616,92.12,98.42,2.3895773684900843,6.299999999999997,80.24000000000001,66.9,8.665910223398345,Doug Free,T,92.12,3.6095461538461535,0.21961538461538463,0.07880910683012259,1301,88,0.06764027671022291,0.008455034588777863,93.23490392006148,86.57,98.23,4.2583013045109945,11.66000000000001,74.58,54.4,13.325051594646832,Doug Free,T,86.57,6.664903920061491,0.2175249807840123,0.13427561837455831,539,118.40929,279.0,28.0,66.0,3.8618069,0.21968328385899813,0.5176252319109462,0.05194805194805195,0.12244897959183673
2016,DEN,DEN,5,5,3133,184,0.05872965209064794,0.005426109160548994,94.12499521225662,89.36,97.47,3.3871920524233636,8.11,67.56,40.4,15.960043859588858,Donald Stephenson,T,89.36,4.764995212256622,0.15001595914458984,0.10638297872340426,1516,132,0.0870712401055409,0.008575197889182058,91.29319920844327,84.3,96.94,5.260511381985597,12.64,56.839999999999996,27.8,19.042400058816117,Donald Stephenson,T,84.3,6.993199208443272,0.1470976253298153,0.15695067264573992,630,-13.218134,275.0,40.0,98.0,-0.53729093,-0.020981165079365077,0.4365079365079365,0.06349206349206349,0.15555555555555556
2016,DET,DET,6,6,3401,173,0.05086739194354602,0.005880623346074684,94.91468685680684,92.72,97.67,1.7724079665810586,4.950000000000003,72.53333333333333,62.0,7.647396070994797,Riley Reiff,T,92.72,2.1946868568068396,0.17759482505145546,0.0728476821192053,1544,128,0.08290155440414508,0.009715025906735751,91.71014248704664,88.45,96.61,2.794900713800044,8.159999999999997,61.916666666666664,45.5,11.088267072300642,Riley Reiff,T,88.45,3.260142487046636,0.1794041450777202,0.11552346570397112,655,94.84836,321.0,37.0,77.0,0.11854581,0.14480665648854962,0.4900763358778626,0.05648854961832061,0.11755725190839694
2016,GB,GB,6,6,3463,113,0.03263066705168929,0.0031764366156511693,96.73521801905862,95.32,98.12,1.2395281360259658,2.8000000000000114,85.16666666666667,76.4,6.573177821013717,Bryan Bulaga,T,95.32,1.4152180190586279,0.20964481663297718,0.046831955922865015,1504,83,0.05518617021276596,0.005319148936170213,94.48202127659575,91.9,97.38,2.1266185992477955,5.47999999999999,79.86666666666666,68.5,7.312090444371339,Lane Taylor,G,91.9,2.5820212765957393,0.21343085106382978,0.08099688473520249,698,149.24638,341.0,35.0,74.0,2.830774,0.2138200286532951,0.4885386819484241,0.050143266475644696,0.10601719197707736
2016,HST,HOU,7,5,3311,205,0.06191482935668982,0.00694654183026276,93.80849894291755,89.56,97.31,2.7752683267954983,7.75,68.88571428571429,49.8,13.047021188944314,Chris Clark,T,89.56,4.24849894291755,0.19389912413168228,0.1043613707165109,1605,141,0.08785046728971962,0.009968847352024923,91.21649844236761,87.23,95.68,3.1240167977110755,8.450000000000003,63.314285714285724,51.0,10.630056219893442,Chris Clark,T,87.74,3.476498442367614,0.19314641744548286,0.12258064516129032,630,-45.51659,283.0,32.0,96.0,-3.2890854,-0.07224855555555555,0.4492063492063492,0.050793650793650794,0.1523809523809524
2016,IND,IND,7,6,3433,240,0.06990969997087096,0.007864841246722983,93.01002912904167,85.37,97.04,3.8619400503349297,11.670000000000002,63.228571428571435,38.5,15.621749185640118,Jonotthan Harrison,G,90.31,2.700029129041667,0.08418293038159044,0.09688581314878893,1789,175,0.09782001117942984,0.013415315818893237,90.21913918390163,78.34,96.29,6.201832678445022,17.950000000000003,58.42857142857143,26.7,22.482194012574652,Joe Reitz,T,78.34,11.879139183901628,0.08775852431525992,0.21656050955414013,669,72.01716,327.0,44.0,126.0,1.3992232,0.10764896860986548,0.48878923766816146,0.06576980568011959,0.18834080717488788
2016,JAX,JAX,8,5,3677,173,0.04704922491161273,0.004079412564590699,95.2944356812619,93.07,97.87,1.5724957415340959,4.800000000000011,66.3875,38.9,15.562632672985819,Kelvin Beachum,T,93.07,2.224435681261909,0.1843894479194996,0.06932153392330384,1734,123,0.07093425605536333,0.007497116493656286,92.90782583621683,88.68,97.26,2.4991184159904978,8.579999999999998,61.625,31.7,17.412372448512418,Kelvin Beachum,T,88.68,4.227825836216823,0.18339100346020762,0.11320754716981132,696,-20.181526,302.0,34.0,84.0,-4.37777,-0.028996445402298853,0.4339080459770115,0.04885057471264368,0.1206896551724138
2016,KC,KC,5,5,2922,117,0.04004106776180698,0.006502395619438741,95.9969609856263,94.59,97.93,1.3644669288773548,3.3400000000000034,76.97999999999999,72.6,3.1459497770943523,Eric Fisher,T,94.59,1.4069609856262986,0.21492128678986996,0.054140127388535034,1013,76,0.07502467917077986,0.011846001974333662,92.4980947680158,89.35,98.15,3.3733336627140855,8.800000000000011,67.2,61.6,5.089695472226211,Mitchell Schwartz,T,89.35,3.1480947680158096,0.21322803553800593,0.10648148148148148,600,49.190887,274.0,32.0,67.0,2.3907454,0.08198481166666666,0.45666666666666667,0.05333333333333334,0.11166666666666666
2016,LA,LA,7,5,3170,186,0.05867507886435331,0.00946372239747634,94.13460567823344,92.57,95.44,1.200801319754358,2.8700000000000045,67.58571428571429,56.1,5.8404990002078225,Rob Havenstein,T,92.57,1.5646056782334483,0.18675078864353312,0.07432432432432433,1285,136,0.10583657587548638,0.020233463035019456,89.4159766536965,84.87,93.42,3.399126638529654,8.549999999999997,55.75714285714287,50.1,5.3779975030541936,Rob Havenstein,T,84.87,4.545976653696499,0.18521400778210118,0.15126050420168066,595,-158.16663,213.0,49.0,91.0,-6.880042,-0.265826268907563,0.35798319327731093,0.08235294117647059,0.15294117647058825
2016,MIA,MIA,7,6,2582,146,0.056545313710302095,0.005422153369481022,94.34421766072812,92.8,97.37,1.7850810305737637,4.570000000000007,68.81428571428572,58.6,6.149641878849144,Branden Albert,T,92.8,1.5442176607281226,0.15608055770720372,0.07196029776674938,1012,87,0.08596837944664032,0.009881422924901186,91.40160079051383,88.37,98.82,3.9183402705980566,10.449999999999989,62.34285714285715,40.4,11.35427337215041,Jermon Bushrod,G,88.37,3.0316007905138207,0.2124505928853755,0.11627906976744186,520,34.907223,244.0,30.0,90.0,4.5125523,0.067129275,0.46923076923076923,0.057692307692307696,0.17307692307692307
2016,MIN,MIN,6,6,2931,167,0.05697714090754009,0.007847151142954622,94.30191402251792,89.77,98.11,3.1224653721058324,8.340000000000003,65.78333333333333,41.2,14.678476306029406,T.J. Clemmings,T,89.77,4.531914022517924,0.19344933469805528,0.10229276895943562,1334,123,0.09220389805097451,0.015742128935532233,90.7784707646177,82.81,96.69,5.0923841829409,13.879999999999995,55.36666666666667,26.0,17.89823082504711,T.J. Clemmings,T,82.81,7.968470764617692,0.191904047976012,0.171875,635,44.66148,301.0,38.0,102.0,3.817226,0.07033303937007873,0.47401574803149604,0.05984251968503937,0.16062992125984252
2016,NE,NE,5,5,3054,143,0.04682383759004584,0.004911591355599214,95.31636542239686,92.97,96.72,1.4086411892316653,3.75,75.02000000000001,64.6,7.414647665263673,Joe Thuney,G,92.97,2.3463654223968575,0.20956123117223313,0.0703125,1124,82,0.07295373665480427,0.010676156583629894,92.70397686832742,89.32,94.85,2.1432731977048585,5.530000000000001,65.22,57.2,6.558734634058612,Joe Thuney,G,89.32,3.383976868327423,0.20818505338078291,0.10683760683760683,594,154.64554,288.0,24.0,72.0,2.8948612,0.26034602693602693,0.48484848484848486,0.04040404040404041,0.12121212121212122
2016,NO,NO,7,5,3704,144,0.038876889848812095,0.004049676025917927,96.11435205183585,94.37,98.42,1.478968430713658,4.049999999999997,76.92857142857143,61.9,8.143855410822379,Senio Kelemete,G,94.37,1.7443520518358469,0.11501079913606911,0.056338028169014086,1473,100,0.06788866259334692,0.00746775288526816,93.21231500339445,89.77,98.17,3.005782522310718,8.400000000000006,67.3,53.0,11.083471177087679,Andrus Peat,T,89.77,3.442315003394455,0.17922606924643583,0.10227272727272728,699,103.78937,358.0,27.0,69.0,4.2823005,0.14848264663805438,0.5121602288984263,0.03862660944206009,0.09871244635193133
2016,NYG,NYG,6,5,3212,167,0.05199252801992528,0.004669987546699875,94.80113636363636,91.05,98.29,2.866724030433812,7.240000000000009,71.03333333333335,54.8,11.003393415972488,Ereck Flowers,T,91.05,3.7511363636363626,0.20516811955168118,0.08952959028831563,1432,134,0.0935754189944134,0.008379888268156424,90.64296787709497,82.99,97.9,5.921469412232072,14.91000000000001,60.23333333333334,44.3,15.256954698322556,Ereck Flowers,T,82.99,7.65296787709498,0.2053072625698324,0.17006802721088435,623,-23.47862,275.0,22.0,63.0,-1.6218419,-0.03768638844301766,0.44141252006420545,0.03531300160513644,0.10112359550561797
2016,NYJ,NYJ,8,6,3047,165,0.05415162454873646,0.006892024942566459,94.58461109287823,89.82,98.25,2.949241730634215,8.430000000000007,71.475,62.2,6.809184973254875,Ryan Clady,T,89.82,4.764611092878241,0.10961601575319987,0.10179640718562874,1116,96,0.08602150537634409,0.010752688172043012,91.39655017921147,81.82,99.03,5.4105162151393404,17.210000000000008,63.1,51.5,7.853843463098634,Ryan Clady,T,81.82,9.57655017921148,0.10842293906810035,0.18181818181818182,608,-67.481575,248.0,35.0,93.0,-4.853319,-0.11098943256578948,0.40789473684210525,0.05756578947368421,0.15296052631578946
2016,OAK,LV,6,5,3287,117,0.03559476726498327,0.0018253726802555522,96.44177669607545,92.05,98.68,2.5230834310422647,6.63000000000001,76.78333333333333,60.5,10.74028242955774,Austin Howard,T,92.05,4.391776696075453,0.1338606632187405,0.07954545454545454,1307,83,0.06350420811017597,0.0045906656465187455,93.64801071155317,84.83,98.52,5.185718850844114,13.689999999999998,68.76666666666667,45.1,13.967486053927766,Austin Howard,T,84.83,8.818010711553171,0.13618974751338944,0.15168539325842698,635,62.023643,289.0,18.0,39.0,-0.23749384,0.0976750283464567,0.45511811023622045,0.028346456692913385,0.06141732283464567
2016,PHI,PHI,8,5,3487,144,0.04129624318898767,0.004875250932033267,95.87024949813593,93.2,97.17,1.380897741119367,3.969999999999999,74.0625,53.3,12.307829970040562,Allen Barbre,G,94.81,1.0602494981359314,0.12159449383424147,0.05188679245283019,1344,91,0.06770833333333333,0.008928571428571428,93.23076636904763,87.76,95.12,2.5541838925854274,7.359999999999999,67.625,47.6,13.049986316358453,Allen Barbre,G,91.01,2.220766369047624,0.1324404761904762,0.0898876404494382,662,25.55425,296.0,33.0,95.0,-0.82732224,0.038601586102719035,0.4471299093655589,0.04984894259818731,0.14350453172205438
2016,PIT,PIT,7,5,3332,135,0.040516206482593034,0.004201680672268907,95.94860744297719,93.24,97.77,1.5043872348504412,4.530000000000001,81.31428571428572,76.3,3.6287870202169836,Alejandro Villanueva,T,93.24,2.708607442977197,0.1998799519807923,0.06756756756756757,1485,105,0.0707070707070707,0.00808080808080808,92.9309696969697,87.25,96.06,2.8527747561845485,8.810000000000002,72.88571428571429,65.3,5.443781948678869,Alejandro Villanueva,T,87.25,5.680969696969697,0.20067340067340067,0.12751677852348994,625,94.22892,297.0,21.0,56.0,1.6902059,0.150766272,0.4752,0.0336,0.0896
2016,SD,LAC,6,5,3072,217,0.07063802083333333,0.008463541666666666,92.93625651041667,88.89,95.53,2.5474222264870017,6.640000000000001,66.1,58.6,4.703615630554862,King Dunlap,T,90.34,2.5962565104166657,0.15169270833333334,0.09656652360515021,1534,149,0.09713168187744459,0.012385919165580182,90.28516949152544,83.76,95.42,4.3886827940358915,11.659999999999997,61.53333333333333,55.6,5.786766512195445,King Dunlap,T,86.32,3.965169491525444,0.15254237288135594,0.13675213675213677,623,38.036396,282.0,36.0,94.0,0.07631725,0.0610536051364366,0.45264847512038525,0.05778491171749599,0.1508828250401284
2016,SEA,SEA,6,6,3252,226,0.06949569495694957,0.007072570725707257,93.0489175891759,89.29,97.81,3.001010940777568,8.519999999999996,55.883333333333326,35.6,13.658465018685908,George Fant,T,89.29,3.758917589175894,0.1349938499384994,0.1070615034168565,1231,157,0.12753858651502845,0.015434606011372868,87.24569455727051,79.75,97.46,6.161615589004773,17.709999999999994,44.849999999999994,23.9,20.796994975236206,George Fant,T,79.75,7.495694557270511,0.132412672623883,0.20245398773006135,643,55.73629,313.0,42.0,109.0,4.8016605,0.086681632970451,0.4867807153965785,0.06531881804043546,0.16951788491446346
2016,SF,SF,6,6,2948,199,0.0675033921302578,0.007462686567164179,93.2502645861601,91.57,95.23,1.3894267403021545,3.660000000000011,64.43333333333334,55.5,8.543925717529776,Joshua Garnett,G,91.57,1.6802645861601064,0.15298507462686567,0.08425720620842572,1449,158,0.1090407177363699,0.012422360248447204,89.09466528640442,86.78,93.06,2.1391181983861176,6.280000000000001,55.1,40.0,11.988327656516566,Joshua Garnett,G,86.78,2.31466528640442,0.15665976535541754,0.13215859030837004,589,-24.003443,242.0,47.0,78.0,-5.3791213,-0.040752874363327675,0.41086587436332767,0.07979626485568761,0.13242784380305603
2016,TB,TB,5,5,3170,173,0.05457413249211356,0.004100946372239748,94.54319873817035,91.87,96.48,1.9109500255108718,4.609999999999999,70.44000000000001,62.8,5.687530219699937,Donovan Smith,T,91.87,2.673198738170342,0.22113564668769717,0.08131241084165478,1519,131,0.08624094799210007,0.0065832784726793945,91.3768400263331,87.32,95.76,3.8725082311081054,8.440000000000012,64.08000000000001,52.8,9.351844737804411,Donovan Smith,T,87.32,4.056840026333106,0.22317314022383147,0.12684365781710916,647,74.91809,320.0,35.0,107.0,2.018911,0.11579302936630603,0.4945904173106646,0.05409582689335394,0.16537867078825347
2016,TEN,TEN,5,5,2742,115,0.041940189642596645,0.00437636761487965,95.80413202042304,94.86,97.18,0.8541838209659596,2.3200000000000074,79.5,75.8,3.6256033980566604,Jack Conklin,T,94.86,0.9441320204230408,0.21991247264770242,0.05140961857379768,1320,90,0.06818181818181818,0.005303030303030303,93.1832803030303,91.0,95.49,1.6005717728361928,4.489999999999995,70.82000000000001,66.4,4.179354017070101,Jack Conklin,T,91.0,2.183280303030301,0.21893939393939393,0.08996539792387544,557,46.33889,256.0,28.0,50.0,1.3422151,0.08319369838420107,0.45960502692998206,0.05026929982046679,0.08976660682226212
2016,WAS,WAS,6,5,3133,146,0.046600702202361954,0.004149377593360996,95.34141717203957,93.49,97.37,1.5972184154544036,3.8800000000000097,77.43333333333334,60.7,10.367577666295377,Shawn Lauvao,G,93.49,1.8514171720395751,0.1911905521864028,0.0651085141903172,1512,94,0.062169312169312166,0.005952380952380952,93.78291666666668,91.0,95.87,1.9993298877373886,4.8700000000000045,73.88333333333333,50.4,13.362547162373897,Shawn Lauvao,G,91.0,2.7829166666666794,0.1984126984126984,0.09,638,115.14599,335.0,23.0,79.0,5.095474,0.1804796081504702,0.5250783699059561,0.03605015673981191,0.1238244514106583
2017,ARZ,ARI,7,6,3402,207,0.06084656084656084,0.009112286890064668,93.91527042915932,89.98,97.48,2.368103520903234,7.5,56.50000000000001,45.6,11.465746087077516,John Wetzel,T,89.98,3.935270429159317,0.17901234567901234,0.10016420361247948,1538,137,0.08907672301690507,0.01235370611183355,91.09289336801042,85.51,96.9,3.493016161537462,11.39,45.785714285714285,28.2,16.417107801663136,John Wetzel,T,85.51,5.582893368010417,0.17945383615084526,0.14492753623188406,667,-92.9267,267.0,52.0,117.0,-4.2461042,-0.13932038980509745,0.4002998500749625,0.07796101949025487,0.17541229385307347
2017,ATL,ATL,6,5,2882,131,0.045454545454545456,0.004857737682165163,95.45623178348369,91.24,97.5,2.4623356121103144,6.260000000000005,70.31666666666666,41.9,15.476099853214524,Jake Matthews,T,93.16,2.296231783483691,0.20784177654406663,0.06844741235392321,1183,86,0.07269653423499578,0.009298393913778529,92.72809805579037,86.52,95.92,3.5172285491088973,9.400000000000006,61.44999999999999,26.4,19.24938960071202,Jake Matthews,T,90.2,2.528098055790366,0.20710059171597633,0.09795918367346938,568,90.83611,282.0,24.0,88.0,3.1088846,0.15992272887323944,0.4964788732394366,0.04225352112676056,0.15492957746478872
2017,BLT,BAL,5,5,2881,125,0.04338771259979174,0.004512322110378341,95.6596077750781,94.15,98.08,1.713951574578462,3.9299999999999926,69.38000000000001,62.4,6.376284184381997,Ronnie Stanley,T,94.15,1.509607775078095,0.201666088163832,0.058519793459552494,991,80,0.08072653884964683,0.009081735620585268,91.92607467204843,88.67,95.85,3.043685266252079,7.179999999999993,60.379999999999995,39.9,12.71109751359024,Ronnie Stanley,T,88.67,3.2560746720484275,0.20484359233097882,0.11330049261083744,599,-46.19729,251.0,27.0,60.0,-1.2039922,-0.07712402337228715,0.41903171953255425,0.045075125208681135,0.1001669449081803
2017,BUF,BUF,6,5,2850,120,0.042105263157894736,0.005263157894736842,95.78844561403508,92.99,97.48,1.8537035002034903,4.490000000000009,77.28333333333333,71.4,4.624463932897156,Dion Dawkins,T,93.68,2.1084456140350767,0.15543859649122807,0.06320541760722348,1346,84,0.06240713224368499,0.010401188707280832,93.76150074294206,89.66,95.76,2.8707467089011316,6.1000000000000085,72.36666666666667,68.9,2.543750511875459,Dion Dawkins,T,89.8,3.9615007429420643,0.14561664190193166,0.10204081632653061,565,-13.162973,236.0,47.0,85.0,-0.36629865,-0.023297297345132743,0.4176991150442478,0.0831858407079646,0.1504424778761062
2017,CAR,CAR,6,5,2875,146,0.050782608695652175,0.0052173913043478265,94.92409043478261,92.67,97.84,1.7096364135881836,5.170000000000002,75.31666666666666,69.1,8.987417129891469,Matt Kalil,T,92.67,2.2540904347826114,0.20869565217391303,0.07333333333333333,1553,113,0.07276239536381197,0.00901481004507405,92.72430779137154,89.2,97.23,2.7409444844189514,8.030000000000001,69.74999999999999,59.3,11.50508583192668,Matt Kalil,T,89.2,3.524307791371541,0.2086284610431423,0.10802469135802469,567,3.4361985,242.0,35.0,69.0,-2.9693575,0.006060314814814815,0.42680776014109345,0.06172839506172839,0.12169312169312169
2017,CHI,CHI,8,4,2871,151,0.05259491466388018,0.0059212817833507484,94.73993382096829,92.97,96.91,1.436483802305375,3.9399999999999977,61.5,34.2,17.572543518633996,Bobby Massie,T,92.97,1.7699338209682907,0.18321142459073494,0.07034220532319392,1434,112,0.07810320781032078,0.010460251046025104,92.19046722454672,88.24,95.52,2.5187748580836455,7.280000000000001,56.712500000000006,28.8,19.02032277779293,Bobby Massie,T,88.24,3.9504672245467276,0.1896792189679219,0.11764705882352941,533,-57.02476,212.0,39.0,81.0,-3.078196,-0.10698829268292682,0.3977485928705441,0.07317073170731707,0.15196998123827393
2017,CIN,CIN,6,5,2579,136,0.05273361768127181,0.006979449398991857,94.72696781698335,90.3,96.95,2.963642466065478,6.650000000000006,65.96666666666667,53.6,9.084859199055682,Andre Smith,T,90.3,4.42696781698335,0.12795657231485072,0.09696969696969697,914,83,0.09080962800875274,0.019693654266958426,90.91836980306346,83.67,97.13,5.60702654413787,13.459999999999994,58.25,43.9,9.954647155976952,Cedric Ogbuehi,T,83.67,7.248369803063454,0.16083150984682712,0.16326530612244897,560,-45.45967,227.0,40.0,61.0,-2.0421124,-0.08117798214285715,0.40535714285714286,0.07142857142857142,0.10892857142857143
2017,CLV,CLE,6,6,3634,189,0.052008805723720415,0.007154650522839846,94.79828288387452,90.96,96.72,2.7487409238898217,5.760000000000005,77.96666666666665,63.7,11.516365167302858,Shon Coleman,T,90.96,3.838282883874527,0.19482663731425426,0.0903954802259887,2051,145,0.07069722086786934,0.010238907849829351,92.9311409068747,86.11,97.09,4.5188921946276475,10.980000000000004,73.21666666666668,52.1,14.628932519724968,Spencer Drango,T,86.11,6.821140906874703,0.1053144807411019,0.1388888888888889,673,-142.48134,243.0,50.0,127.0,-5.489516,-0.21171075780089152,0.3610698365527489,0.07429420505200594,0.1887072808320951
2017,DAL,DAL,6,5,2854,128,0.04484933426769446,0.005255781359495445,95.51675192711983,91.3,98.11,2.9831688967717995,6.810000000000002,65.01666666666667,20.0,24.43590936852293,La'el Collins,T,91.63,3.886751927119832,0.21338472319551507,0.08374384236453201,1461,92,0.06297056810403832,0.008213552361396304,93.70192334017794,85.88,98.09,4.7484804587011515,12.210000000000008,59.96666666666667,2.6,30.51967671301036,La'el Collins,T,88.85,4.851923340177947,0.21492128678986996,0.11146496815286625,558,-24.540394,239.0,32.0,77.0,-0.4819775,-0.04397920071684588,0.4283154121863799,0.05734767025089606,0.13799283154121864
2017,DEN,DEN,8,5,3412,203,0.05949589683470106,0.009085580304806565,94.05072098475966,88.82,97.71,2.995169623148007,8.89,61.625,48.0,12.116075507947517,Allen Barbre,G,92.57,1.480720984759671,0.1025791324736225,0.07428571428571429,1438,130,0.09040333796940195,0.016689847009735744,90.95880389429763,80.0,97.27,5.32183641773616,17.269999999999996,55.8625,34.3,12.63588286247881,Garett Bolles,T,87.97,2.9888038942976323,0.2023643949930459,0.12027491408934708,658,-92.95461,261.0,52.0,98.0,-2.4830456,-0.14126840425531914,0.3966565349544073,0.0790273556231003,0.14893617021276595
2017,DET,DET,7,5,2949,150,0.0508646998982706,0.005764665988470668,94.91262122753479,90.66,96.71,2.3764749805822354,6.049999999999997,70.07142857142857,53.4,10.559626616775533,Taylor Decker,T,93.25,1.6626212275347854,0.10545947778908105,0.06752411575562701,1401,116,0.08279800142755175,0.008565310492505354,91.72283369022128,86.89,95.33,3.4661931911096975,8.439999999999998,61.614285714285714,51.4,9.024121115364192,Taylor Decker,T,89.61,2.1128336902212794,0.10992148465381871,0.1038961038961039,638,33.102806,291.0,47.0,88.0,0.541916,0.051885275862068966,0.4561128526645768,0.07366771159874608,0.13793103448275862
2017,GB,GB,9,5,3470,174,0.05014409221902017,0.006628242074927954,94.98656484149856,90.86,97.54,2.4969086442594937,6.680000000000007,68.86666666666666,49.2,14.020342363865439,Justin McCray,T,91.95,3.03656484149856,0.11095100864553314,0.08051948051948052,1414,117,0.08274398868458274,0.014144271570014143,91.72649929278643,82.35,96.62,4.989588604729298,14.27000000000001,61.32222222222223,41.0,17.71770144359715,Justin McCray,T,85.53,6.196499292786427,0.1074964639321075,0.14473684210526316,652,-31.787363,288.0,51.0,102.0,-1.2770716,-0.04875362423312883,0.44171779141104295,0.07822085889570553,0.15644171779141106
2017,HST,HOU,6,6,3025,230,0.07603305785123966,0.009586776859504133,92.39629090909092,87.76,96.15,2.7305970043197507,8.39,55.01666666666667,46.5,7.74297531099426,Breno Giacomini,T,87.76,4.636290909090917,0.21884297520661158,0.12235649546827794,1387,161,0.11607786589762076,0.01802451333813987,88.39080749819755,82.39,94.64,3.935022236277706,12.25,45.65,35.4,9.097417215891552,Breno Giacomini,T,82.39,6.000807498197545,0.21701514059120403,0.1760797342192691,605,-38.49756,252.0,54.0,111.0,-2.7080717,-0.06363233057851239,0.41652892561983473,0.08925619834710743,0.1834710743801653
2017,IND,IND,8,3,2824,168,0.059490084985835696,0.007436260623229462,94.04966713881021,92.1,98.52,2.0108238361427877,6.420000000000002,65.275,39.7,14.21445441393071,Joe Haeg,T,92.1,1.949667138810213,0.2106940509915014,0.07899159663865546,1490,133,0.08926174496644296,0.012080536912751677,91.0735234899329,88.14,98.23,3.1325682639922534,10.090000000000003,60.4875,42.7,13.524838261509819,Joe Haeg,T,88.14,2.9335234899328952,0.20939597315436242,0.11858974358974358,582,-74.70911,228.0,56.0,110.0,-4.6810246,-0.12836616838487971,0.3917525773195876,0.09621993127147767,0.18900343642611683
2017,JAX,JAX,7,6,2939,144,0.04899625723035046,0.0027220142905750254,95.09892140183736,91.49,98.64,2.39133455467464,7.150000000000006,67.82857142857144,61.0,8.531454406237795,Cam Robinson,T,91.49,3.608921401837364,0.1640013610071453,0.08506224066390042,1416,108,0.07627118644067797,0.0049435028248587575,92.37079096045198,85.02,98.03,4.067562742806396,13.010000000000005,59.71428571428571,47.2,11.941444436838252,Cam Robinson,T,85.02,7.350790960451988,0.16031073446327684,0.14977973568281938,579,40.757473,265.0,24.0,74.0,-3.0296035,0.07039287219343696,0.45768566493955093,0.04145077720207254,0.12780656303972365
2017,KC,KC,7,5,3117,147,0.04716073147256978,0.003529034327879371,95.28157844080849,93.08,97.76,1.8595288701839556,4.680000000000007,71.07142857142857,53.4,9.600124007135582,Eric Fisher,T,93.08,2.2015784408084897,0.19473853063843438,0.06919275123558484,1178,101,0.08573853989813243,0.008488964346349746,91.42633276740237,87.01,96.67,3.3351297540261413,9.659999999999997,62.98571428571427,52.7,9.537195354929837,Eric Fisher,T,87.01,4.416332767402366,0.1960950764006791,0.12987012987012986,615,105.30799,298.0,37.0,83.0,4.589472,0.17123250406504065,0.4845528455284553,0.06016260162601626,0.13495934959349593
2017,LA,LA,5,5,2707,137,0.05060953084595493,0.005541189508681197,94.93799039527151,92.42,97.1,1.8633088847531416,4.679999999999993,71.72,61.9,7.521103642418444,Rob Havenstein,T,92.42,2.517990395271511,0.19985223494643517,0.07578558225508318,1191,93,0.07808564231738035,0.007556675062972292,92.19225020990763,88.24,95.3,3.153905515388817,7.060000000000002,62.06,47.2,11.221318995554842,Rob Havenstein,T,88.24,3.952250209907632,0.1998320738874895,0.11764705882352941,554,60.526844,241.0,28.0,71.0,-1.3372277,0.1092542310469314,0.43501805054151627,0.05054151624548736,0.12815884476534295
2017,LAC,LAC,7,6,3128,181,0.057864450127877234,0.002877237851662404,94.21266624040922,89.13,95.8,2.276706058363812,6.670000000000002,61.34285714285715,48.0,11.23949244744577,Kenny Wiggins,G,93.47,0.7426662404092212,0.20076726342711,0.06528662420382166,1494,117,0.0783132530120482,0.00535475234270415,92.1698326639893,84.17,95.11,3.715731678251525,10.939999999999998,56.6,39.6,13.209718644493027,Kenny Wiggins,G,90.4,1.7698326639892912,0.20214190093708165,0.09602649006622517,602,99.505325,289.0,18.0,71.0,1.152065,0.16529123754152825,0.48006644518272423,0.029900332225913623,0.11794019933554817
2017,MIA,MIA,8,7,3293,145,0.044032796841785606,0.004251442453689645,95.59792286668691,93.46,98.12,1.3383618718418437,4.660000000000011,66.5625,47.7,10.903071323517711,Sam Young,T,93.46,2.137922866686921,0.09292438505921652,0.06535947712418301,1326,99,0.0746606334841629,0.00904977375565611,92.5329713423831,89.87,96.05,2.165995317235406,6.179999999999993,58.787499999999994,37.8,12.02098611357892,Ted Larsen,G,89.87,2.662971342383102,0.1191553544494721,0.10126582278481013,645,-67.76319,268.0,33.0,77.0,-0.34720066,-0.10505920930232557,0.41550387596899224,0.05116279069767442,0.11937984496124031
2017,MIN,MIN,7,6,3012,148,0.049136786188579015,0.0036520584329349268,95.08627822045153,93.33,97.18,1.4610808132533768,3.8500000000000085,67.74285714285713,57.4,7.150024974981355,Riley Reiff,T,93.39,1.696278220451532,0.18592297476759628,0.06607142857142857,1279,105,0.08209538702111024,0.008600469116497263,91.7897576231431,86.42,95.65,3.1083911012122085,9.230000000000004,58.85714285714285,30.4,13.721012735078649,Riley Reiff,T,89.08,2.709757623143105,0.1860828772478499,0.1092436974789916,574,70.26717,269.0,27.0,85.0,3.7698948,0.12241667247386759,0.4686411149825784,0.047038327526132406,0.1480836236933798
2017,NE,NE,7,5,3328,183,0.05498798076923077,0.006310096153846154,94.4987860576923,91.19,96.35,2.004819193842676,5.159999999999997,70.27142857142857,56.6,7.919956709838399,Nate Solder,T,92.42,2.078786057692298,0.20222355769230768,0.07578008915304606,1467,113,0.07702794819359236,0.008861622358554875,92.29675528289025,86.67,96.63,3.3059477425075046,9.959999999999994,64.8,49.0,10.47011620438538,Nate Solder,T,90.3,1.9967552828902484,0.2038173142467621,0.09698996655518395,630,138.10388,316.0,35.0,83.0,3.6677418,0.21921250793650796,0.5015873015873016,0.05555555555555555,0.13174603174603175
2017,NO,NO,6,6,2836,107,0.03772919605077574,0.005289139633286318,96.22656911142454,94.57,97.62,1.0664833175754205,3.0500000000000114,75.56666666666666,66.0,5.714776169428394,Andrus Peat,G,94.57,1.6565691114245453,0.18194640338504936,0.05426356589147287,1163,87,0.07480653482373173,0.01117798796216681,92.51832330180568,88.84,96.23,2.3513861160317053,7.390000000000001,60.583333333333336,43.7,9.909675406725825,Andrus Peat,G,88.84,3.6783233018056762,0.18486672398968185,0.11162790697674418,558,86.25901,277.0,20.0,56.0,4.6813564,0.1545860394265233,0.496415770609319,0.035842293906810034,0.1003584229390681
2017,NYG,NYG,8,6,3217,160,0.049735778675784895,0.006527820951196767,95.02689151383277,90.36,98.35,3.1399260682834096,7.989999999999995,65.475,46.9,12.941489205541332,Bobby Hart,T,90.36,4.666891513832766,0.11283804787068698,0.09641873278236915,1416,109,0.0769774011299435,0.011299435028248588,92.30350988700565,84.53,98.63,5.405145531277183,14.099999999999994,59.02499999999999,36.2,14.265017149856998,Bobby Hart,T,84.53,7.773509887005645,0.12782485875706215,0.15469613259668508,654,-75.588,281.0,35.0,67.0,-3.813492,-0.11557798165137614,0.42966360856269115,0.053516819571865444,0.10244648318042814
2017,NYJ,NYJ,6,5,2879,156,0.05418548106981591,0.008336227856894755,94.58060090309135,91.33,95.86,1.585325413492973,4.530000000000001,62.18333333333334,53.7,9.762871845244442,Brian Winters,G,93.81,0.7706009030913492,0.16846127127474816,0.061855670103092786,1135,96,0.08458149779735682,0.015859030837004406,91.54194713656388,82.81,94.12,4.181559517691935,11.310000000000002,55.78333333333334,42.0,11.927181840932361,Brian Winters,G,89.23,2.311947136563873,0.17180616740088106,0.1076923076923077,574,-8.516569,248.0,47.0,96.0,1.20989,-0.014837228222996516,0.43205574912891986,0.08188153310104529,0.1672473867595819
2017,OAK,LV,6,5,3052,125,0.040956749672346006,0.005897771952817824,95.90429554390563,88.3,99.53,3.943847951768256,11.230000000000004,73.41666666666667,51.6,14.282915201970031,Marshall Newhouse,T,92.62,3.2842955439056283,0.16874180865006552,0.07378640776699029,1247,83,0.06655974338412189,0.012028869286287089,93.34515637530072,82.67,99.62,6.13075416785461,16.950000000000003,67.1,50.5,13.450947921986762,Marshall Newhouse,T,86.7,6.645156375300715,0.16279069767441862,0.1330049261083744,594,-10.194414,257.0,24.0,49.0,-0.5019484,-0.017162313131313132,0.43265993265993263,0.04040404040404041,0.08249158249158249
2017,PHI,PHI,8,5,3380,150,0.04437869822485207,0.006804733727810651,95.56292011834321,91.99,97.38,2.199193033819454,5.390000000000001,68.1,41.3,17.35890055768016,Halapoulivaati Vaitai,T,91.99,3.5729201183432195,0.14408284023668638,0.08008213552361396,1373,95,0.06919155134741442,0.010924981791697014,93.08214857975237,88.0,95.55,2.989402412810005,7.549999999999997,61.125,38.8,17.465455701387896,Halapoulivaati Vaitai,T,88.0,5.082148579752371,0.14566642388929352,0.12,634,79.29554,290.0,36.0,106.0,0.34057218,0.12507182965299685,0.45741324921135645,0.056782334384858045,0.167192429022082
2017,PIT,PIT,6,5,3189,147,0.04609595484477893,0.004390090937597993,95.38851364063972,92.93,97.64,2.0797347587292596,4.709999999999994,77.83333333333333,69.1,6.877693411796334,Alejandro Villanueva,T,92.93,2.4585136406397083,0.2041392285983067,0.0706605222734255,1598,114,0.07133917396745933,0.006257822277847309,92.86484981226533,89.21,96.26,3.1122510609953506,7.050000000000011,71.08333333333333,60.2,8.059631918807874,Chris Hubbard,T,89.21,3.65484981226534,0.15081351689612016,0.1078838174273859,624,91.58439,310.0,24.0,65.0,3.6160374,0.14676985576923077,0.4967948717948718,0.038461538461538464,0.10416666666666667
2017,SEA,SEA,7,7,3433,196,0.05709292164287795,0.00466064666472473,94.29146519079524,88.99,98.46,2.9210410733813648,9.469999999999999,62.17142857142857,40.3,13.935053436772831,Rees Odhiambo,T,88.99,5.301465190795241,0.09263035246140403,0.11006289308176101,1463,142,0.09706083390293917,0.008202323991797676,90.29652768284348,83.21,97.37,5.016588672072082,14.16000000000001,52.24285714285714,27.6,16.20749385756037,Rees Odhiambo,T,83.21,7.086527682843482,0.08954203691045796,0.16793893129770993,652,38.07232,300.0,43.0,122.0,4.576134,0.05839312883435582,0.4601226993865031,0.06595092024539877,0.18711656441717792
2017,SF,SF,6,5,3314,161,0.04858177429088715,0.006336753168376584,95.14242003621001,88.21,96.55,3.194785856151658,8.340000000000003,69.7,40.0,15.735819012685678,Laken Tomlinson,G,94.05,1.0924200362100152,0.19764634882317442,0.059541984732824425,1375,115,0.08363636363636363,0.011636363636363636,91.63501818181818,74.51,95.17,7.86620620121288,20.659999999999997,60.5,15.3,23.619144777065912,Laken Tomlinson,G,89.89,1.7450181818181818,0.20145454545454544,0.10108303249097472,665,-15.356382,286.0,43.0,116.0,-3.0253181,-0.023092303759398497,0.43007518796992483,0.06466165413533835,0.17443609022556392
2017,TB,TB,7,6,3449,164,0.04755001449695564,0.006668599594085242,95.24643084952159,92.31,97.1,1.6444596738891504,4.789999999999992,66.02857142857144,45.2,11.586589127911958,Donovan Smith,T,94.03,1.2164308495215863,0.20382719628877935,0.059743954480796585,1540,107,0.06948051948051948,0.011688311688311689,93.0522012987013,85.71,96.04,3.563820181450561,10.330000000000013,59.89999999999999,34.2,16.677130048862324,Kevin Pamphile,G,91.03,2.0222012987013045,0.15194805194805194,0.08974358974358974,679,46.30412,336.0,40.0,101.0,3.15991,0.06819458026509573,0.4948453608247423,0.05891016200294551,0.1487481590574374
2017,TEN,TEN,5,5,2785,113,0.04057450628366248,0.004308797127468581,95.94355834829443,94.56,96.94,0.9838292534784673,2.3799999999999955,76.16,67.8,6.648909685053631,Quinton Spain,G,94.56,1.3835583482944287,0.17809694793536804,0.05443548387096774,1328,72,0.05421686746987952,0.006024096385542169,94.57906626506023,92.74,97.87,2.2550543230707345,5.13000000000001,72.58,68.3,2.546958971008367,Quinton Spain,G,92.74,1.8390662650602394,0.17620481927710843,0.07264957264957266,552,-52.085735,234.0,35.0,71.0,0.5130727,-0.09435821557971015,0.42391304347826086,0.06340579710144928,0.1286231884057971
2017,WAS,WAS,8,6,2798,152,0.054324517512508934,0.006790564689063617,94.56674767691209,89.67,97.98,2.963380972084806,8.310000000000002,67.7375,42.7,11.767866355946968,Shawn Lauvao,G,91.22,3.346747676912088,0.11401000714796283,0.0877742946708464,1321,111,0.08402725208175625,0.009084027252081756,91.59775927327783,82.56,98.99,5.369443805992783,16.429999999999993,63.24999999999999,34.9,14.00326492541752,Shawn Lauvao,G,86.3,5.297759273277833,0.1105223315669947,0.136986301369863,604,6.629621,271.0,41.0,97.0,0.83880556,0.010976193708609272,0.44867549668874174,0.06788079470198675,0.1605960264900662
2018,ARZ,ARI,9,5,2558,175,0.06841282251759187,0.008600469116497263,93.15899139953089,88.79,95.88,2.3842282702049378,7.089999999999989,56.67777777777778,41.9,12.935588291393803,D.J. Humphries,T,91.81,1.3489913995308882,0.13369820172009383,0.08187134502923976,1124,118,0.10498220640569395,0.016903914590747332,89.50066725978648,80.68,94.83,4.791197948089575,14.149999999999991,44.211111111111116,23.3,16.085587061438297,D.J. Humphries,T,86.52,2.980667259786486,0.12544483985765126,0.1347517730496454,563,-167.20203,205.0,52.0,107.0,-7.253129,-0.2969840674955595,0.3641207815275311,0.09236234458259325,0.19005328596802842
2018,ATL,ATL,8,5,3520,133,0.037784090909090906,0.005681818181818182,96.22057954545454,94.2,98.16,1.4349191117072968,3.9599999999999937,71.35000000000001,59.7,9.617097869345585,Brandon Fusco,G,94.2,2.020579545454538,0.08323863636363636,0.05802047781569966,1346,85,0.06315007429420505,0.009658246656760773,93.6856983655275,90.32,98.11,2.721531869055684,7.790000000000006,63.85,44.8,11.54754148231191,Ryan Schraeder,T,90.95,2.7356983655274973,0.1723625557206538,0.09051724137931035,681,114.74986,347.0,42.0,105.0,4.2630234,0.16850199706314242,0.5095447870778267,0.06167400881057269,0.15418502202643172
2018,BLT,BAL,6,6,3047,116,0.03807023301608139,0.002297341647522153,96.19149983590417,94.46,97.83,1.2438126868624555,3.3700000000000045,73.53333333333335,60.1,10.275148011910423,Alex Lewis,G,94.46,1.7314998359041738,0.1361995405316705,0.05542168674698795,1277,76,0.05951448707909162,0.003915426781519186,94.04902114330463,90.91,96.34,2.1796276440407607,5.430000000000007,66.81666666666666,47.6,11.610584251736286,Alex Lewis,G,90.91,3.1390211433046318,0.14643696162881753,0.09090909090909091,608,15.889982,276.0,32.0,64.0,-3.72205,0.026134838815789475,0.45394736842105265,0.05263157894736842,0.10526315789473684
2018,BUF,BUF,7,7,3073,136,0.044256426944354055,0.004230393752033843,95.57368695086235,94.22,97.49,1.4934858553063017,3.269999999999996,73.62857142857142,66.5,4.611837770243835,Jordan Mills,T,94.22,1.353686950862354,0.19720143182557762,0.057755775577557754,1474,88,0.05970149253731343,0.006105834464043419,94.03080054274083,90.65,97.37,2.785813551344945,6.719999999999999,69.58571428571429,60.4,5.949909963304369,John Miller,G,90.65,3.380800542740829,0.16689280868385345,0.09349593495934959,597,-94.66352,235.0,41.0,99.0,-7.1391225,-0.15856536013400335,0.3936348408710218,0.06867671691792294,0.1658291457286432
2018,CAR,CAR,6,5,3192,165,0.05169172932330827,0.005012531328320802,94.83242794486218,92.12,96.24,1.5495418677789876,4.11999999999999,69.03333333333335,54.3,10.595974078236823,Chris Clark,T,92.12,2.7124279448621706,0.16290726817042606,0.07884615384615384,1542,117,0.07587548638132295,0.00648508430609598,92.41280804150453,88.8,93.81,1.948934751772535,5.010000000000005,60.83333333333334,40.0,13.22658938149464,Chris Clark,T,88.8,3.612808041504536,0.1621271076523995,0.112,626,38.824417,300.0,32.0,76.0,2.7305238,0.06201983546325878,0.4792332268370607,0.051118210862619806,0.12140575079872204
2018,CHI,CHI,7,6,3174,117,0.036862003780718335,0.003465658475110271,96.31315374921235,94.77,98.62,1.556549908948511,3.8500000000000085,75.41428571428571,60.1,7.9831966386547535,Bryan Witzmann,G,94.77,1.543153749212351,0.09640831758034027,0.05228758169934641,1464,90,0.06147540983606557,0.0047814207650273225,93.85222677595628,90.07,98.92,3.3551587855406306,8.850000000000009,69.18571428571428,53.6,10.08289452016443,Charles Leno Jr.,T,90.07,3.782226775956289,0.1994535519125683,0.09931506849315068,587,66.684166,287.0,33.0,60.0,2.4713514,0.11360164565587735,0.4889267461669506,0.056218057921635436,0.10221465076660988
2018,CIN,CIN,7,7,3416,191,0.05591334894613583,0.008782201405152224,94.4095462529274,91.84,97.15,1.9881769586854245,5.310000000000002,65.11428571428571,54.0,7.4140471564520825,Andre Smith,T,91.84,2.5695462529273954,0.08255269320843091,0.08156028368794327,1407,130,0.0923951670220327,0.016346837242359632,90.76210376687989,82.86,97.95,4.744654636435367,15.090000000000003,57.44285714285714,36.5,13.401972136325952,Alex Redmond,G,88.89,1.8721037668798886,0.1791044776119403,0.1111111111111111,603,17.62426,269.0,37.0,70.0,-3.5623617,0.029227628524046433,0.4461028192371476,0.06135986733001658,0.11608623548922056
2018,CLV,CLE,6,6,3470,132,0.03804034582132565,0.004322766570605188,96.19497694524496,91.64,98.41,2.9149728414972693,6.769999999999996,80.10000000000001,68.8,9.633690881484627,Desmond Harrison,T,91.64,4.5549769452449596,0.11037463976945244,0.0835509138381201,1445,93,0.0643598615916955,0.007612456747404845,93.5626366782007,85.71,96.54,4.612876181588523,10.830000000000013,72.23333333333333,60.1,8.218191204070802,Desmond Harrison,T,85.71,7.85263667820071,0.12110726643598616,0.14285714285714285,643,8.818721,281.0,38.0,69.0,-0.70667404,0.01371496267496112,0.4370139968895801,0.05909797822706065,0.10730948678071539
2018,DAL,DAL,6,6,3067,152,0.049559830453211606,0.007499184871209651,95.04557548092599,92.97,97.12,1.8684155497818664,4.150000000000006,69.38333333333334,48.7,14.00320201477743,La'el Collins,T,92.97,2.075575480925991,0.21323769155526573,0.07033639143730887,1593,116,0.07281858129315756,0.011299435028248588,92.71684243565599,88.79,96.0,3.1602510448802423,7.209999999999994,62.86666666666667,38.2,16.301370085568472,La'el Collins,T,88.79,3.926842435655985,0.2128060263653484,0.11209439528023599,612,29.431046,275.0,56.0,104.0,1.0223702,0.04808994444444444,0.4493464052287582,0.0915032679738562,0.16993464052287582
2018,DEN,DEN,7,6,3241,165,0.050910212897253934,0.004319654427645789,94.90966985498302,92.28,98.6,1.9783651259129498,6.319999999999993,61.471428571428575,38.0,14.104811742299656,Elijah Wilkinson,G,92.28,2.629669854983021,0.10398025300833076,0.0771513353115727,1217,102,0.0838126540673788,0.005751848808545604,91.6206984387839,88.76,97.28,2.9757968120600347,8.519999999999996,57.714285714285715,34.4,10.872048039418727,Connor McGovern,G,88.76,2.860698438783899,0.20460147904683648,0.11244979919678715,634,-12.940231,277.0,34.0,91.0,-1.0962543,-0.020410458990536277,0.43690851735015773,0.05362776025236593,0.14353312302839116
2018,DET,DET,6,5,3303,160,0.04844081138359067,0.006357856494096276,95.1562791401756,94.25,97.84,1.5221662195699914,3.5900000000000034,72.95,57.1,10.830466287284219,Rick Wagner,T,94.25,0.9062791401755987,0.18952467453829852,0.05750798722044728,1627,114,0.07006760909649662,0.00921942224953903,92.99495390288875,91.52,95.77,1.7592356294709353,4.25,65.38333333333334,47.7,12.975887895117877,Frank Ragnow,G,91.52,1.4749539028887568,0.20282728948985865,0.08484848484848485,632,-10.269195,271.0,41.0,81.0,-2.7666597,-0.016248726265822785,0.4287974683544304,0.06487341772151899,0.1281645569620253
2018,GB,GB,8,6,3854,178,0.04618578100674624,0.007784120394395433,95.38007265179036,91.51,97.67,1.9184871271767379,6.159999999999997,73.275,57.4,12.963657993461126,Byron Bell,G,91.51,3.870072651790352,0.0947067981318111,0.08493150684931507,1861,138,0.07415368081676518,0.011821601289629231,92.58430413756047,86.31,96.8,3.33671352424165,10.489999999999995,64.3125,40.8,17.145464831427418,Byron Bell,G,86.31,6.274304137560463,0.09027404621171413,0.13690476190476192,730,57.61278,332.0,53.0,101.0,-1.5642622,0.07892161643835617,0.4547945205479452,0.07260273972602739,0.13835616438356163
2018,HST,HOU,7,6,3365,214,0.06359583952451708,0.009212481426448737,93.64034175334324,88.64,97.48,3.2754476248075077,8.840000000000003,67.58571428571429,45.2,12.811639053536249,Martinas Rankin,T,88.64,5.0003417533432355,0.0811292719167905,0.11355311355311355,1495,161,0.1076923076923077,0.014046822742474917,89.23300334448162,81.56,95.67,5.0927455407527615,14.11,59.45714285714286,40.7,14.604549193414263,Julie'n Davenport,T,81.56,7.673003344481614,0.18862876254180602,0.18439716312056736,621,68.82248,303.0,62.0,124.0,4.5062485,0.11082524959742351,0.48792270531400966,0.0998389694041868,0.1996779388083736
2018,IND,IND,9,5,3507,143,0.04077559167379527,0.003421727972626176,95.92278015397775,91.32,98.18,2.3061222864366933,6.860000000000014,73.51111111111112,55.9,8.10361716217586,Anthony Castonzo,T,94.0,1.9227801539777545,0.1283147989734816,0.06,1532,96,0.06266318537859007,0.0045691906005221935,93.73228459530027,87.62,97.29,3.57269195114521,9.670000000000002,67.93333333333334,48.4,8.558621384311845,Anthony Castonzo,T,90.62,3.1122845953002667,0.12532637075718014,0.09375,684,93.890495,345.0,18.0,76.0,0.7317364,0.13726680555555557,0.5043859649122807,0.02631578947368421,0.1111111111111111
2018,JAX,JAX,9,7,3553,229,0.0644525752884886,0.008162116521249648,93.55357725865466,85.2,98.08,4.06090438750341,12.879999999999995,64.67777777777778,37.1,14.884621071577351,Ereck Flowers,T,89.24,4.313577258654661,0.09935265972417676,0.10764872521246459,1868,175,0.0936830835117773,0.011241970021413276,90.63200214132763,80.77,96.81,5.333077858464516,16.040000000000006,59.08888888888888,34.3,16.15746301592893,Ereck Flowers,T,84.74,5.892002141327637,0.10171306209850108,0.15263157894736842,645,-63.31909,276.0,53.0,106.0,-4.70877,-0.09816913178294574,0.42790697674418604,0.08217054263565891,0.16434108527131783
2018,KC,KC,7,5,3202,132,0.04122423485321674,0.003435352904434728,95.87841349156777,93.86,99.1,2.0538314949196304,5.239999999999995,72.78571428571429,56.9,10.109637080764172,Eric Fisher,T,93.86,2.0184134915677703,0.21361648969394129,0.06140350877192982,1238,97,0.07835218093699516,0.008885298869143781,92.16522617124394,87.22,98.31,4.11530823933784,11.090000000000003,63.285714285714285,42.8,14.949741198588082,Eric Fisher,T,87.22,4.945226171243945,0.2148626817447496,0.12781954887218044,637,226.99733,333.0,26.0,104.0,4.412628,0.3563537362637363,0.5227629513343799,0.04081632653061224,0.16326530612244897
2018,LA,LA,5,5,3248,154,0.04741379310344827,0.0040024630541871924,95.25871921182267,94.29,96.14,0.7137786771822192,1.8499999999999943,72.36,55.7,10.984898725067971,John Sullivan,C,94.29,0.9687192118226591,0.19950738916256158,0.05709876543209876,1447,120,0.082930200414651,0.0082930200414651,91.70868693849343,88.93,94.1,1.8626781793965337,5.1699999999999875,58.94,30.9,17.660209511780998,John Sullivan,C,88.93,2.778686938493422,0.19972356599861782,0.11072664359861592,622,122.80659,317.0,33.0,70.0,1.369824,0.19743824758842443,0.5096463022508039,0.05305466237942122,0.11254019292604502
2018,LAC,LAC,5,5,2802,177,0.06316916488222699,0.009279086366880799,93.68532476802285,88.18,96.9,3.4797298745735983,8.719999999999999,59.18000000000001,39.8,17.908154567123884,Sam Tevi,T,88.18,5.505324768022845,0.1841541755888651,0.1182170542635659,1302,118,0.09062980030721966,0.01228878648233487,90.93874807987712,83.33,94.78,4.569022871468254,11.450000000000003,54.56,36.3,15.142258748284549,Sam Tevi,T,83.33,7.608748079877117,0.18433179723502305,0.16666666666666666,559,117.296005,283.0,34.0,85.0,3.4199488,0.20983185152057243,0.5062611806797853,0.06082289803220036,0.1520572450805009
2018,MIA,MIA,5,5,2399,146,0.06085869112130054,0.010004168403501459,93.91239266360984,91.48,95.32,1.5675075757392656,3.839999999999989,62.9,46.2,13.530521054268382,Ted Larsen,G,91.48,2.432392663609832,0.1909128803668195,0.0851528384279476,1001,100,0.0999000999000999,0.017982017982017984,90.00926073926074,86.73,92.24,2.0519941520384473,5.509999999999991,54.15999999999999,34.9,14.844965476551302,Ted Larsen,G,86.73,3.279260739260735,0.1958041958041958,0.1326530612244898,517,-52.233326,213.0,52.0,107.0,-0.15320042,-0.10103157833655706,0.4119922630560928,0.10058027079303675,0.20696324951644102
2018,MIN,MIN,6,6,3246,210,0.06469500924214418,0.008009858287122612,93.53015403573629,91.81,94.18,1.0723743127596221,2.3700000000000045,59.6,44.3,9.249432415018772,Rashod Hill,T,91.81,1.720154035736286,0.10536044362292052,0.08187134502923976,1471,156,0.10605030591434399,0.013596193065941536,89.39546566961249,85.81,91.57,1.973433556013476,5.759999999999991,52.01666666666667,39.2,10.740282429557737,Rashod Hill,T,85.81,3.585465669612489,0.10061182868796736,0.14189189189189189,665,-21.477758,318.0,40.0,94.0,2.610618,-0.03229738045112782,0.4781954887218045,0.06015037593984962,0.14135338345864662
2018,NE,NE,6,5,3044,131,0.04303547963206308,0.0036136662286465177,95.6953909329829,91.33,97.45,2.260879622329918,6.1200000000000045,73.63333333333334,50.6,12.793071041257711,Trent Brown,T,94.24,1.4553909329829082,0.19973718791064388,0.05756578947368421,950,73,0.07684210526315789,0.005263157894736842,92.31609473684212,85.92,97.45,4.4480141636465165,11.530000000000001,67.56666666666666,42.6,13.755532220407417,Marcus Cannon,T,87.88,4.436094736842122,0.13894736842105262,0.12121212121212122,599,89.117165,306.0,21.0,66.0,1.0620337,0.1487765692821369,0.5108514190317195,0.035058430717863104,0.11018363939899833
2018,NO,NO,6,5,2594,96,0.03700848111025443,0.004626060138781804,96.29892058596762,93.96,97.5,1.2535350015057452,3.5400000000000063,74.83333333333333,51.5,12.568797343686732,Andrus Peat,G,95.32,0.9789205859676287,0.15651503469545103,0.046798029556650245,1102,71,0.06442831215970962,0.007259528130671506,93.55842105263157,91.55,96.19,1.7239025494499398,4.640000000000001,66.33333333333333,30.3,18.31356509985608,Andrus Peat,G,91.91,1.6484210526315763,0.1569872958257713,0.08092485549132948,550,137.24377,301.0,20.0,50.0,5.6855106,0.2495341272727273,0.5472727272727272,0.03636363636363636,0.09090909090909091
2018,NYG,NYG,6,6,2851,153,0.05366538056822168,0.008768853034023149,94.63288319887758,91.95,96.52,1.61028775896318,4.569999999999993,63.800000000000004,54.0,10.6896211345398,Chad Wheeler,T,91.95,2.682883198877576,0.18730270080673447,0.08052434456928839,1300,116,0.08923076923076922,0.013846153846153847,91.07456923076923,86.13,94.23,3.04990491655068,8.100000000000009,53.03333333333334,34.7,13.381878293672626,Chad Wheeler,T,86.13,4.944569230769233,0.18307692307692308,0.13865546218487396,638,25.653673,272.0,47.0,96.0,0.23118475,0.040209518808777434,0.4263322884012539,0.07366771159874608,0.15047021943573669
2018,NYJ,NYJ,6,6,2889,144,0.04984423676012461,0.005538248528902735,95.01675666320527,94.38,95.95,0.5695407506637851,1.5700000000000074,66.3,43.7,12.189175525850796,Spencer Long,C,94.38,0.6367566632052757,0.16614745586708204,0.05625,1307,100,0.07651109410864575,0.009181331293037491,92.34930374904361,90.81,96.43,2.0237333487064624,5.6200000000000045,63.166666666666664,41.4,11.094623322432659,Kelvin Beachum,T,90.81,1.5393037490436114,0.20811017597551645,0.09191176470588236,580,-52.716034,238.0,37.0,74.0,-5.654061,-0.09088971379310345,0.4103448275862069,0.06379310344827586,0.12758620689655173
2018,OAK,LV,6,5,2964,175,0.05904183535762483,0.012145748987854251,94.09470310391363,89.47,99.23,4.013823198232164,9.760000000000005,63.28333333333333,48.6,16.67686021607984,Kolton Miller,T,89.72,4.374703103913632,0.21322537112010798,0.10284810126582279,1294,138,0.10664605873261206,0.020865533230293665,89.33621329211746,80.07,98.59,7.174283704082708,18.52000000000001,56.449999999999996,37.8,17.796376035586572,Kolton Miller,T,80.07,9.26621329211747,0.2132921174652241,0.19927536231884058,610,-3.293695,290.0,52.0,86.0,3.8311348,-0.0053995,0.47540983606557374,0.08524590163934426,0.14098360655737704
2018,PHI,PHI,7,6,3488,146,0.041857798165137614,0.0040137614678899085,95.8146903669725,91.9,98.48,2.4475361761030903,6.579999999999998,71.50000000000001,53.8,13.159280628767924,Isaac Seumalo,G,93.91,1.9046903669725026,0.0989105504587156,0.06086956521739131,1310,97,0.07404580152671755,0.0061068702290076335,92.5957175572519,84.21,97.55,4.659683210160066,13.340000000000003,64.41428571428571,39.5,15.021365735891946,Jason Peters,T,87.98,4.615717557251898,0.15877862595419848,0.1201923076923077,655,62.25109,318.0,40.0,99.0,5.257295,0.0950398320610687,0.4854961832061069,0.061068702290076333,0.15114503816793892
2018,PIT,PIT,6,5,3698,128,0.03461330448891293,0.003244997295835587,96.5376446727961,94.31,97.67,1.2220747385764354,3.3599999999999994,79.85000000000001,69.9,6.159788957423784,Matt Feiler,T,94.31,2.227644672796103,0.12358031368307193,0.05689277899343545,1637,96,0.05864386072083079,0.006719609040928528,94.13644471594381,90.99,96.2,2.0529653349890435,5.210000000000008,72.28333333333333,58.4,8.266659946233826,Matt Feiler,T,91.3,2.836444715943813,0.1264508246792914,0.08695652173913043,729,132.18686,364.0,24.0,72.0,1.3657433,0.18132628257887518,0.4993141289437586,0.03292181069958848,0.09876543209876543
2018,SEA,SEA,6,5,2504,121,0.04832268370607029,0.007987220447284345,95.16616214057508,90.8,96.5,2.190318850456864,5.700000000000003,65.71666666666667,47.1,14.09346184110443,Germain Ifedi,T,94.07,1.096162140575089,0.20207667731629392,0.05928853754940711,963,84,0.08722741433021806,0.017653167185877467,91.27673935617861,83.78,94.9,3.739442471813146,11.120000000000005,59.28333333333333,44.5,13.3477214035455,Germain Ifedi,T,89.39,1.8867393561786088,0.205607476635514,0.10606060606060606,500,86.734505,237.0,51.0,92.0,7.4646745,0.17346901,0.474,0.102,0.184
2018,SF,SF,5,5,3065,162,0.05285481239804241,0.005872756933115824,94.71505709624795,93.89,95.89,0.763249631509902,2.0,71.11999999999999,61.6,8.786182333641838,Mike McGlinchey,T,93.89,0.8250570962479458,0.20815660685154977,0.061128526645768025,1213,104,0.08573784006595218,0.00989282769991756,91.42617477328938,89.41,93.12,1.5857269626262944,3.710000000000008,64.02000000000001,55.8,6.769564240037907,Mike Person,G,89.41,2.0161747732893787,0.19455894476504534,0.1059322033898305,597,4.7238865,279.0,48.0,122.0,-2.4859717,0.00791270770519263,0.46733668341708545,0.08040201005025126,0.20435510887772193
2018,TB,TB,5,5,3594,172,0.047857540345019475,0.00667779632721202,95.2146633277685,92.66,96.77,1.8305545607820597,4.109999999999999,68.75999999999999,44.4,14.456417260165122,Caleb Benenoch,G,92.66,2.554663327768509,0.15915414579855314,0.07342657342657342,1988,136,0.06841046277665996,0.01056338028169014,93.1597384305835,88.46,96.01,3.1634190364224635,7.550000000000011,62.379999999999995,25.5,21.652413260419724,Caleb Benenoch,G,88.46,4.699738430583508,0.15694164989939638,0.11538461538461539,728,104.50588,363.0,41.0,108.0,3.3405814,0.14355203296703298,0.49862637362637363,0.05631868131868132,0.14835164835164835
2018,TEN,TEN,6,5,2544,118,0.046383647798742135,0.0066823899371069185,95.36137185534592,93.01,97.84,1.7658048212264739,4.829999999999998,73.76666666666667,67.5,4.6089767483321795,Josh Kline,G,93.01,2.351371855345917,0.2138364779874214,0.06985294117647059,1046,84,0.08030592734225621,0.01338432122370937,91.96993307839388,87.89,95.19,3.2507624746613915,7.299999999999997,62.44999999999999,55.7,7.02872676947966,Josh Kline,G,87.89,4.0799330783938785,0.21319311663479923,0.1210762331838565,519,4.4646697,237.0,47.0,65.0,0.9649851,0.008602446435452793,0.45664739884393063,0.0905587668593449,0.1252408477842004
2018,WAS,WAS,7,5,2785,140,0.05026929982046679,0.004308797127468581,94.97284021543985,90.62,97.02,2.275094974469667,6.3999999999999915,68.14285714285714,43.3,16.274198100352713,Tony Bergstrom,G,93.15,1.8228402154398395,0.12064631956912028,0.06845238095238096,1344,93,0.06919642857142858,0.006696428571428571,93.08159970238096,84.0,97.09,4.412107799917773,13.090000000000003,61.3142857142857,19.4,21.819061129467247,Trent Williams,T,89.75,3.331599702380956,0.18154761904761904,0.10245901639344263,594,-45.80897,261.0,44.0,94.0,-2.9412336,-0.07711947811447811,0.4393939393939394,0.07407407407407407,0.15824915824915825
2019,ARZ,ARI,5,5,3201,119,0.037175882536707276,0.004061230865354577,96.28149328334895,95.34,97.78,1.03867704316597,2.4399999999999977,73.56,67.3,5.79767194656614,Justin Murray,T,95.34,0.9414932833489473,0.16776007497656983,0.04655493482309125,1080,72,0.06666666666666667,0.008333333333333333,93.33376851851854,90.58,96.93,2.3133417386975097,6.3500000000000085,67.5,54.1,8.421104440630101,J.R. Sweezy,G,90.58,2.753768518518541,0.2064814814814815,0.09417040358744394,633,-1.66271,271.0,50.0,60.0,-1.697219,-0.0026267140600315956,0.42812006319115326,0.07898894154818326,0.0947867298578199
2019,ATL,ATL,7,6,3958,198,0.05002526528549773,0.007326932794340576,94.99719050025266,93.14,96.53,1.40383657982585,3.3900000000000006,62.699999999999996,46.2,13.510736471414132,James Carpenter,G,93.45,1.547190500252654,0.11950480040424456,0.06553911205073996,1928,155,0.0803941908713693,0.012966804979253113,91.96000518672199,87.23,94.64,2.6178026045121268,7.409999999999997,52.81428571428571,35.0,13.838524556641213,Kaleb McGary,T,89.66,2.3000051867219895,0.19553941908713693,0.10344827586206896,761,48.478973,364.0,50.0,136.0,2.3808494,0.06370430091984232,0.4783180026281209,0.0657030223390276,0.17871222076215507
2019,BLT,BAL,6,5,2586,72,0.027842227378190254,0.0034802784222737818,97.21723897911832,95.72,98.72,1.277398397786166,3.0,74.46666666666667,55.8,14.52978549967847,Bradley Bozeman,G,95.72,1.4972389791183218,0.20765661252900233,0.04283054003724395,1038,46,0.04431599229287091,0.005780346820809248,95.56619460500963,91.2,98.41,2.7320956547431976,7.209999999999994,67.01666666666667,37.0,18.918712077376373,Bradley Bozeman,G,91.2,4.366194605009625,0.20809248554913296,0.08796296296296297,505,167.39764,252.0,28.0,59.0,3.2501926,0.3314804752475247,0.499009900990099,0.055445544554455446,0.11683168316831684
2019,BUF,BUF,6,5,2989,135,0.04516560722649716,0.005352960856473737,95.48366008698562,92.67,97.25,1.5752079227835283,4.579999999999998,68.88333333333334,57.7,6.307270936519746,Cody Ford,T,92.67,2.813660086985621,0.1415189026430244,0.07328605200945626,1355,97,0.07158671586715867,0.008118081180811807,92.84073800738007,88.6,95.95,2.5134889430165956,7.3500000000000085,60.583333333333336,45.7,7.56159154323127,Cody Ford,T,88.6,4.240738007380074,0.14243542435424356,0.11398963730569948,595,-0.12268177,256.0,40.0,84.0,-2.7070053,-0.0002061878487394958,0.43025210084033616,0.06722689075630252,0.1411764705882353
2019,CAR,CAR,6,6,3557,204,0.057351700871520944,0.009839752600506044,94.26551307281417,89.91,96.19,2.332532243435592,6.280000000000001,62.46666666666667,43.8,14.042316997798713,Dennis Daley,T,89.91,4.355513072814176,0.12819791959516447,0.10087719298245613,1495,138,0.09230769230769231,0.020066889632107024,90.77046153846153,84.74,95.7,3.6222962330543895,10.960000000000008,53.61666666666667,26.5,22.107412030056043,Dennis Daley,T,84.74,6.030461538461537,0.12709030100334448,0.15263157894736842,716,-62.043537,320.0,58.0,100.0,-2.5478563,-0.0866529846368715,0.44692737430167595,0.08100558659217877,0.13966480446927373
2019,CHI,CHI,7,6,3364,151,0.04488703923900119,0.004161712247324614,95.50933115338881,91.46,97.25,2.018257145351383,5.790000000000006,62.8142857142857,38.0,13.264417134000343,Rashaad Coward,G,94.1,1.4093311533888198,0.12604042806183116,0.0589622641509434,1464,104,0.07103825136612021,0.007513661202185792,92.89684426229509,85.53,96.03,3.604198609822663,10.5,53.12857142857143,23.2,17.259559118134536,Charles Leno Jr.,T,90.4,2.4968442622950846,0.2062841530054645,0.09602649006622517,647,-27.863617,284.0,45.0,79.0,-1.821152,-0.043065868624420404,0.43894899536321486,0.0695517774343122,0.12210200927357033
2019,CIN,CIN,8,6,3387,191,0.056392087392973134,0.010628875110717449,94.36058458813109,91.12,96.25,1.926154106725923,5.1299999999999955,58.975,26.1,15.471332937311603,John Jerry,T,91.4,2.960584588131084,0.09270741068792442,0.08598726114649681,1550,149,0.09612903225806452,0.016774193548387096,90.38736129032259,84.06,94.22,3.868680099760861,10.159999999999997,49.05,26.3,16.876949622826647,John Jerry,T,84.4,5.987361290322582,0.09096774193548388,0.15602836879432624,675,-73.76654,277.0,48.0,81.0,-4.979464,-0.10928376296296297,0.4103703703703704,0.07111111111111111,0.12
2019,CLV,CLE,7,6,3222,151,0.04686530105524519,0.006517690875232775,95.31253258845437,91.92,97.39,2.1506621350290285,5.469999999999999,65.94285714285715,40.1,16.81039927573179,Eric Kush,G,92.91,2.4025325884543776,0.08752327746741155,0.07092198581560284,1308,105,0.08027522935779817,0.011467889908256881,91.97282110091743,85.47,95.47,4.087337589608737,10.0,54.50000000000001,21.1,22.808477955941438,Eric Kush,G,85.47,6.50282110091743,0.08944954128440367,0.1452991452991453,597,-8.088623,253.0,41.0,66.0,-3.160044,-0.013548782244556114,0.423785594639866,0.06867671691792294,0.11055276381909548
2019,DAL,DAL,6,5,3115,122,0.0391653290529695,0.0019261637239165329,96.08420545746388,94.35,98.48,1.5078815161234238,4.13000000000001,74.56666666666666,62.7,10.584265050851034,Tyron Smith,T,94.35,1.7342054574638865,0.17046548956661317,0.05649717514124294,1533,90,0.05870841487279843,0.0032615786040443573,94.13033920417482,92.58,97.37,1.8579711156707144,4.790000000000006,67.63333333333333,53.2,11.884387517523427,Tyron Smith,T,92.58,1.5503392041748185,0.1669928245270711,0.07421875,641,125.93811,335.0,23.0,83.0,0.9661918,0.19647131045241809,0.5226209048361935,0.0358814352574103,0.1294851794071763
2019,DEN,DEN,5,5,2762,113,0.04091238233164374,0.0068790731354091235,95.908924692252,93.65,97.54,1.6072585355194102,3.8900000000000006,73.38,62.0,7.868735603640525,Elijah Wilkinson,T,93.65,2.2589246922519948,0.18247646632874728,0.06349206349206349,1273,84,0.06598586017282011,0.01178318931657502,93.4031500392773,88.84,96.73,3.2126048621017804,7.890000000000001,70.94,56.9,9.882712178344566,Elijah Wilkinson,T,88.84,4.5631500392773034,0.18303220738413198,0.11158798283261803,566,-29.091417,233.0,41.0,81.0,-2.503917,-0.05139826325088339,0.411660777385159,0.07243816254416961,0.1431095406360424
2019,DET,DET,7,6,3353,163,0.04861318222487325,0.0056665672532060845,95.13790337011632,91.76,97.17,1.8808749230585398,5.409999999999997,67.68571428571428,59.4,6.115670737656546,Rick Wagner,T,92.93,2.2079033701163127,0.1392782582761706,0.07066381156316917,1462,115,0.0786593707250342,0.008891928864569083,92.13364569083448,86.61,94.98,2.694459924681436,8.370000000000005,59.25714285714286,54.0,6.911550029445192,Rick Wagner,T,89.95,2.1836456908344815,0.13611491108071136,0.10050251256281408,639,23.666819,279.0,43.0,89.0,-3.4678013,0.03703727543035994,0.43661971830985913,0.06729264475743349,0.13928012519561817
2019,GB,GB,5,5,3161,148,0.04682062638405568,0.005378044922492882,95.31799114204367,93.44,96.71,1.3121089893755027,3.269999999999996,72.91999999999999,57.5,11.210352358422993,Billy Turner,G,93.44,1.877991142043669,0.2170199304017716,0.06559766763848396,1245,90,0.07228915662650602,0.008835341365461847,92.77047389558233,89.96,96.2,2.9428778432004283,6.240000000000009,66.46000000000001,49.6,11.225773915414472,David Bakhtiari,T,89.96,2.8104738955823336,0.21606425702811244,0.10037174721189591,636,61.32022,283.0,36.0,84.0,0.7176124,0.09641544025157232,0.4449685534591195,0.05660377358490566,0.1320754716981132
2019,HST,HOU,7,5,3169,145,0.045755758914484065,0.0050489113284947935,95.42565162511833,90.31,97.98,2.497441548007537,7.670000000000002,72.01428571428572,56.6,10.816411692643817,Tytus Howard,T,93.4,2.0256516251183285,0.09561375828337015,0.066006600660066,1256,94,0.07484076433121019,0.009554140127388535,92.51478503184713,82.8,97.24,4.751550123004972,14.439999999999998,66.4,42.6,14.513097532918326,Tytus Howard,T,88.71,3.804785031847132,0.09872611464968153,0.11290322580645161,630,75.42518,305.0,49.0,88.0,1.4690926,0.11972250793650793,0.48412698412698413,0.07777777777777778,0.13968253968253969
2019,IND,IND,5,5,3056,163,0.05333769633507853,0.004581151832460733,94.66575589005235,92.58,96.68,1.8466943439562529,4.1000000000000085,72.52000000000001,56.9,11.34491075328493,Braden Smith,T,92.58,2.0857558900523543,0.20287958115183247,0.07419354838709677,1329,116,0.0872836719337848,0.009029345372460496,91.27091045899174,87.04,96.06,4.011049737911513,9.019999999999996,66.82000000000001,41.2,16.512631528620748,Braden Smith,T,87.04,4.23091045899173,0.20316027088036118,0.12962962962962962,578,-22.810572,255.0,32.0,92.0,-4.0578585,-0.03946465743944637,0.4411764705882353,0.05536332179930796,0.15916955017301038
2019,JAX,JAX,6,6,3621,180,0.04971002485501243,0.007180336923501795,95.03031759182545,92.41,98.37,2.311397845460624,5.960000000000008,63.600000000000016,43.1,14.353396810511443,Cam Robinson,T,92.41,2.6203175918254544,0.16376691521679093,0.07588532883642496,1859,148,0.07961269499731038,0.011834319526627219,92.04039806347497,87.2,97.61,3.931081276188522,10.409999999999997,55.68333333333334,26.3,18.533258393133856,Will Richardson Jr.,G,87.2,4.840398063474964,0.08821947283485745,0.12804878048780488,690,-18.82742,287.0,42.0,81.0,-2.6896377,-0.027286115942028986,0.41594202898550725,0.06086956521739131,0.11739130434782609
2019,KC,KC,7,6,3343,106,0.03170804666467245,0.003888722704157942,96.82850134609632,93.66,99.13,1.7075267550019877,5.469999999999999,71.24285714285715,54.5,11.058459377757998,Cameron Erving,T,93.66,3.1685013460963205,0.1226443314388274,0.06341463414634146,1249,76,0.06084867894315452,0.007205764611689352,93.91750200160128,85.92,98.46,4.058467925801791,12.539999999999992,61.71428571428572,34.6,14.93211623441551,Cameron Erving,T,85.92,7.997502001601276,0.11369095276220977,0.14084507042253522,626,150.60733,310.0,25.0,71.0,1.985212,0.24058678913738019,0.4952076677316294,0.039936102236421724,0.1134185303514377
2019,LA,LA,8,7,3448,188,0.054524361948955914,0.0034802784222737818,94.54855858468677,91.69,96.84,1.9570604779325849,5.150000000000006,56.5625,45.4,12.21579042527686,Rob Havenstein,T,91.69,2.858558584686776,0.11513921113689095,0.08312342569269521,1480,142,0.09594594594594595,0.007432432432432433,90.40552027027026,84.4,93.57,3.5424847514542264,9.169999999999987,44.6,33.5,13.50269814306967,Rob Havenstein,T,85.41,4.995520270270262,0.125,0.14594594594594595,665,63.104424,308.0,22.0,77.0,-1.8130316,0.09489387067669174,0.4631578947368421,0.03308270676691729,0.11578947368421053
2019,LAC,LAC,7,5,3187,195,0.06118606840288673,0.008471917163476624,93.88018198933166,90.91,97.22,2.4586949693650384,6.310000000000002,60.27142857142858,52.3,8.094795506108497,Trent Scott,T,91.04,2.840181989331654,0.17163476623784124,0.08957952468007313,1526,122,0.0799475753604194,0.011140235910878113,92.00572739187417,86.3,96.74,3.544046651310711,10.439999999999998,55.728571428571435,36.1,12.051516403301601,Trent Scott,T,86.3,5.705727391874177,0.17693315858453473,0.13703703703703704,635,61.709187,317.0,34.0,92.0,3.6837811,0.0971798220472441,0.49921259842519683,0.05354330708661417,0.14488188976377953
2019,MIA,MIA,7,7,3541,217,0.06128212369387179,0.008189776899181022,93.87440553515957,89.52,96.99,2.3123756079800164,7.469999999999999,50.37142857142857,32.0,14.563506249722774,J'Marcus Webb,T,89.52,4.354405535159572,0.10505506918949449,0.10483870967741936,1687,143,0.08476585655008892,0.012448132780082987,91.52467101363366,86.52,96.08,3.1372963792776383,9.560000000000002,48.128571428571426,31.6,12.65802963678448,J'Marcus Webb,T,86.52,5.0046710136336685,0.1055127445168939,0.1348314606741573,714,-27.639435,317.0,58.0,145.0,-2.7364976,-0.03871069327731092,0.44397759103641454,0.08123249299719888,0.2030812324929972
2019,MIN,MIN,6,5,2574,141,0.054778554778554776,0.00777000777000777,94.52139471639472,91.04,96.3,1.7975399856470486,5.259999999999991,57.583333333333336,38.7,14.052390069545703,Pat Elflein,G,93.35,1.1713947163947296,0.18686868686868688,0.06652806652806653,869,87,0.1001150747986191,0.01380897583429229,89.98799769850403,81.43,92.7,4.289963480808041,11.269999999999996,42.550000000000004,18.0,17.601335176627934,Pat Elflein,G,87.04,2.9479976985040253,0.18642117376294592,0.12962962962962962,506,75.5466,237.0,28.0,66.0,3.4206212,0.14930158102766797,0.4683794466403162,0.05533596837944664,0.13043478260869565
2019,NE,NE,6,6,3324,141,0.042418772563176894,0.005716004813477738,95.75739771359807,92.74,97.74,1.9220171695382942,5.0,70.33333333333333,57.8,10.52191364090519,Marshall Newhouse,T,92.74,3.017397713598072,0.13267148014440433,0.07256235827664399,1317,84,0.06378132118451026,0.009870918754745633,93.62334851936217,87.34,97.88,3.999293270900079,10.539999999999992,67.13333333333334,49.8,10.844291893280385,Marshall Newhouse,T,87.34,6.283348519362164,0.11996962794229309,0.12658227848101267,653,15.060003,275.0,28.0,89.0,-2.0284302,0.023062791730474732,0.4211332312404288,0.042879019908116385,0.1362940275650842
2019,NO,NO,6,5,3095,117,0.037802907915993535,0.002584814216478191,96.21961550888528,94.69,97.86,1.227768979355101,3.1700000000000017,70.66666666666667,50.7,13.87467717342161,Larry Warford,G,95.04,1.179615508885277,0.19547657512116318,0.049586776859504134,1339,78,0.05825242718446602,0.005227781926811053,94.17587005227782,91.1,96.45,1.9120564845213137,5.3500000000000085,66.26666666666667,46.3,14.625821914226451,Andrus Peat,G,91.1,3.0758700522778213,0.10903659447348768,0.08904109589041095,616,112.73154,314.0,25.0,58.0,4.0840826,0.18300574675324674,0.5097402597402597,0.040584415584415584,0.09415584415584416
2019,NYG,NYG,6,5,3531,186,0.052676295666949875,0.006513735485698103,94.73133673180402,91.81,96.79,1.9350391899562838,4.980000000000004,68.4,56.1,6.708800190794177,Nate Solder,T,91.81,2.9213367318040184,0.1937128292268479,0.08187134502923976,1775,141,0.07943661971830986,0.010140845070422535,92.0569014084507,87.17,95.2,3.517200117517721,8.030000000000001,63.883333333333326,48.6,9.832276779396857,Nate Solder,T,87.17,4.886901408450697,0.19323943661971832,0.1282798833819242,682,-33.990635,287.0,43.0,117.0,-2.06658,-0.04983964076246334,0.4208211143695015,0.06304985337243402,0.17155425219941348
2019,NYJ,NYJ,8,8,2931,181,0.06175366769020812,0.008188331627430911,93.82462981917433,91.49,96.76,1.8934204687360336,5.27000000000001,61.412499999999994,52.5,7.9682293247263285,Brandon Shell,T,91.49,2.3346298191743386,0.17229614466052542,0.08514851485148515,1362,116,0.08516886930983847,0.013215859030837005,91.48447136563877,87.34,94.19,2.3646307473744326,6.849999999999994,58.375,49.1,7.330513527129499,Brandon Shell,T,87.34,4.144471365638765,0.17400881057268722,0.12658227848101267,584,-77.44335,231.0,52.0,105.0,0.096801616,-0.13260847602739725,0.3955479452054795,0.08904109589041095,0.1797945205479452
2019,OAK,LV,6,5,2479,80,0.03227107704719645,0.0060508269463493344,96.77438886647843,93.71,99.43,1.9105749570918917,5.720000000000013,78.41666666666667,68.4,9.61673887898942,Kolton Miller,T,93.71,3.0643888664784384,0.23719241629689392,0.06292517006802721,1176,64,0.05442176870748299,0.011054421768707483,94.55783163265306,88.85,99.6,3.5614683301507353,10.75,67.96666666666665,47.6,15.626473263877129,Kolton Miller,T,88.85,5.707831632653068,0.23639455782312926,0.11151079136690648,565,85.13879,279.0,29.0,50.0,5.668253,0.15068812389380531,0.49380530973451325,0.05132743362831858,0.08849557522123894
2019,PHI,PHI,7,6,3583,185,0.051632710019536704,0.005302818866871337,94.8363940831705,86.34,96.91,3.5640466567412616,10.569999999999993,72.88571428571429,59.2,10.817644317106591,Halapoulivaati Vaitai,G,92.78,2.0563940831705025,0.08121685738208205,0.07216494845360824,1325,115,0.08679245283018867,0.00830188679245283,91.32070188679246,73.13,94.17,7.4455889785896225,21.040000000000006,64.11428571428571,41.1,13.162374224967746,Isaac Seumalo,G,90.67,0.6507018867924614,0.20226415094339623,0.09328358208955224,679,23.961784,317.0,37.0,98.0,-0.87777233,0.035289814432989695,0.46686303387334316,0.054491899852724596,0.14432989690721648
2019,PIT,PIT,6,5,2986,139,0.04655056932350971,0.004353650368385801,95.34540187541862,93.47,98.28,1.7229935190437213,4.810000000000002,73.41666666666667,57.7,9.779451245681768,Ramon Foster,G,93.47,1.8754018754186177,0.16912257200267916,0.06534653465346535,1628,111,0.06818181818181818,0.006756756756756757,93.18288083538084,89.61,97.06,2.393454964411628,7.450000000000003,64.80000000000001,43.1,13.569672066781866,Ramon Foster,G,89.61,3.5728808353808432,0.17137592137592136,0.1039426523297491,561,-72.1566,222.0,32.0,77.0,-1.3448318,-0.12862139037433154,0.39572192513368987,0.0570409982174688,0.13725490196078433
2019,SEA,SEA,8,6,3306,169,0.051119177253478525,0.008166969147005444,94.886684815487,90.95,96.41,2.0335081404171587,5.459999999999994,57.55,35.4,12.160944512190301,Germain Ifedi,T,92.42,2.4666848154869996,0.1996370235934664,0.07575757575757576,1280,108,0.084375,0.0140625,91.564171875,86.05,96.19,3.4839007284528485,10.14,52.912499999999994,42.9,10.602484547096902,Germain Ifedi,T,86.05,5.514171875000002,0.2015625,0.13953488372093023,609,70.75202,300.0,48.0,109.0,6.910254,0.11617737274220033,0.49261083743842365,0.07881773399014778,0.17898193760262726
2019,SF,SF,7,7,2710,135,0.04981549815498155,0.007380073800738007,95.01834317343173,91.45,97.28,2.029054436125827,5.829999999999998,68.3,45.0,12.202595352355717,Justin Skule,T,91.45,3.568343173431728,0.0992619926199262,0.08550185873605948,935,90,0.0962566844919786,0.014973262032085561,90.3745347593583,80.95,95.56,4.919620097605293,14.61,59.214285714285715,23.4,18.243211392316923,Justin Skule,T,80.95,9.424534759358295,0.08983957219251337,0.19047619047619047,529,87.01784,265.0,36.0,73.0,2.519517,0.1644949716446125,0.500945179584121,0.06805293005671077,0.13799621928166353
2019,TB,TB,6,5,3650,149,0.04082191780821918,0.004931506849315068,95.9157698630137,94.48,98.0,1.40121375956704,3.519999999999996,75.55,59.4,8.97769458157271,Alex Cappa,G,94.48,1.4357698630136895,0.15397260273972602,0.05516014234875445,1802,106,0.058823529411764705,0.008879023307436182,94.11853496115428,90.22,97.59,2.500125996824961,7.3700000000000045,68.81666666666668,52.6,9.71625785303512,Alex Cappa,G,92.53,1.5885349611542807,0.15593784683684794,0.07473309608540925,711,47.32836,342.0,47.0,103.0,0.6438578,0.06656590717299579,0.4810126582278481,0.06610407876230662,0.14486638537271448
2019,TEN,TEN,7,6,2844,119,0.04184247538677918,0.009845288326300985,95.81476090014064,93.28,98.07,1.7249416829341797,4.789999999999992,68.61428571428571,44.5,16.778798980800005,Jamil Douglas,G,93.28,2.5347609001406397,0.08368495077355836,0.06722689075630252,1275,91,0.07137254901960784,0.018823529411764704,92.86213333333332,89.12,96.86,3.20517215940557,7.739999999999995,60.10000000000001,23.4,22.25279008723775,Jack Conklin,T,89.12,3.7421333333333138,0.18745098039215685,0.1087866108786611,529,70.92153,258.0,56.0,97.0,3.8143325,0.13406716446124764,0.4877126654064272,0.10586011342155009,0.1833648393194707
2019,WAS,WAS,6,5,2785,136,0.04883303411131059,0.006463195691202872,95.11731418312387,91.62,97.72,2.3613280161807237,6.099999999999994,63.96666666666666,37.0,13.536567757990454,Morgan Moses,T,93.17,1.947314183123865,0.19461400359066428,0.06826568265682657,1284,100,0.0778816199376947,0.011682242990654205,92.21059968847352,87.63,95.98,3.3636171006819473,8.350000000000009,56.88333333333333,23.3,17.110396449722213,Morgan Moses,T,88.21,4.000599688473528,0.19158878504672897,0.11788617886178862,548,-79.27847,232.0,50.0,93.0,-2.7803047,-0.14466874087591242,0.4233576642335766,0.09124087591240876,0.16970802919708028
2020,ARZ,ARI,6,6,3302,110,0.03331314354936402,0.0030284675953967293,96.66732283464569,95.91,97.47,0.5254712170994715,1.5600000000000023,67.23333333333333,46.1,14.204459393678688,Mason Cole,C,95.91,0.7573228346456915,0.17050272562083585,0.04085257548845471,1124,51,0.045373665480427046,0.006227758007117438,95.46138790035587,94.15,96.62,0.9893381626117524,2.469999999999999,62.616666666666674,28.0,19.748156032062,Mason Cole,C,94.15,1.311387900355868,0.16725978647686832,0.05851063829787234,648,39.33096,315.0,29.0,51.0,2.14377,0.060695925925925924,0.4861111111111111,0.044753086419753084,0.0787037037037037
2020,ATL,ATL,6,5,3382,155,0.045830869308101714,0.004730928444707274,95.41554109994085,92.23,96.05,1.4719567475529491,3.819999999999993,62.949999999999996,46.6,12.87054777389059,Kaleb McGary,T,94.7,0.7155410999408502,0.16735659373151981,0.053003533568904596,1488,112,0.07526881720430108,0.010080645161290322,92.47573252688171,85.71,94.69,3.1601329085973595,8.980000000000004,55.25,34.6,15.599326908556023,Kaleb McGary,T,91.57,0.9057325268817209,0.16733870967741934,0.08433734939759036,687,71.4573,324.0,41.0,111.0,1.2736852,0.10401353711790394,0.47161572052401746,0.05967976710334789,0.1615720524017467
2020,BLT,BAL,8,7,2510,121,0.04820717131474104,0.006772908366533864,95.17968525896414,89.76,97.09,2.6755119670287932,7.329999999999998,68.4375,50.2,14.837591015486886,D.J. Fluker,T,89.76,5.419685258964137,0.10119521912350597,0.10236220472440945,967,92,0.09513960703205791,0.01344364012409514,90.48587383660806,80.61,94.81,4.672515382532198,14.200000000000003,55.0,26.4,21.380698906122916,D.J. Fluker,T,80.61,9.875873836608065,0.10134436401240951,0.19387755102040816,486,62.05873,226.0,32.0,58.0,-0.03570137,0.12769286008230452,0.46502057613168724,0.06584362139917696,0.11934156378600823
2020,BUF,BUF,7,6,3339,164,0.04911650194669063,0.003893381251871818,95.08706199460917,93.16,96.93,1.511950805448129,3.7700000000000102,61.185714285714276,48.4,13.617565686938883,Brian Winters,G,93.16,1.9270619946091756,0.11829889188379754,0.06835443037974684,1379,101,0.07324147933284988,0.007251631617113851,92.67598984771574,87.2,96.07,3.5137132712247503,8.86999999999999,50.542857142857144,21.0,20.48315219416982,Brian Winters,G,87.2,5.475989847715738,0.11892675852066716,0.12804878048780488,653,188.41623,360.0,27.0,71.0,6.1042614,0.28853940275650847,0.5513016845329249,0.04134762633996937,0.10872894333843798
2020,CAR,CAR,7,4,3101,123,0.03966462431473718,0.006127055788455337,96.03280232183168,92.9,97.11,1.7139469903454658,4.209999999999994,62.74285714285714,41.7,13.40607538181317,Michael Schofield III,G,92.9,3.132802321831676,0.054498548855207996,0.07100591715976332,1198,80,0.0667779632721202,0.011686143572621035,93.32210350584307,87.21,96.43,3.7767610209707256,9.220000000000013,53.54285714285715,38.3,14.402413818854251,Trent Scott,T,87.21,6.112103505843081,0.07178631051752922,0.12790697674418605,624,31.631458,294.0,36.0,76.0,3.007278,0.0506914391025641,0.47115384615384615,0.057692307692307696,0.12179487179487179
2020,CHI,CHI,8,6,3370,149,0.04421364985163205,0.005341246290801187,95.57839465875372,91.7,98.06,1.9597375917636086,6.359999999999999,58.4125,46.1,9.485543511801826,Charles Leno Jr.,T,93.95,1.6283946587537201,0.2059347181008902,0.06051873198847262,1184,94,0.07939189189189189,0.01266891891891892,92.06010979729732,83.33,96.58,4.102044786270797,13.25,54.137499999999996,37.5,11.49359293569372,Bobby Massie,T,89.74,2.32010979729732,0.09881756756756757,0.10256410256410256,670,-9.314602,313.0,36.0,98.0,1.1553165,-0.01390239104477612,0.4671641791044776,0.05373134328358209,0.14626865671641792
2020,CIN,CIN,8,7,3243,168,0.05180388529139685,0.005550416281221091,94.81948812827628,92.03,98.0,2.0324751799573977,5.969999999999999,57.0,40.8,13.812727050493272,Bobby Hart,T,92.03,2.7894881282762753,0.1702127659574468,0.07971014492753623,1336,112,0.08383233532934131,0.012724550898203593,91.61826347305389,87.5,96.79,3.220443347917003,9.290000000000006,51.9375,29.0,18.779619462141856,Bobby Hart,T,87.5,4.1182634730538865,0.16766467065868262,0.125,649,-6.7472615,294.0,48.0,118.0,0.050641015,-0.010396396764252696,0.4530046224961479,0.07395993836671803,0.18181818181818182
2020,CLV,CLE,6,5,2747,78,0.028394612304332,0.004004368401892974,97.15866763742264,95.73,98.97,1.2121289810357065,3.239999999999995,78.91666666666667,62.9,8.35617536117252,Wyatt Teller,G,95.76,1.3986676374226334,0.12886785584273752,0.0423728813559322,1105,57,0.051583710407239816,0.004524886877828055,94.84369230769231,90.62,98.31,2.6192320757555385,7.689999999999998,69.19999999999999,48.4,11.98048413045149,Wyatt Teller,G,92.57,2.273692307692315,0.1339366515837104,0.07432432432432433,548,93.887085,281.0,26.0,52.0,2.8896391,0.17132679744525547,0.5127737226277372,0.04744525547445255,0.0948905109489051
2020,DAL,DAL,8,6,3589,179,0.049874616884926164,0.00780161604903873,95.01183895235441,92.21,96.73,1.7330644823548849,4.52000000000001,59.8625,49.1,9.013313565419292,Terence Steele,T,92.21,2.801838952354416,0.17163555307885206,0.07792207792207792,1565,126,0.08051118210862619,0.011501597444089457,91.94988498402556,88.1,95.43,2.6795948521051782,7.3300000000000125,56.0375,39.6,11.356299384671297,Terence Steele,T,88.1,3.8498849840255644,0.1718849840255591,0.11895910780669144,708,-15.056929,344.0,44.0,94.0,-1.1122749,-0.021266848870056497,0.4858757062146893,0.062146892655367235,0.1327683615819209
2020,DEN,DEN,7,5,3078,130,0.04223521767381416,0.002599090318388564,95.77539311241065,90.91,97.91,2.200747708436948,7.0,59.94285714285716,25.1,20.302204900195537,Elijah Wilkinson,T,94.29,1.485393112410648,0.1023391812865497,0.05714285714285714,1550,100,0.06451612903225806,0.005161290322580645,93.55115483870968,85.37,96.86,3.9420504695858334,11.489999999999995,53.114285714285714,27.3,21.594708346523888,Elijah Wilkinson,T,89.33,4.22115483870968,0.0967741935483871,0.10666666666666667,616,-69.51182,245.0,32.0,100.0,-5.0908275,-0.11284386363636363,0.3977272727272727,0.05194805194805195,0.16233766233766234
2020,DET,DET,8,6,3430,138,0.0402332361516035,0.006122448979591836,95.97586588921284,93.96,98.52,1.5576349975890653,4.560000000000002,62.0,45.2,13.872068544895734,Jonah Jackson,G,94.7,1.275865889212838,0.19271137026239066,0.0529500756429652,1436,104,0.07242339832869081,0.011838440111420613,92.75777855153204,88.79,97.67,3.057000163559039,8.879999999999995,54.412499999999994,32.4,16.397076176649822,Halapoulivaati Vaitai,G,88.79,3.967778551532035,0.0807799442896936,0.11206896551724138,639,46.553566,307.0,42.0,91.0,-1.0714905,0.07285378090766823,0.48043818466353677,0.06572769953051644,0.14241001564945227
2020,GB,GB,6,6,2923,84,0.028737598357851522,0.003079028395484092,97.12496749914473,95.23,99.08,1.5016213459679715,3.8499999999999943,76.5,61.5,10.591317198535785,Billy Turner,T,95.23,1.8949674991447267,0.17926787547040712,0.04770992366412214,1113,65,0.05840071877807727,0.006289308176100629,94.15999999999998,89.34,98.85,3.4149182518278027,9.509999999999991,71.08333333333333,56.6,10.780244276762316,Billy Turner,T,89.34,4.819999999999979,0.17699910152740342,0.1065989847715736,568,191.25986,309.0,21.0,49.0,7.185555,0.3367251056338028,0.5440140845070423,0.03697183098591549,0.08626760563380281
2020,HST,HOU,7,5,3241,161,0.04967602591792657,0.005553841406973156,95.03123110151186,92.51,96.66,1.7991466231045679,4.1499999999999915,67.32857142857144,60.6,9.375449195587782,Tytus Howard,T,92.51,2.5212311015118587,0.17309472385066338,0.0748663101604278,1515,119,0.07854785478547854,0.010561056105610561,92.14406600660067,87.01,96.58,3.7016875173615698,9.569999999999993,58.84285714285714,44.9,15.157490683141583,Tytus Howard,T,87.22,4.924066006600668,0.17557755775577558,0.12781954887218044,660,139.73853,348.0,50.0,96.0,6.5158954,0.21172504545454546,0.5272727272727272,0.07575757575757576,0.14545454545454545
2020,IND,IND,5,5,2730,97,0.03553113553113553,0.002564102564102564,96.44556043956044,95.42,97.85,1.1989703916277454,2.4299999999999926,73.5,65.1,7.475961476626268,Mark Glowinski,G,95.42,1.0255604395604365,0.22417582417582418,0.0457516339869281,1187,69,0.05812973883740522,0.005054759898904802,94.1867649536647,91.15,96.25,1.9205936582213297,5.099999999999994,66.60000000000001,56.3,10.204900783447142,Braden Smith,T,91.15,3.036764953664701,0.19039595619208088,0.08849557522123894,574,86.87415,280.0,21.0,57.0,0.10811882,0.15134869337979093,0.4878048780487805,0.036585365853658534,0.09930313588850175
2020,JAX,JAX,7,6,3534,161,0.045557441992076966,0.005942275042444821,95.44371533672891,91.92,98.88,2.315911833176646,6.959999999999994,68.67142857142856,51.2,13.636558007272738,Jawaan Taylor,T,91.92,3.5237153367289125,0.20316921335597057,0.0807799442896936,1659,118,0.07112718505123568,0.010247136829415311,92.88847498493067,88.76,98.27,3.337531166253624,9.509999999999991,61.528571428571425,40.4,14.60715741063427,Jawaan Taylor,T,88.76,4.128474984930662,0.20373719107896324,0.11242603550295859,694,-37.90398,305.0,44.0,81.0,-0.696773,-0.05461668587896253,0.43948126801152737,0.06340057636887608,0.11671469740634005
2020,KC,KC,7,5,3322,127,0.03822998193859121,0.002408187838651415,96.17532510535821,94.79,98.82,1.479813373046619,4.029999999999987,69.41428571428573,52.6,10.786013871588299,Andrew Wylie,G,94.79,1.3853251053582056,0.19656833232992174,0.05206738131699847,1289,90,0.06982156710628394,0.003878975950349108,93.01743987587277,89.51,98.32,3.575215611213771,8.809999999999988,58.05714285714286,25.4,19.009897171636425,Nick Allegretti,G,89.51,3.5074398758727625,0.1256788207913111,0.10493827160493827,696,208.06279,377.0,24.0,86.0,2.8343315,0.29894079022988507,0.5416666666666666,0.034482758620689655,0.1235632183908046
2020,LA,LA,6,6,3301,129,0.03907906694940927,0.004241139048773099,96.09165101484398,94.41,98.24,1.2523804001447263,3.8299999999999983,69.18333333333332,52.5,13.502505940256672,Joe Noteboom,T,94.41,1.681651014843979,0.11390487730990609,0.05585106382978723,1118,84,0.07513416815742398,0.008944543828264758,92.48549194991055,89.6,96.4,2.2295530194787205,6.800000000000011,54.616666666666674,29.2,18.67484047232176,Joe Noteboom,T,89.6,2.885491949910559,0.11180679785330948,0.104,638,10.778467,298.0,25.0,80.0,0.47873122,0.016894148902821315,0.4670846394984326,0.03918495297805643,0.12539184952978055
2020,LAC,LAC,9,5,3610,199,0.05512465373961219,0.004709141274238227,94.48751800554017,92.27,95.47,1.14906241973378,3.200000000000003,57.111111111111114,50.3,5.521649310768578,Trey Pipkins III,T,92.44,2.0475180055401694,0.09889196675900278,0.07563025210084033,1400,128,0.09142857142857143,0.008571428571428572,90.85714285714286,86.42,92.83,2.3644766862881097,6.409999999999997,47.81111111111111,35.7,7.521210747686246,Trey Pipkins III,T,87.5,3.357142857142861,0.09714285714285714,0.125,687,90.88197,325.0,34.0,105.0,-0.16673036,0.1322881659388646,0.47307132459970885,0.049490538573508006,0.15283842794759825
2020,LV,LV,8,4,3189,151,0.047350266541235496,0.0031357792411414237,95.26477579178426,91.61,97.83,2.031218845914935,6.219999999999999,62.35000000000001,40.1,13.77119146209631,John Simpson,G,91.61,3.6547757917842603,0.04860457823769207,0.08387096774193549,1567,109,0.06955966815571155,0.006381620931716656,93.0445883854499,87.01,97.47,3.239297763404901,10.459999999999994,59.525,40.0,14.14140324417226,Sam Young,T,89.06,3.9845883854498965,0.0816847479259732,0.109375,603,67.36932,300.0,28.0,54.0,2.1979256,0.11172358208955224,0.4975124378109453,0.04643449419568822,0.08955223880597014
2020,MIA,MIA,6,6,3303,143,0.04329397517408417,0.005752346351801393,95.6702089009991,93.0,98.35,1.8053854620735885,5.349999999999994,63.28333333333334,53.3,8.5129117619453,Austin Jackson,T,93.0,2.6702089009991,0.16439600363306087,0.06998158379373849,1336,103,0.07709580838323353,0.010479041916167664,92.29053892215569,86.67,97.4,3.73025870416517,10.730000000000004,55.01666666666667,39.0,13.872911254191264,Austin Jackson,T,86.67,5.6205389221556885,0.16841317365269462,0.13333333333333333,627,46.00603,312.0,34.0,78.0,0.9758768,0.07337484848484849,0.49760765550239233,0.05422647527910686,0.12440191387559808
2020,MIN,MIN,5,5,2760,145,0.05253623188405797,0.007246376811594203,94.74734782608695,92.51,96.3,1.5671853751231841,3.789999999999992,54.339999999999996,36.7,17.354048519005588,Dakota Dozier,G,92.51,2.237347826086946,0.22246376811594204,0.0749185667752443,976,94,0.09631147540983606,0.015368852459016393,90.36813524590164,86.64,94.55,3.250795287310476,7.909999999999997,43.4,22.3,21.453554484047626,Dakota Dozier,G,86.64,3.7281352459016404,0.2223360655737705,0.1336405529953917,576,92.744385,298.0,39.0,113.0,4.5845366,0.16101455729166667,0.5173611111111112,0.06770833333333333,0.19618055555555555
2020,NE,NE,7,5,2499,105,0.04201680672268908,0.008403361344537815,95.79826730692278,93.3,97.12,1.4378654814888456,3.8200000000000074,66.85714285714286,56.4,7.6273318058276764,Shaq Mason,G,94.5,1.2982673069227815,0.1600640256102441,0.055,958,63,0.06576200417536535,0.013569937369519834,93.42606471816282,86.08,97.86,3.5837869037414283,11.780000000000001,59.1857142857143,40.6,11.052816921706516,Justin Herron,T,86.08,7.346064718162822,0.0824634655532359,0.13924050632911392,499,-29.997011,228.0,37.0,77.0,-1.595826,-0.060114250501002005,0.45691382765531063,0.07414829659318638,0.15430861723446893
2020,NO,NO,7,6,2992,121,0.04044117647058824,0.004679144385026738,95.9564739304813,93.77,98.7,1.8574149983755617,4.930000000000007,64.97142857142856,43.4,17.798849615046684,Cesar Ruiz,G,93.77,2.1864739304812986,0.134024064171123,0.06234413965087282,1301,81,0.0622598001537279,0.006149116064565719,93.77455034588777,88.33,96.61,3.3088337752720283,8.280000000000001,54.699999999999996,15.0,23.738857035108772,Nick Easton,G,88.33,5.444550345887777,0.09223674096848578,0.11666666666666667,570,73.18024,279.0,29.0,75.0,2.6253939,0.12838638596491228,0.48947368421052634,0.05087719298245614,0.13157894736842105
2020,NYG,NYG,6,6,3085,186,0.060291734197730956,0.007779578606158833,93.9708719611021,90.73,97.47,2.5316950843259134,6.739999999999995,51.800000000000004,16.9,18.235240607132116,Andrew Thomas,T,90.73,3.2408719611021013,0.1993517017828201,0.09268292682926829,1259,127,0.10087370929308975,0.012708498808578236,89.91447974583002,85.9,96.53,4.018573959337647,10.629999999999995,43.03333333333334,0.0,25.186398445721984,Will Hernandez,G,85.9,4.014479745830016,0.12390786338363781,0.14102564102564102,595,-35.258694,252.0,50.0,113.0,-2.1434622,-0.059258309243697474,0.4235294117647059,0.08403361344537816,0.1899159663865546
2020,NYJ,NYJ,9,6,3087,216,0.06997084548104957,0.008746355685131196,93.00203109815354,86.7,95.02,2.7779628827213956,8.319999999999993,49.62222222222223,18.1,18.724567937457046,Pat Elflein,G,89.96,3.0420310981535437,0.07742144476838354,0.100418410041841,1460,151,0.10342465753424658,0.013013698630136987,89.65486301369863,78.16,93.56,4.5336822782369754,15.400000000000006,42.55555555555556,1.9,21.66270476597458,Alex Lewis,G,89.47,0.18486301369863156,0.11712328767123288,0.10526315789473684,572,-79.777214,232.0,43.0,97.0,-1.8896607,-0.13947065384615384,0.40559440559440557,0.07517482517482517,0.16958041958041958
2020,PHI,PHI,8,6,3564,177,0.049663299663299666,0.009820426487093154,95.03422839506173,90.86,98.01,2.627138584631034,7.150000000000006,69.53750000000001,58.1,8.060651781516004,Jason Peters,T,91.74,3.2942283950617366,0.09511784511784512,0.08259587020648967,1687,131,0.07765263781861292,0.013633669235328987,92.23329579134558,85.86,97.14,4.294357593733564,11.280000000000001,62.2875,43.0,12.08735319012633,Matt Pryor,G,89.03,3.2032957913455817,0.14048606994665086,0.10970464135021098,717,-70.74199,280.0,65.0,139.0,-4.6581883,-0.09866386331938633,0.3905160390516039,0.09065550906555091,0.19386331938633194
2020,PIT,PIT,7,5,3538,124,0.035048049745618995,0.002543810062182024,96.49436404748445,94.06,99.54,1.6407707248206784,5.480000000000004,72.75714285714287,63.1,8.775886876902556,Alejandro Villanueva,T,94.06,2.4343640474844506,0.20463538722442057,0.05939226519337017,1393,94,0.0674802584350323,0.005025125628140704,93.25070351758795,89.12,98.9,3.079087681827356,9.780000000000001,65.45714285714286,54.1,12.316500739909468,Alejandro Villanueva,T,89.12,4.130703517587946,0.20459440057430006,0.10877192982456141,679,51.686775,310.0,14.0,69.0,-0.96012896,0.07612190721649484,0.4565537555228277,0.020618556701030927,0.101620029455081
2020,SEA,SEA,7,6,3279,142,0.04330588594083562,0.004574565416285453,95.66839280268375,92.26,97.03,1.4850236490020068,4.769999999999996,64.52857142857142,48.4,13.551348553522176,Duane Brown,T,95.09,0.5783928026837515,0.21134492223238793,0.049062049062049064,1341,97,0.07233407904548844,0.006711409395973154,92.76568978374348,81.03,96.36,4.860944450657808,15.329999999999998,56.28571428571428,37.0,18.586054680093586,Damien Lewis,G,91.37,1.395689783743478,0.19015659955257272,0.08627450980392157,665,87.37266,334.0,48.0,116.0,6.870043,0.13138745864661652,0.5022556390977444,0.07218045112781955,0.17443609022556392
2020,SF,SF,6,4,2874,136,0.04732080723729993,0.005915100904662491,95.26694154488519,93.02,98.01,1.7604166173570044,4.990000000000009,61.68333333333333,49.2,13.091282086437012,Colton McKivitz,G,93.02,2.246941544885189,0.059846903270702856,0.06976744186046512,1168,91,0.0779109589041096,0.01113013698630137,92.20755993150685,84.93,97.56,4.224902365735804,12.629999999999995,48.666666666666664,25.5,15.97293544301318,Colton McKivitz,G,84.93,7.277559931506843,0.0625,0.1506849315068493,619,37.64847,294.0,39.0,118.0,-1.5973407,0.06082143780290792,0.47495961227786754,0.0630048465266559,0.19063004846526657
2020,TB,TB,5,5,3288,117,0.035583941605839414,0.0033454987834549877,96.440498783455,94.48,98.18,1.3420022354675871,3.700000000000003,68.44,47.7,12.633803861070504,Donovan Smith,T,94.48,1.9604987834549945,0.19282238442822383,0.055205047318611984,1498,85,0.056742323097463285,0.006008010680907877,94.32828437917222,92.67,97.17,1.8000499993055756,4.5,59.519999999999996,31.7,17.180133876079083,Donovan Smith,T,92.67,1.6582843791722155,0.20026702269692923,0.07333333333333333,652,119.70248,316.0,22.0,78.0,3.0884264,0.18359276073619632,0.48466257668711654,0.03374233128834356,0.1196319018404908
2020,TEN,TEN,6,5,2579,114,0.04420317952694843,0.0046529662659945716,95.58046917409848,92.31,98.2,2.0288855725906934,5.890000000000001,59.26666666666667,52.6,6.304495750388498,Ty Sambrailo,T,93.78,1.800469174098481,0.08724311748739821,0.06222222222222222,896,73,0.08147321428571429,0.008928571428571428,91.85262276785714,84.93,96.88,4.583629202571545,11.949999999999989,48.93333333333334,33.6,8.083728512676974,Nate Davis,G,87.69,4.162622767857144,0.21763392857142858,0.12307692307692308,533,132.54599,280.0,25.0,84.0,2.3028848,0.24867915572232643,0.525328330206379,0.04690431519699812,0.1575984990619137
2020,WAS,WAS,7,5,3401,154,0.045280799764775066,0.007644810349897089,95.47226992061158,90.87,97.85,2.3111675054169534,6.97999999999999,71.05714285714286,45.8,13.815794963598384,Morgan Moses,T,94.48,0.9922699206115766,0.20229344310496913,0.055232558139534885,1360,103,0.07573529411764705,0.016176470588235296,92.42895588235294,84.31,96.43,4.390460980244288,12.120000000000005,59.84285714285715,23.7,19.163233647000286,Morgan Moses,T,90.88,1.5489558823529421,0.20147058823529412,0.09124087591240876,671,-64.61652,277.0,50.0,108.0,-1.3329273,-0.09629883755588672,0.4128166915052161,0.07451564828614009,0.16095380029806258
2021,ARZ,ARI,7,6,3471,147,0.04235090751944685,0.005473926822241429,95.76325554595218,93.65,99.17,1.8553346508559216,5.519999999999996,66.58571428571429,48.0,10.269766075139943,D.J. Humphries,T,93.65,2.113255545952171,0.19043503313166235,0.06354009077155824,1236,88,0.07119741100323625,0.009708737864077669,92.88071197411003,89.12,99.39,3.306165956713807,10.269999999999996,58.614285714285714,36.0,14.190187756736293,D.J. Humphries,T,89.12,3.7607119741100234,0.19336569579288027,0.1087866108786611,666,88.37775,332.0,39.0,61.0,4.0659575,0.13269932432432432,0.4984984984984985,0.05855855855855856,0.0915915915915916
2021,ATL,ATL,5,5,3199,187,0.05845576742732104,0.008127539856205065,94.15579556111285,90.84,96.06,2.0667922004884756,5.219999999999999,54.239999999999995,27.6,18.617276922256917,Jalen Mayfield,G,90.84,3.31579556111285,0.1944357611753673,0.09163987138263666,1253,112,0.0893854748603352,0.01596169193934557,91.06278531524343,83.33,94.19,4.447479061221086,10.86,50.6,11.3,23.67129062810053,Jalen Mayfield,G,83.33,7.732785315243433,0.19632881085395051,0.16666666666666666,631,-43.68477,286.0,40.0,129.0,0.7920964,-0.06923101426307449,0.4532488114104596,0.06339144215530904,0.20443740095087162
2021,BLT,BAL,7,5,3738,161,0.04307116104868914,0.0056179775280898875,95.69399143927234,92.93,97.8,1.7989600170257065,4.86999999999999,67.34285714285714,54.8,9.198705913126613,Alejandro Villanueva,T,92.93,2.7639914392723313,0.20438737292669876,0.07068062827225131,1526,118,0.07732634338138926,0.00851900393184797,92.2680996068152,86.67,95.58,3.5217974306960262,8.909999999999997,57.142857142857146,38.0,11.491135299707791,Alejandro Villanueva,T,86.67,5.598099606815197,0.20642201834862386,0.13333333333333333,743,22.769068,351.0,57.0,99.0,0.46131632,0.030644775235531628,0.47240915208613726,0.07671601615074024,0.13324360699865412
2021,BUF,BUF,7,6,3769,179,0.04749270363491642,0.0037145131334571503,95.250413902892,91.95,96.79,1.7672550682316583,4.840000000000003,64.55714285714286,47.2,13.206041186120986,Cody Ford,G,91.95,3.3004139028920036,0.08569912443618997,0.0804953560371517,1642,127,0.07734470158343483,0.0060901339829476245,92.2675700365408,86.89,94.72,2.886667216540142,7.829999999999998,53.771428571428565,33.4,15.889903952480257,Spencer Brown,T,86.89,5.377570036540803,0.11144945188794153,0.13114754098360656,733,121.132675,375.0,27.0,91.0,2.0334373,0.16525603683492499,0.5115961800818554,0.036834924965893585,0.12414733969986358
2021,CAR,CAR,9,8,3450,208,0.06028985507246377,0.00782608695652174,93.96929565217391,91.09,96.27,1.933074695343605,5.179999999999993,50.666666666666664,28.6,14.625235040846354,Cameron Erving,T,91.09,2.8792956521739086,0.10086956521739131,0.08908045977011494,1681,165,0.09815585960737656,0.0148720999405116,90.18558596073765,86.0,93.43,2.760500155970131,7.430000000000007,36.03333333333333,11.0,19.043437189751224,Cameron Erving,T,86.88,3.305585960737659,0.09518143961927424,0.13125,683,-119.5783,277.0,52.0,105.0,-7.1367784,-0.17507803806734992,0.4055636896046852,0.07613469985358712,0.15373352855051245
2021,CHI,CHI,6,5,3275,171,0.052213740458015266,0.006412213740458015,94.77740458015268,92.29,96.01,1.3660417270347185,3.719999999999999,67.25,61.3,6.389913927432828,Larry Borom,T,92.29,2.4874045801526705,0.1267175572519084,0.07710843373493977,1410,122,0.08652482269503546,0.011347517730496455,91.34743262411348,86.26,93.79,2.5744002537808033,7.530000000000001,61.349999999999994,46.7,11.499347807593264,Larry Borom,T,86.26,5.087432624113475,0.12907801418439716,0.13736263736263737,659,-67.70562,285.0,58.0,110.0,-2.7117145,-0.10273993930197269,0.4324734446130501,0.08801213960546282,0.1669195751138088
2021,CIN,CIN,7,6,3100,160,0.05161290322580645,0.008709677419354838,94.84068064516129,91.96,96.55,1.67908705353038,4.590000000000003,56.471428571428575,48.9,6.847801176463942,Jonah Williams,T,93.41,1.4306806451612886,0.20548387096774193,0.06593406593406594,1428,107,0.07492997198879552,0.01050420168067227,92.50723389355744,89.86,95.04,1.9323979674906298,5.180000000000007,52.75714285714286,42.2,7.684802565856228,Jonah Williams,T,89.86,2.6472338935574413,0.20728291316526612,0.10135135135135136,630,93.3871,299.0,55.0,105.0,5.1798687,0.14823349206349207,0.4746031746031746,0.0873015873015873,0.16666666666666666
2021,CLV,CLE,7,5,3019,131,0.04339185160649221,0.006955945677376615,95.66291487247432,91.53,98.3,2.4802073646025193,6.769999999999996,66.64285714285714,36.9,16.56621633957265,Blake Hance,T,91.53,4.132914872474316,0.121232196091421,0.08469945355191257,1125,94,0.08355555555555555,0.014222222222222223,91.64457777777777,83.09,96.82,5.311895455798552,13.72999999999999,59.11428571428571,28.0,19.970847801351894,Blake Hance,T,83.09,8.554577777777766,0.12088888888888889,0.16911764705882354,600,-11.240743,265.0,49.0,76.0,-1.9954708,-0.018734571666666668,0.44166666666666665,0.08166666666666667,0.12666666666666668
2021,DAL,DAL,7,6,3757,128,0.03406973649188182,0.0023955283470854403,96.59481501197764,94.13,97.72,1.482822276863247,3.5900000000000034,75.58571428571429,60.9,10.18518999518886,Terence Steele,T,94.13,2.464815011977649,0.14053766302901252,0.058712121212121215,1602,99,0.06179775280898876,0.004369538077403246,93.82056179775282,89.43,95.19,2.5525011076906314,5.759999999999991,65.8,53.9,11.216059914247962,Terence Steele,T,89.43,4.3905617977528095,0.14169787765293385,0.10572687224669604,706,124.69365,353.0,33.0,80.0,2.1142507,0.17661990084985837,0.5,0.046742209631728045,0.11331444759206799
2021,DEN,DEN,7,6,2893,145,0.05012098167991704,0.00967853439336329,94.98860006913239,92.05,96.07,1.6765483248968047,4.019999999999996,67.60000000000001,52.0,8.895691841185446,Bobby Massie,T,92.56,2.4286000691323864,0.16730038022813687,0.0743801652892562,1236,85,0.06877022653721683,0.015372168284789644,93.12101941747574,89.6,95.38,2.265501100881488,5.780000000000001,62.32857142857143,54.8,7.597085907485467,Bobby Massie,T,89.6,3.521019417475742,0.1634304207119741,0.10396039603960396,605,47.245968,278.0,40.0,93.0,2.4297082,0.07809250909090909,0.45950413223140496,0.06611570247933884,0.1537190082644628
2021,DET,DET,6,6,3051,157,0.0514585381842019,0.004916420845624385,94.85459849229761,90.14,98.24,2.659157761397392,8.099999999999994,65.81666666666668,45.8,13.246345407948063,Matt Nelson,T,90.14,4.714598492297611,0.13634873811864962,0.0985576923076923,1564,124,0.0792838874680307,0.00639386189258312,92.07161125319693,83.63,98.21,4.82538288636249,14.579999999999998,58.416666666666664,36.8,16.59342239161851,Matt Nelson,T,83.63,8.441611253196939,0.1445012787723785,0.16371681415929204,643,-25.651402,289.0,36.0,93.0,-0.0008971843,-0.03989331570762053,0.4494556765163297,0.05598755832037325,0.14463452566096424
2021,GB,GB,8,6,3385,146,0.0431314623338257,0.005317577548005908,95.68828064992616,93.56,97.84,1.4122215275434458,4.280000000000001,69.7125,60.2,6.3505764642724705,Billy Turner,T,93.56,2.128280649926154,0.14682422451994093,0.06438631790744467,1172,102,0.08703071672354949,0.011945392491467578,91.29736348122866,88.3,95.83,2.7540460495164445,7.530000000000001,58.574999999999996,35.4,14.574120899731826,Billy Turner,T,88.3,2.9973634812286605,0.16040955631399317,0.11702127659574468,647,132.59091,324.0,33.0,82.0,4.584308,0.20493185471406491,0.500772797527048,0.05100463678516229,0.1267387944358578
2021,HST,HOU,7,6,2846,125,0.04392129304286718,0.0059732958538299364,95.60690442726631,94.41,97.37,1.0619299591287745,2.960000000000008,58.18571428571429,35.1,14.6474603682036,Charlie Heck,T,94.41,1.1969044272663183,0.18236120871398454,0.055876685934489405,1086,80,0.07366482504604052,0.011970534069981584,92.63443830570901,91.03,95.24,1.7936807063104812,4.209999999999994,50.21428571428571,26.7,18.684077764362947,Max Scharping,G,91.03,1.6044383057090101,0.143646408839779,0.08974358974358974,613,-63.62319,260.0,44.0,89.0,-1.2525474,-0.10378986949429038,0.42414355628058725,0.07177814029363784,0.14518760195758565
2021,IND,IND,8,7,3051,189,0.061946902654867256,0.00688298918387414,93.80526057030481,88.3,96.68,2.8213114351814723,8.38000000000001,59.199999999999996,28.8,13.904264505128324,Eric Fisher,T,91.63,2.1752605703048147,0.16060308095706327,0.0836734693877551,1375,136,0.0989090909090909,0.01309090909090909,90.11007272727274,82.22,94.15,3.907319139402728,11.930000000000007,51.925,19.6,15.537765053479951,Eric Fisher,T,86.83,3.2800727272727386,0.14909090909090908,0.13170731707317074,583,10.582243,260.0,32.0,106.0,-2.3451958,0.018151360205831905,0.44596912521440824,0.0548885077186964,0.18181818181818182
2021,JAX,JAX,6,6,3166,136,0.04295641187618446,0.004737839545167404,95.70238787113077,94.59,97.13,1.0641929649582653,2.539999999999992,67.46666666666665,52.8,8.678171850491708,Cam Robinson,T,94.59,1.112387871130764,0.18098547062539483,0.05410122164048865,1505,104,0.0691029900332226,0.007308970099667774,93.08741528239203,90.84,95.48,1.7730049821325005,4.640000000000001,59.166666666666664,51.5,6.823098025579486,Cam Robinson,T,90.84,2.2474152823920264,0.1813953488372093,0.09157509157509157,670,-58.082947,297.0,32.0,82.0,-4.6488895,-0.08669096567164179,0.44328358208955226,0.04776119402985075,0.12238805970149254
2021,KC,KC,6,6,3868,166,0.042916235780765255,0.004136504653567736,95.70722078593587,91.16,98.76,2.971280868581767,7.6000000000000085,71.10000000000001,57.8,12.786242606802046,Andrew Wylie,T,91.16,4.5472207859358775,0.08479834539813857,0.08841463414634146,1704,124,0.07276995305164319,0.008802816901408451,92.72093896713614,86.0,98.32,5.073412066844166,12.319999999999993,61.86666666666667,49.5,14.291769193023889,Andrew Wylie,T,86.0,6.720938967136135,0.0880281690140845,0.14,751,162.20953,398.0,28.0,87.0,2.7457824,0.2159913848202397,0.5299600532623169,0.037283621837549935,0.11584553928095873
2021,LA,LA,5,5,3112,131,0.04209511568123393,0.008354755784061696,95.79225899742931,94.81,97.32,1.054907578890206,2.509999999999991,72.93999999999998,63.8,11.145985824502024,David Edwards,G,94.81,0.9822589974293123,0.21658097686375322,0.05192878338278932,1433,97,0.06769016050244243,0.013956734124214934,93.23096301465458,91.59,96.4,1.986861847235486,4.810000000000002,63.980000000000004,49.5,16.43006390736202,Austin Corbett,G,91.59,1.6409630146545737,0.21563154221912073,0.08414239482200647,649,112.397514,323.0,31.0,74.0,-0.44129235,0.17318569183359014,0.49768875192604006,0.04776579352850539,0.1140215716486903
2021,LAC,LAC,6,5,3743,149,0.03980764092973551,0.0053433075073470475,96.01893935345981,91.94,98.62,2.270695194575149,6.680000000000007,69.83333333333333,44.9,14.654783064469655,Storm Norton,T,91.94,4.078939353459816,0.19556505476890196,0.08060109289617487,1751,118,0.067390062821245,0.009137635636778984,93.26146773272416,86.21,97.92,3.8739372736274422,11.710000000000008,58.31666666666666,34.5,15.214390118130487,Storm Norton,T,86.21,7.051467732724163,0.1987435750999429,0.13793103448275862,748,125.37375,376.0,31.0,97.0,-0.7824578,0.1676119652406417,0.5026737967914439,0.04144385026737968,0.12967914438502673
2021,LV,LV,6,5,3612,211,0.05841638981173865,0.0069213732004429675,94.15833333333335,90.47,97.67,3.0910063086315454,7.200000000000003,60.98333333333334,29.0,18.54879151499274,Brandon Parker,T,90.47,3.688333333333347,0.1539313399778516,0.09532374100719425,1982,162,0.08173562058526741,0.00958627648839556,91.8276942482341,86.27,97.01,4.7831481961848805,10.740000000000009,57.03333333333333,23.4,20.88038952382514,Brandon Parker,T,86.27,5.5576942482341,0.1432896064581231,0.13732394366197184,686,25.53019,317.0,40.0,85.0,2.1554217,0.03721602040816327,0.4620991253644315,0.05830903790087463,0.1239067055393586
2021,MIA,MIA,6,5,3441,221,0.06422551583841907,0.006393490264458007,93.57573670444638,91.19,97.01,2.370677118462151,5.820000000000007,54.51666666666666,46.9,7.830815198091873,Liam Eichenberg,T,91.19,2.385736704446387,0.2045916884626562,0.08806818181818182,1319,151,0.11448066717210008,0.015163002274450341,88.55103866565578,83.52,94.62,4.432425972309072,11.100000000000009,42.833333333333336,31.0,10.906817439870654,Liam Eichenberg,T,83.52,5.031038665655785,0.20242608036391205,0.1647940074906367,688,6.426696,320.0,40.0,84.0,0.28906715,0.009341127906976743,0.46511627906976744,0.05813953488372093,0.12209302325581395
2021,MIN,MIN,7,5,3475,189,0.054388489208633095,0.004316546762589928,94.56005179856115,90.7,96.83,2.042293295479838,6.1299999999999955,51.98571428571428,39.0,14.278938869471192,Olisaemeka Udoh,G,93.2,1.3600517985611447,0.19050359712230217,0.06797583081570997,1399,136,0.09721229449606862,0.007862759113652609,90.27879914224445,81.82,95.36,4.436757181288414,13.540000000000006,40.042857142857144,18.5,19.623358287413254,Olisaemeka Udoh,G,85.82,4.458799142244459,0.18656182987848463,0.1417624521072797,648,54.855988,289.0,30.0,95.0,0.86561996,0.08465430246913581,0.44598765432098764,0.046296296296296294,0.14660493827160495
2021,NE,NE,7,6,2922,106,0.03627652292950034,0.00513347022587269,96.37177275838467,93.16,97.41,1.638804732840661,4.25,70.12857142857142,45.7,11.613313378146978,Isaiah Wynn,T,94.59,1.7817727583846619,0.17727583846680356,0.05405405405405406,1259,63,0.05003971405877681,0.007942811755361398,94.9958697378872,92.38,98.36,1.8734142500741673,5.980000000000004,65.31428571428572,49.1,13.154141118728676,Isaiah Wynn,T,92.38,2.615869737887209,0.17712470214455917,0.07623318385650224,579,63.308346,287.0,28.0,77.0,2.9032142,0.10934083937823834,0.49568221070811747,0.04835924006908463,0.13298791018998274
2021,NO,NO,6,6,2690,129,0.04795539033457249,0.0044609665427509295,95.20533457249071,93.49,98.38,1.6444087083204104,4.890000000000001,68.93333333333332,43.7,14.308272665373226,Calvin Throckmorton,G,93.49,1.7153345724907183,0.18847583643122676,0.0650887573964497,1374,95,0.06914119359534207,0.005822416302765648,93.08601164483261,90.81,97.37,2.4321101948719344,6.560000000000002,60.366666666666674,38.1,13.746514709797047,Ryan Ramczyk,T,90.81,2.2760116448326073,0.1346433770014556,0.0918918918918919,581,-13.966209,250.0,37.0,86.0,-5.065544,-0.024038225473321857,0.43029259896729777,0.06368330464716007,0.14802065404475043
2021,NYG,NYG,7,6,3363,175,0.0520368718406185,0.007433838834374071,94.79547725245317,92.63,96.52,1.464188382363286,3.8900000000000006,51.457142857142856,22.7,19.998654716660077,Matt Skura,G,93.23,1.5654772524531637,0.1406482307463574,0.06765327695560254,1447,111,0.07671043538355218,0.013130615065653075,92.3302418797512,89.07,94.98,2.736573283018994,5.910000000000011,46.6,10.7,20.425229496874692,Matt Skura,G,89.07,3.260241879751206,0.12646855563234277,0.1092896174863388,662,-122.69528,261.0,38.0,102.0,-4.760361,-0.18534030211480362,0.3942598187311178,0.05740181268882175,0.1540785498489426
2021,NYJ,NYJ,6,5,3339,185,0.055405810122791256,0.004492362982929021,94.4583647798742,91.94,97.08,2.3316946626863473,5.140000000000001,62.23333333333333,52.5,9.23442833458935,Greg Van Roten,G,92.19,2.2683647798742044,0.14195867026055706,0.07805907172995781,1509,128,0.08482438701126574,0.008614976805831677,91.51853545394302,85.42,95.93,4.4779076214976445,10.510000000000005,53.76666666666667,32.5,13.789222844912858,Greg Van Roten,G,87.72,3.7985354539430176,0.15109343936381708,0.12280701754385964,680,-73.506195,283.0,53.0,99.0,-6.617548,-0.1080973455882353,0.4161764705882353,0.07794117647058824,0.14558823529411766
2021,PHI,PHI,7,7,2714,133,0.04900515843773029,0.003316138540899042,95.10088430361091,92.0,97.36,1.9723396790420784,5.359999999999999,71.71428571428572,57.1,9.058040364123757,Andre Dillard,T,92.0,3.1008843036109113,0.09211495946941783,0.08,1250,93,0.0744,0.0032,92.55944000000001,86.09,96.09,3.9430016364138027,10.0,62.60000000000001,43.0,13.627301028939419,Andre Dillard,T,86.09,6.469440000000006,0.092,0.1391304347826087,581,55.42629,265.0,31.0,65.0,0.4275521,0.0953980895008606,0.45611015490533563,0.05335628227194492,0.11187607573149742
2021,PIT,PIT,8,5,3718,138,0.037116729424421735,0.006724045185583647,96.28919311457773,93.47,97.18,1.236052905710063,3.710000000000008,67.2875,54.4,8.538390196217152,Dan Moore Jr.,T,93.47,2.819193114577729,0.1893491124260355,0.06534090909090909,1545,111,0.07184466019417475,0.010355987055016181,92.81561165048544,87.46,95.09,2.499297044027726,7.63000000000001,56.575,41.1,8.63741859585374,Dan Moore Jr.,T,87.46,5.355611650485443,0.19093851132686085,0.12542372881355932,710,-58.372738,283.0,38.0,74.0,-2.7505457,-0.08221512394366197,0.39859154929577467,0.05352112676056338,0.10422535211267606
2021,SEA,SEA,7,6,2822,167,0.059177888022678954,0.00815024805102764,94.0824805102764,91.3,95.13,1.295810097785863,3.8299999999999983,50.25714285714285,32.3,13.040303823512849,Gabe Jackson,G,93.55,0.5324805102764003,0.20340184266477676,0.06445993031358885,1043,109,0.10450623202301054,0.014381591562799617,89.55225311601151,82.93,93.04,3.427812019072113,10.11,38.57142857142857,21.1,15.139541415964828,Brandon Shell,T,88.41,1.142253116011517,0.13231064237775647,0.11594202898550725,569,14.56653,250.0,46.0,98.0,3.8105927,0.025600228471001758,0.43936731107205623,0.08084358523725835,0.17223198594024605
2021,SF,SF,6,6,2880,119,0.04131944444444444,0.005555555555555556,95.86856249999998,93.98,97.99,1.5759526219612878,4.009999999999991,71.71666666666667,51.0,11.792271480366566,Daniel Brunskill,G,93.98,1.8885624999999777,0.2076388888888889,0.06020066889632107,1150,89,0.07739130434782608,0.01391304347826087,92.2612347826087,87.5,97.49,3.837193853151891,9.989999999999995,60.54999999999999,27.9,17.914658802221155,Daniel Brunskill,G,87.5,4.761234782608696,0.20869565217391303,0.125,564,93.149376,269.0,33.0,77.0,1.7509735,0.1651584680851064,0.4769503546099291,0.05851063829787234,0.13652482269503546
2021,TB,TB,5,5,3874,117,0.030201342281879196,0.002839442436757873,96.97910686628808,95.98,98.24,0.9233471719781208,2.259999999999991,76.5,66.2,8.395236744726144,Alex Cappa,G,95.98,0.9991068662880735,0.20547237996902426,0.04020100502512563,1686,94,0.05575326215895611,0.004744958481613286,94.42517200474495,92.22,97.41,2.0792907444607165,5.189999999999998,65.16000000000001,53.3,11.848333216111033,Alex Cappa,G,92.22,2.205172004744952,0.20581257413997628,0.07780979827089338,763,140.66454,388.0,23.0,57.0,1.5622488,0.18435719528178243,0.508519003931848,0.03014416775884666,0.07470511140235911
2021,TEN,TEN,6,6,2953,163,0.055198103623433796,0.009820521503555706,94.4790924483576,93.23,95.88,1.0331263233506334,2.6499999999999915,56.916666666666664,44.8,10.773377681426874,David Quessenberry,T,93.23,1.249092448357601,0.21503555706061633,0.06771653543307087,1217,114,0.09367296631059983,0.01725554642563681,90.63566967953986,87.85,93.97,2.65473476390141,6.1200000000000045,47.81666666666666,29.6,11.760342965520465,Rodger Saffold,G,87.85,2.7856696795398648,0.14872637633525063,0.12154696132596685,601,38.72813,298.0,47.0,111.0,2.4460588,0.06443948419301165,0.49584026622296173,0.07820299500831947,0.18469217970049917
2021,WAS,WAS,9,6,3289,170,0.051687442991790816,0.0082091821222256,94.83280024323503,90.85,97.14,1.8238291525737227,6.290000000000006,69.52222222222221,51.7,10.226286933410602,Cornelius Lucas,T,92.94,1.8928002432350297,0.10763149893584677,0.07062146892655367,1359,107,0.07873436350257543,0.014716703458425313,92.12832965415747,85.14,96.0,3.1465894234869602,10.86,62.05555555555556,41.6,12.372460457717285,Cornelius Lucas,T,89.26,2.8683296541574634,0.10963944076526858,0.10738255033557047,635,-37.666664,277.0,43.0,99.0,-0.008746426,-0.0593175811023622,0.43622047244094486,0.06771653543307087,0.15590551181102363
2022,ARZ,ARI,9,6,3624,168,0.046357615894039736,0.005794701986754967,95.36562637969095,91.74,98.51,2.05390143656192,6.77000000000001,66.11111111111111,46.0,13.112345751661337,Josh Jones,T,93.53,1.8356263796909502,0.11506622516556292,0.06474820143884892,1410,122,0.08652482269503546,0.010638297872340425,91.3477730496454,84.26,95.71,3.543449747225308,11.449999999999989,55.300000000000004,28.6,20.38761879180597,Kelvin Beachum,T,88.45,2.8977730496453944,0.2148936170212766,0.11551155115511551,753,-76.913605,302.0,46.0,90.0,-1.7115636,-0.10214290172642763,0.40106241699867196,0.06108897742363878,0.11952191235059761
2022,ATL,ATL,5,5,2349,83,0.035334184759472115,0.005959982971477224,96.46636015325672,94.78,98.26,1.2527449860206996,3.480000000000004,71.06000000000002,55.1,10.979435322456252,Drew Dalman,C,94.78,1.6863601532567145,0.22009365687526608,0.05222437137330754,678,38,0.05604719764011799,0.01327433628318584,94.39634218289086,90.0,97.37,2.6559781625608303,7.3700000000000045,67.64,55.6,10.428470645305572,Elijah Wilkinson,G,90.0,4.396342182890862,0.10324483775811209,0.1,488,-8.264483,220.0,37.0,79.0,-0.8317484,-0.01693541598360656,0.45081967213114754,0.07581967213114754,0.16188524590163936
2022,BLT,BAL,6,5,2793,105,0.03759398496240601,0.004654493376297888,96.2418940207662,94.63,97.99,1.2615664865555043,3.3599999999999994,76.95,54.7,11.442508466241131,Ronnie Stanley,T,94.63,1.6118940207662007,0.1066953097028285,0.053691275167785234,1096,71,0.06478102189781022,0.009124087591240875,93.52275547445254,87.65,97.44,3.515626070370206,9.789999999999992,65.73333333333333,41.5,13.259059795727095,Morgan Moses,T,90.91,2.612755474452541,0.20072992700729927,0.09090909090909091,563,-19.004255,242.0,38.0,57.0,-1.6950178,-0.03375533747779751,0.42984014209591476,0.0674955595026643,0.10124333925399645
2022,BUF,BUF,7,5,3459,181,0.052327262214512865,0.004914715235617231,94.76747614917606,92.38,96.55,1.5529373090097005,4.170000000000002,61.67142857142857,49.4,10.262506887649216,Spencer Brown,T,92.38,2.3874761491760665,0.15929459381324082,0.07622504537205081,1602,134,0.08364544319600499,0.008114856429463172,91.63285268414481,87.18,95.65,3.246156701906632,8.469999999999999,53.114285714285714,38.8,11.057641184783876,Spencer Brown,T,87.35,4.282852684144814,0.15792759051186017,0.12648221343873517,658,135.79076,340.0,33.0,75.0,0.49875215,0.20636893617021276,0.5167173252279635,0.05015197568389058,0.11398176291793313
2022,CAR,CAR,6,5,2730,99,0.03626373626373627,0.005860805860805861,96.37534065934065,95.11,97.23,0.7372041779588618,2.1200000000000045,68.76666666666667,53.3,10.010128204307211,Ikem Ekwonu,T,95.11,1.2653406593406515,0.2021978021978022,0.04891304347826087,1123,80,0.07123775601068566,0.012466607301869992,92.87446126447017,90.39,95.45,1.7953319098892733,5.060000000000002,56.349999999999994,38.5,14.746219854593242,Ikem Ekwonu,T,90.39,2.48446126447017,0.20391807658058772,0.09606986899563319,510,-38.765007,197.0,36.0,61.0,-4.864885,-0.07600981764705882,0.3862745098039216,0.07058823529411765,0.11960784313725491
2022,CHI,CHI,7,6,2485,126,0.05070422535211268,0.0096579476861167,94.92987122736419,92.62,96.27,1.3986421987055846,3.6499999999999915,67.18571428571428,55.1,6.154247468599382,Braxton Jones,T,92.62,2.3098712273641837,0.2181086519114688,0.07380073800738007,942,91,0.09660297239915075,0.021231422505307854,90.34018046709129,85.44,93.51,2.6589185055295754,8.070000000000007,53.85714285714287,37.6,9.416272642409545,Braxton Jones,T,85.44,4.900180467091289,0.21868365180467092,0.14563106796116504,509,-50.398388,202.0,58.0,88.0,-3.6815543,-0.09901451473477406,0.3968565815324165,0.11394891944990176,0.17288801571709234
2022,CIN,CIN,5,5,3523,155,0.043996593812091964,0.007663922793074085,95.60093954016465,94.06,97.25,1.5527942555277539,3.1899999999999977,61.720000000000006,44.2,13.161192955047806,Jonah Williams,T,94.06,1.5409395401646435,0.2055066704513199,0.05939226519337017,1544,98,0.06347150259067358,0.013601036269430052,93.65507772020726,91.32,95.33,1.7298352522711533,4.010000000000005,61.44,40.6,12.625490089497516,La'el Collins,T,91.32,2.3350777202072663,0.1716321243523316,0.08679245283018867,685,99.45695,343.0,44.0,86.0,2.9426634,0.1451926277372263,0.5007299270072992,0.06423357664233577,0.12554744525547445
2022,CLV,CLE,7,6,3327,143,0.042981665163811245,0.0069131349564171924,95.7015208896904,91.53,97.83,2.2734659924985943,6.299999999999997,65.81428571428572,43.7,14.132401137271822,Jedrick Wills Jr.,T,93.71,1.9915208896904062,0.19597234746017433,0.06288343558282208,1622,100,0.06165228113440197,0.012946979038224414,93.83403822441431,85.87,96.51,3.788688678786091,10.64,60.02857142857143,28.8,17.37764025845802,Jedrick Wills Jr.,T,91.14,2.6940382244143137,0.19482120838471023,0.08860759493670886,615,5.877583,272.0,44.0,96.0,0.89753294,0.009557045528455283,0.44227642276422763,0.07154471544715447,0.15609756097560976
2022,DAL,DAL,5,5,2752,112,0.040697674418604654,0.0032703488372093025,95.92936046511628,93.74,97.45,1.5584126539527368,3.710000000000008,70.03999999999999,63.7,7.672874298462083,Tyler Smith,T,93.74,2.1893604651162804,0.22638081395348839,0.06260032102728733,1194,78,0.06532663316582915,0.005862646566164154,93.46578726968174,90.61,96.01,2.5119673564757985,5.400000000000006,64.64000000000001,56.6,8.450029585747023,Tyler Smith,T,90.61,2.8557872696817412,0.2319932998324958,0.09386281588447654,600,17.151634,279.0,27.0,80.0,-1.9587283,0.02858605666666667,0.465,0.045,0.13333333333333333
2022,DEN,DEN,8,7,3361,152,0.045224635525141325,0.007140731925022315,95.47725974412377,92.39,97.15,1.664412702083573,4.760000000000005,67.4875,50.7,8.321647759222412,Calvin Anderson,T,92.39,3.08725974412377,0.0859863135971437,0.07612456747404844,1482,109,0.07354925775978408,0.012145748987854251,92.64501349527666,88.28,97.12,2.812695390038328,8.840000000000003,60.9125,45.0,10.168781005747794,Calvin Anderson,T,88.28,4.365013495276656,0.09784075573549257,0.11724137931034483,663,-72.173935,251.0,63.0,136.0,-1.5700438,-0.10885963046757165,0.37858220211161386,0.09502262443438914,0.20512820512820512
2022,DET,DET,6,5,3108,141,0.045366795366795366,0.004182754182754183,95.46634813384813,90.64,97.93,2.375927187436519,7.290000000000006,56.28333333333334,19.6,21.73305470169039,Jonah Jackson,G,94.74,0.7263481338481341,0.15894465894465895,0.05263157894736842,1509,106,0.07024519549370443,0.0066269052352551355,92.9768190854871,84.95,97.0,3.983127749227567,12.049999999999997,45.96666666666666,8.2,23.477450173872516,Evan Brown,G,91.67,1.306819085487092,0.15109343936381708,0.08333333333333333,627,99.998505,303.0,24.0,78.0,-1.4300333,0.15948724880382775,0.48325358851674644,0.03827751196172249,0.12440191387559808
2022,GB,GB,7,7,3172,115,0.0362547288776797,0.005989911727616645,96.37692307692309,93.36,97.98,1.8036048558901367,4.6200000000000045,73.47142857142856,54.9,10.1472022885973,Royce Newman,G,93.36,3.016923076923092,0.08543505674653215,0.06642066420664207,1177,87,0.07391673746813934,0.0118946474086661,92.60946474086661,84.21,95.38,4.3837383481181815,11.170000000000002,61.85714285714285,32.9,14.124784027004585,Yosh Nijman,T,87.06,5.549464740866611,0.14443500424808836,0.12941176470588237,608,-0.15660238,274.0,32.0,70.0,0.501631,-0.00025756970394736847,0.4506578947368421,0.05263157894736842,0.11513157894736842
2022,HST,HOU,5,5,3111,172,0.05528768884603021,0.006428801028608165,94.47108325297332,91.05,97.49,2.2871882301201176,6.439999999999998,55.9,25.8,28.751347794494784,Kenyon Green,G,91.05,3.421083252973318,0.16875602700096431,0.08952380952380952,1388,116,0.08357348703170028,0.010806916426512969,91.64522334293949,85.48,96.31,3.862061625608788,10.829999999999998,47.88,8.3,32.60003067483219,Kenyon Green,G,85.48,6.165223342939484,0.17363112391930835,0.14522821576763487,641,-112.89522,236.0,38.0,105.0,-4.6228447,-0.17612358814352574,0.36817472698907955,0.059282371294851796,0.16380655226209048
2022,IND,IND,7,6,3448,173,0.05017401392111369,0.009860788863109048,94.9824680974478,92.01,96.32,1.4535211761525182,4.309999999999988,58.22857142857142,36.2,17.132300320905955,Matt Pryor,T,92.01,2.972468097447802,0.11252900232018562,0.07989690721649484,1778,133,0.07480314960629922,0.015185601799775027,92.52046119235096,86.57,94.51,2.6696967903454825,7.940000000000012,52.01428571428572,19.5,19.539910318066845,Matt Pryor,T,86.57,5.950461192350971,0.11304836895388076,0.13432835820895522,689,-112.92144,285.0,60.0,125.0,-1.250953,-0.16389178519593614,0.41364296081277213,0.08708272859216255,0.18142235123367198
2022,JAX,JAX,6,5,3270,129,0.03944954128440367,0.005198776758409786,96.05439755351682,95.16,97.63,0.8803503090626285,2.469999999999999,68.0,57.5,7.100704190430693,Cam Robinson,T,95.16,0.8943975535168249,0.1706422018348624,0.04838709677419355,1392,99,0.07112068965517242,0.008620689655172414,92.88562499999999,90.04,95.45,1.9037541858128642,5.409999999999997,53.56666666666666,40.3,11.612005281891093,Cam Robinson,T,90.04,2.845624999999984,0.16594827586206898,0.09956709956709957,652,80.57481,325.0,28.0,63.0,1.1112441,0.12358099693251534,0.49846625766871167,0.04294478527607362,0.09662576687116564
2022,KC,KC,6,5,3825,171,0.04470588235294118,0.004183006535947713,95.53164183006537,93.41,97.78,1.9222798963730545,4.3700000000000045,68.61666666666666,35.4,18.981087078106636,Andrew Wylie,T,93.41,2.1216418300653714,0.19424836601307188,0.06594885598923284,1627,112,0.06883835279655809,0.007375537799631223,93.11588199139521,87.32,96.33,3.4205477144262555,9.010000000000005,61.81666666666667,23.4,20.678531540384263,Orlando Brown Jr.,T,90.83,2.2858819913952146,0.20098340503995082,0.09174311926605505,726,205.05923,386.0,26.0,86.0,3.1965752,0.2824507300275482,0.5316804407713499,0.03581267217630854,0.1184573002754821
2022,LA,LA,9,4,2707,148,0.05467306981898781,0.013298854820834873,94.53303657185077,88.18,97.45,3.332139369500886,9.269999999999996,61.48888888888889,16.4,18.22912809519729,Bobby Evans,G,88.18,6.353036571850765,0.0749907646841522,0.11822660098522167,1153,119,0.10320901994796183,0.02515177797051171,89.6767476149176,74.71,95.21,6.800283286582831,20.5,48.95555555555555,0.0,22.32975095646563,Joe Noteboom,T,83.33,6.346747614917604,0.09887250650477017,0.16666666666666666,611,-68.85175,265.0,59.0,116.0,-2.2290852,-0.11268698854337152,0.4337152209492635,0.09656301145662848,0.18985270049099837
2022,LAC,LAC,7,5,3848,183,0.04755717255717256,0.004937629937629938,95.24133316008317,90.32,99.09,2.7577630686585737,8.77000000000001,67.18571428571428,49.7,14.048419670485904,Jamaree Salyer,T,93.12,2.121333160083168,0.17385654885654886,0.0687593423019432,1804,134,0.07427937915742794,0.007760532150776054,92.57272727272728,82.28,98.41,4.969291412551406,16.129999999999995,57.557142857142864,35.5,16.955516028995515,Jamaree Salyer,T,90.13,2.442727272727282,0.17405764966740578,0.09872611464968153,773,22.133926,354.0,39.0,109.0,1.204449,0.028633798188874512,0.4579560155239327,0.050452781371280724,0.1410090556274256
2022,LV,LV,6,5,3194,187,0.05854727614276769,0.006574827802128992,94.14632435817157,91.34,95.92,1.7806787095561811,4.579999999999998,66.76666666666667,48.8,13.321961817490195,Dylan Parham,G,91.34,2.8063243581715653,0.19881026925485284,0.08661417322834646,1688,131,0.07760663507109004,0.008886255924170616,92.24097748815166,87.88,95.91,3.144911233511476,8.030000000000001,61.29999999999999,35.0,19.568443985151195,Dylan Parham,G,87.88,4.360977488151661,0.19549763033175355,0.12121212121212122,649,15.329287,279.0,35.0,95.0,-2.2152424,0.023619856702619416,0.42989214175654855,0.053929121725731895,0.14637904468412943
2022,MIA,MIA,7,7,3306,164,0.049606775559588624,0.0054446460980036296,95.03960980036298,90.06,97.78,2.9458526132594622,7.719999999999999,58.51428571428571,29.9,18.630211000006465,Greg Little,T,90.06,4.979609800362979,0.10647307924984876,0.09943181818181818,1054,111,0.10531309297912714,0.014231499051233396,89.46790322580645,80.31,94.39,5.318286064764351,14.079999999999998,44.84285714285715,21.9,17.054995078945556,Greg Little,T,80.31,9.15790322580645,0.1204933586337761,0.1968503937007874,638,57.06442,294.0,35.0,95.0,0.26108345,0.0894426645768025,0.4608150470219436,0.054858934169279,0.14890282131661442
2022,MIN,MIN,7,5,3697,207,0.05599134433324317,0.010008114687584528,94.40253448742224,91.33,96.61,2.116785523472078,5.280000000000001,60.92857142857143,44.4,15.072238750510191,Ed Ingram,G,92.52,1.882534487422248,0.20962942926697323,0.07483870967741936,1741,159,0.0913268236645606,0.017805858701895463,90.8685008615738,87.09,94.85,3.2433250134479463,7.759999999999991,56.5,29.6,16.83399338639924,Ed Ingram,G,87.09,3.7785008615738036,0.20907524411257897,0.12912087912087913,734,37.144863,356.0,47.0,134.0,1.8628194,0.050606080381471394,0.48501362397820164,0.06403269754768393,0.18256130790190736
2022,NE,NE,7,5,3032,128,0.04221635883905013,0.007585751978891821,95.77828496042217,92.58,97.79,2.138246945514012,5.210000000000008,67.57142857142857,52.8,11.395571403797511,Trent Brown,T,93.8,1.9782849604221724,0.20745382585751979,0.06200317965023847,1581,101,0.06388361796331436,0.01265022137887413,93.61278937381402,90.32,97.62,2.986875258447168,7.300000000000011,60.77142857142858,47.1,13.005346885763855,Trent Brown,T,90.52,3.0927893738140284,0.20683111954459202,0.09480122324159021,604,-28.904121,248.0,41.0,67.0,0.7663931,-0.047854504966887416,0.4105960264900662,0.06788079470198675,0.11092715231788079
2022,NO,NO,7,6,2788,112,0.040172166427546625,0.007173601147776184,95.98372668579627,93.16,97.42,1.4520494547527047,4.260000000000005,60.185714285714276,40.3,14.250313279764365,Calvin Throckmorton,G,93.16,2.8237266857962737,0.09433285509325681,0.06844106463878327,1451,88,0.06064782908339077,0.01171605789110958,93.93495520330806,89.21,96.44,2.336367754809652,7.230000000000004,53.67142857142858,32.6,15.09246106347076,Calvin Throckmorton,G,89.21,4.72495520330807,0.0957960027567195,0.1079136690647482,564,6.540234,275.0,38.0,71.0,1.4485837,0.011596159574468084,0.4875886524822695,0.0673758865248227,0.12588652482269502
2022,NYG,NYG,7,5,3004,153,0.050932090545938745,0.007323568575233023,94.90666111850865,91.39,96.61,2.183681906017144,5.219999999999999,62.128571428571426,47.5,13.969814396967278,Evan Neal,T,91.39,3.516661118508651,0.1507989347536618,0.08609271523178808,1189,108,0.09083263246425567,0.012615643397813289,90.9158788898234,84.02,94.69,3.6919049154551526,10.670000000000002,48.67142857142857,31.4,18.828676204636576,Evan Neal,T,84.02,6.895878889823408,0.1421362489486964,0.15976331360946747,630,33.470646,300.0,49.0,113.0,1.7240572,0.05312800952380953,0.47619047619047616,0.07777777777777778,0.17936507936507937
2022,NYJ,NYJ,8,5,3355,168,0.05007451564828614,0.005365126676602086,94.99195529061103,92.05,96.63,1.546154215187754,4.579999999999998,61.1875,46.7,8.964603010889949,George Fant,T,92.74,2.2519552906110363,0.11087928464977645,0.07258064516129033,1559,116,0.07440667094291212,0.007055805003207184,92.55999999999999,88.1,95.8,2.306608131310686,7.700000000000003,60.3125,46.3,10.29638459432658,George Fant,T,90.67,1.8899999999999864,0.12379730596536241,0.09326424870466321,688,-67.159065,277.0,42.0,104.0,-4.8257074,-0.09761492005813953,0.40261627906976744,0.061046511627906974,0.1511627906976744
2022,PHI,PHI,6,5,3238,115,0.03551575046324892,0.0033971587399629403,96.45118591723286,89.44,98.37,3.5002138029935637,8.930000000000007,76.06666666666668,56.2,11.322131719189043,Jordan Mailata,T,93.53,2.9211859172328616,0.18128474366893144,0.06473594548551959,1445,78,0.05397923875432526,0.005536332179930796,94.60260207612457,82.89,97.55,5.7627007557220935,14.659999999999997,71.93333333333334,53.9,11.815357238216146,Jordan Mailata,T,89.85,4.752602076124575,0.18408304498269895,0.10150375939849623,625,74.043526,287.0,44.0,63.0,2.0941145,0.1184696416,0.4592,0.0704,0.1008
2022,PIT,PIT,5,5,3395,137,0.040353460972017675,0.00471281296023564,95.96175257731957,94.02,97.67,1.6822752450178897,3.6500000000000057,68.94000000000001,62.8,6.323606565876786,Chukwuma Okorafor,T,94.02,1.9417525773195763,0.2020618556701031,0.0597667638483965,1835,114,0.06212534059945504,0.007629427792915531,93.7881634877384,90.86,96.51,2.4341261265595935,5.650000000000006,59.5,51.1,9.893937537704591,Dan Moore Jr.,T,90.86,2.928163487738402,0.20272479564032697,0.0913978494623656,642,3.4488115,285.0,38.0,84.0,1.21067,0.005371980529595016,0.4439252336448598,0.059190031152647975,0.1308411214953271
2022,SEA,SEA,6,6,3366,166,0.04931669637551991,0.008318478906714201,95.06896316102198,92.48,97.0,1.8627121803077018,4.519999999999996,63.75,51.1,7.576476753742464,Gabe Jackson,G,92.48,2.5889631610219794,0.12240047534165181,0.07524271844660194,1574,126,0.08005082592121983,0.014612452350698857,91.99513977128336,87.1,94.93,3.0203355222005843,7.8300000000000125,55.74999999999999,35.4,10.802545996199228,Gabe Jackson,G,87.1,4.895139771283368,0.1181702668360864,0.12903225806451613,653,20.252777,320.0,46.0,108.0,5.5332603,0.031014972434915772,0.4900459418070444,0.07044410413476264,0.16539050535987748
2022,SF,SF,6,6,2824,106,0.037535410764872525,0.004603399433427762,96.2481373937677,95.19,97.97,1.046932025810017,2.780000000000001,71.83333333333333,62.6,9.25281939014626,Mike McGlinchey,T,95.19,1.0581373937677085,0.1986543909348442,0.0481283422459893,1264,81,0.06408227848101265,0.007120253164556962,93.59128164556962,90.83,97.36,2.3808436879952177,6.530000000000001,62.416666666666664,49.5,11.504158668354094,Daniel Brunskill,G,90.83,2.7612816455696247,0.0949367088607595,0.09166666666666666,556,91.89207,270.0,31.0,72.0,-1.7936277,0.1652735071942446,0.4856115107913669,0.05575539568345324,0.12949640287769784
2022,TB,TB,7,6,3945,125,0.031685678073510776,0.003041825095057034,96.8299619771863,93.7,99.2,1.8773182493982763,5.5,69.21428571428571,40.7,14.75233637670415,Luke Goedeke,G,93.7,3.129961977186298,0.08846641318124208,0.06303724928366762,1775,89,0.05014084507042253,0.0050704225352112674,94.98565070422535,87.92,99.26,3.985161764058556,11.340000000000003,62.471428571428575,19.8,22.007552816076142,Luke Goedeke,G,87.92,7.065650704225348,0.08394366197183098,0.12080536912751678,780,27.03767,365.0,22.0,78.0,0.2260384,0.03466367948717949,0.46794871794871795,0.028205128205128206,0.1
2022,TEN,TEN,5,5,2330,147,0.06309012875536481,0.01072961373390558,93.68875536480687,89.76,97.3,2.9785869132862284,7.539999999999992,55.220000000000006,45.4,11.466996119298202,Dennis Daley,T,89.76,3.928755364806861,0.21802575107296138,0.10236220472440945,987,98,0.09929078014184398,0.020263424518743668,90.07260385005067,85.19,97.56,4.674395148037873,12.370000000000005,46.68,34.6,17.17795098374658,Dennis Daley,T,85.19,4.882603850050671,0.2188449848024316,0.14814814814814814,529,-18.097292,229.0,49.0,106.0,-0.9493893,-0.034210381852551985,0.43289224952741023,0.09262759924385633,0.2003780718336484
2022,WAS,WAS,8,5,3104,194,0.0625,0.009664948453608248,93.75099548969071,90.45,95.46,1.9242544938606352,5.009999999999991,54.925,29.7,17.235076360227048,Cornelius Lucas,T,90.45,3.300995489690706,0.11469072164948453,0.09550561797752809,1368,133,0.09722222222222222,0.016812865497076022,90.27836257309941,83.33,93.95,3.866248643249497,10.620000000000005,48.050000000000004,20.2,19.076911999287816,Cornelius Lucas,T,83.33,6.948362573099416,0.11403508771929824,0.16666666666666666,635,-50.38422,264.0,48.0,118.0,-1.2943978,-0.07934522834645669,0.415748031496063,0.07559055118110236,0.1858267716535433
2023,ARZ,ARI,6,5,3088,156,0.050518134715025906,0.007772020725388601,94.94842292746114,91.23,96.61,1.902924065747237,5.3799999999999955,62.18333333333333,40.7,11.051772105262879,Elijah Wilkinson,G,91.23,3.718422927461134,0.09229274611398963,0.08771929824561403,1360,108,0.07941176470588235,0.013970588235294118,92.05837500000001,80.36,96.01,5.39730580938305,15.650000000000006,51.53333333333333,16.0,17.644111387844575,Elijah Wilkinson,G,80.36,11.698375000000013,0.08235294117647059,0.19642857142857142,635,-74.46005,257.0,42.0,92.0,-2.512932,-0.11725992125984251,0.4047244094488189,0.06614173228346457,0.14488188976377953
2023,ATL,ATL,5,5,2831,121,0.04274108089014483,0.007064641469445425,95.72423525256093,94.41,97.52,1.2669372518005766,3.1099999999999994,67.66,53.0,12.290768893767384,Drew Dalman,C,94.41,1.314235252560934,0.1833274461321088,0.055876685934489405,1048,77,0.07347328244274809,0.01431297709923664,92.65343511450381,89.91,95.54,2.0643570427617446,5.63000000000001,61.9,42.6,13.247452585308618,Matthew Bergeron,G,89.91,2.7434351145038107,0.21755725190839695,0.10087719298245613,602,-27.893719,278.0,40.0,78.0,-3.2987013,-0.04633508139534884,0.46179401993355484,0.0664451827242525,0.12956810631229235
2023,BLT,BAL,6,6,2949,143,0.04849101390301797,0.005764665988470668,95.15036622583926,90.95,97.19,2.312053200079961,6.239999999999995,71.88333333333333,61.8,8.182277596529383,Ronnie Stanley,T,90.95,4.200366225839261,0.14615123770769753,0.09048723897911833,1384,101,0.07297687861271676,0.01083815028901734,92.70136560693643,84.31,95.72,4.114693994292487,11.409999999999997,67.46666666666665,59.0,6.472299951846075,Ronnie Stanley,T,84.31,8.391365606936432,0.14739884393063585,0.1568627450980392,608,60.942265,294.0,41.0,68.0,2.6991868,0.1002339884868421,0.48355263157894735,0.06743421052631579,0.1118421052631579
2023,BUF,BUF,5,5,3466,163,0.04702827466820542,0.003462204270051933,95.29815060588574,94.24,96.69,1.1329916151499113,2.450000000000003,67.76,49.2,11.260017761975334,Spencer Brown,T,94.24,1.0581506058857428,0.20023081361800346,0.05763688760806916,1547,120,0.07756948933419522,0.005817711700064641,92.24538461538461,91.29,93.23,0.9296128226310139,1.9399999999999977,55.8,35.4,12.009787675059039,O'Cyrus Torrence,G,91.29,0.9553846153846024,0.20038784744667099,0.08709677419354839,652,108.713264,331.0,24.0,74.0,5.023608,0.16673813496932516,0.5076687116564417,0.03680981595092025,0.11349693251533742
2023,CAR,CAR,7,3,3053,205,0.06714706845725515,0.010809040288241074,93.28433999344908,86.75,95.62,3.101972490744129,8.870000000000005,45.371428571428574,7.1,22.2766480337381,Chandler Zavala,G,86.75,6.5343399934490805,0.08155912217490993,0.13253012048192772,1754,160,0.09122006841505131,0.013683010262257697,90.87766818700113,80.42,93.81,4.567148740631031,13.39,42.08571428571428,1.4,22.14425648420139,Chandler Zavala,G,80.42,10.457668187001133,0.0815279361459521,0.1958041958041958,683,-137.61568,256.0,65.0,120.0,-1.8139709,-0.20148708638360174,0.37481698389458273,0.0951683748169839,0.17569546120058566
2023,CHI,CHI,7,6,3090,204,0.06601941747572816,0.006148867313915857,93.39978640776698,88.89,95.72,2.394721377569941,6.829999999999998,55.64285714285713,40.6,11.736532302012824,Darnell Wright,T,92.11,1.2897864077669823,0.20906148867313915,0.07894736842105263,1448,145,0.10013812154696132,0.008287292817679558,89.9857596685083,86.0,93.05,3.02751194406043,7.049999999999997,49.02857142857142,26.0,15.172751265092991,Nate Davis,G,86.67,3.315759668508292,0.12430939226519337,0.13333333333333333,621,-40.945107,261.0,50.0,93.0,-0.14033446,-0.0659341497584541,0.42028985507246375,0.08051529790660225,0.1497584541062802
2023,CIN,CIN,5,5,3615,194,0.05366528354080221,0.008298755186721992,94.63145781466113,91.74,97.1,1.9216737496255707,5.359999999999999,59.879999999999995,46.7,8.928997704109904,Orlando Brown Jr.,T,91.74,2.8914578146611376,0.1975103734439834,0.08263305322128851,1646,142,0.08626974483596597,0.016403402187120292,91.37326852976913,86.07,95.17,3.306297022349931,9.100000000000009,53.0,41.5,7.75983247241846,Orlando Brown Jr.,T,86.07,5.3032685297691415,0.19623329283110572,0.1393188854489164,695,21.24747,328.0,50.0,113.0,2.1253517,0.030571899280575538,0.4719424460431655,0.07194244604316546,0.16258992805755396
2023,CLV,CLE,8,7,3540,191,0.053954802259887004,0.0064971751412429375,94.60530225988701,90.91,98.22,2.840769513454308,7.310000000000002,64.2625,51.1,8.485775913677125,Jedrick Wills Jr.,T,90.91,3.695302259887015,0.09011299435028249,0.09090909090909091,1592,130,0.08165829145728644,0.010050251256281407,91.83561557788944,86.13,97.44,4.043137925635768,11.310000000000002,60.849999999999994,49.0,9.150956234186676,Geron Christian,T,86.13,5.705615577889446,0.10866834170854271,0.13872832369942195,696,-115.123886,270.0,45.0,107.0,-5.8291306,-0.16540788218390803,0.3879310344827586,0.06465517241379311,0.15373563218390804
2023,DAL,DAL,7,5,3555,158,0.044444444444444446,0.00590717299578059,95.55410689170182,92.65,97.2,1.7544175536003261,4.549999999999997,66.05714285714285,45.9,14.04004476997339,Terence Steele,T,92.65,2.904106891701815,0.20675105485232068,0.07346938775510205,1448,95,0.06560773480662983,0.008287292817679558,93.439385359116,84.85,96.61,4.348842757945307,11.760000000000005,61.58571428571428,30.2,18.862434322521274,Terence Steele,T,84.85,8.589385359116008,0.20511049723756905,0.15151515151515152,684,132.00958,346.0,40.0,87.0,4.0473914,0.19299646198830409,0.5058479532163743,0.05847953216374269,0.12719298245614036
2023,DEN,DEN,5,5,3148,149,0.047331639135959336,0.005082592121982211,95.26689326556544,91.39,97.84,2.3911022562826556,6.450000000000003,70.72,62.1,9.196575449589918,Mike McGlinchey,T,91.39,3.8768932655654424,0.18074968233799238,0.08611599297012303,1386,110,0.07936507936507936,0.00937950937950938,92.06376623376623,86.59,95.8,3.372940853320732,9.209999999999994,61.46,48.2,10.85900547932452,Mike McGlinchey,T,86.59,5.473766233766227,0.1774891774891775,0.13414634146341464,603,-19.904198,261.0,52.0,121.0,3.7398174,-0.03300862023217247,0.43283582089552236,0.08623548922056384,0.20066334991708126
2023,DET,DET,6,5,3053,155,0.050769734687192924,0.00491320013101867,94.92415329184409,89.94,97.03,2.6067661958833206,7.090000000000003,66.98333333333333,51.0,12.090891888800703,Taylor Decker,T,93.65,1.2741532918440868,0.19587291188994432,0.06354515050167224,1338,116,0.08669656203288491,0.011210762331838564,91.3306576980568,86.84,95.35,3.7710551131833983,8.509999999999991,54.300000000000004,34.5,15.276517927852536,Taylor Decker,T,87.11,4.220657698056797,0.19133034379671152,0.12890625,645,69.40896,317.0,31.0,101.0,1.3668188,0.1076107906976744,0.49147286821705427,0.04806201550387597,0.15658914728682172
2023,GB,GB,5,5,2945,138,0.046859083191850594,0.0050933786078098476,95.31279796264856,93.59,96.3,1.0574497624000838,2.7099999999999937,69.1,52.7,11.148990985734985,Rasheed Walker,T,93.59,1.7227979626485563,0.17487266553480477,0.06407766990291262,1217,95,0.0780608052588332,0.009038619556285949,92.19308956450288,90.23,94.58,1.7713187177919167,4.349999999999994,56.17999999999999,31.6,15.161860044203019,Rasheed Walker,T,90.23,1.96308956450288,0.17666392769104355,0.09767441860465116,636,85.53937,295.0,30.0,74.0,1.294425,0.1344958647798742,0.4638364779874214,0.04716981132075472,0.11635220125786164
2023,HST,HOU,8,4,3225,159,0.04930232558139535,0.006201550387596899,95.06802790697675,88.46,97.11,2.759337394582777,8.650000000000006,57.7875,38.9,15.866896131794112,Charlie Heck,T,88.46,6.6080279069767585,0.04837209302325581,0.11538461538461539,1477,115,0.07786052809749493,0.006770480704129994,92.21511171293162,82.61,95.8,4.450329040804576,13.189999999999998,52.0625,18.7,18.40930956259437,George Fant,T,91.24,0.9751117129316214,0.16993906567366282,0.08764940239043825,660,36.743095,297.0,47.0,87.0,-1.2734705,0.05567135606060605,0.45,0.07121212121212121,0.1318181818181818
2023,IND,IND,6,6,3272,151,0.046149144254278726,0.004278728606356968,95.38645782396085,89.44,98.69,3.138827806681978,9.25,69.81666666666668,42.6,14.665526470831743,Blake Freeland,T,89.44,5.946457823960856,0.1301955990220049,0.1056338028169014,1476,106,0.07181571815718157,0.006097560975609756,92.81892276422765,83.42,97.5,4.971187651524197,14.079999999999998,62.98333333333333,32.1,16.44681326782385,Blake Freeland,T,83.42,9.398922764227649,0.12669376693766937,0.1657754010695187,648,5.7750235,275.0,41.0,75.0,-3.9309287,0.008912073302469136,0.4243827160493827,0.06327160493827161,0.11574074074074074
2023,JAX,JAX,7,7,3752,146,0.03891257995735608,0.005330490405117271,96.10997601279318,94.08,97.89,1.2993899667591264,3.8100000000000023,63.48571428571429,51.3,11.058846921722683,Walker Little,T,94.08,2.0299760127931847,0.1170042643923241,0.05922551252847381,1671,104,0.06223818073010173,0.009575104727707959,93.77627767803709,89.47,96.24,2.414807495038733,6.769999999999996,52.871428571428574,36.7,13.590157502854074,Walker Little,T,89.47,4.306277678037091,0.11370436864153202,0.10526315789473684,710,-3.09562,332.0,41.0,87.0,1.6605092,-0.004360028169014084,0.4676056338028169,0.057746478873239436,0.12253521126760564
2023,KC,KC,6,5,3679,196,0.05327534656156564,0.0046208208752378365,94.67291927154119,89.79,97.84,2.902691279944642,8.049999999999997,69.63333333333334,60.3,9.18491516926894,Donovan Smith,T,91.7,2.972919271541187,0.1375373742864909,0.08300395256916997,1823,151,0.08283049917718047,0.007679648930334613,91.71866703236424,85.34,97.55,4.168685244374616,12.209999999999994,62.83333333333332,51.9,10.780661698924913,Donovan Smith,T,87.9,3.8186670323642318,0.13603949533735601,0.12096774193548387,715,54.816826,341.0,28.0,107.0,1.7103149,0.07666688951048951,0.47692307692307695,0.039160839160839164,0.14965034965034965
2023,LA,LA,6,6,3308,176,0.053204353083434096,0.004534461910519952,94.67889359129383,91.91,96.15,1.6236707383785294,4.240000000000009,61.93333333333334,48.9,9.104650826180357,Joe Noteboom,T,91.91,2.768893591293832,0.10459492140266022,0.08092485549132948,1663,133,0.07997594708358388,0.007817197835237523,92.00287432351172,88.82,94.72,2.279181139503106,5.900000000000006,53.699999999999996,39.0,8.484809956622483,Joe Noteboom,T,88.82,3.182874323511726,0.10222489476849068,0.11176470588235295,640,42.971127,289.0,34.0,88.0,-3.2681515,0.06714238593750001,0.4515625,0.053125,0.1375
2023,LAC,LAC,5,5,3377,185,0.05478235119928931,0.007403020432336393,94.52082617708025,93.34,95.01,0.7010349492001094,1.6700000000000017,65.42,55.1,11.655342122820764,Trey Pipkins III,T,93.34,1.1808261770802488,0.21794492152798342,0.06657608695652174,1720,149,0.08662790697674419,0.012790697674418604,91.33781395348838,89.25,92.45,1.2312067251278322,3.200000000000003,58.21999999999999,44.9,13.944425409460225,Trey Pipkins III,T,89.25,2.0878139534883786,0.21627906976744185,0.10752688172043011,715,4.477919,321.0,43.0,99.0,-1.5671391,0.006262823776223776,0.4489510489510489,0.06013986013986014,0.13846153846153847
2023,LV,LV,6,6,3125,138,0.04416,0.00768,95.58451520000001,90.76,96.74,2.2742097528592193,5.97999999999999,68.93333333333334,59.2,8.340663442836348,Thayer Munford Jr.,T,90.76,4.8245152000000076,0.09696,0.0924092409240924,1514,98,0.06472919418758256,0.013210039630118891,93.52598414795244,83.97,96.49,4.6186087371270865,12.519999999999996,64.96666666666665,50.2,11.233996023974136,Thayer Munford Jr.,T,83.97,9.555984147952444,0.08652575957727873,0.16030534351145037,606,-46.20559,265.0,40.0,81.0,-3.709229,-0.07624684818481849,0.4372937293729373,0.066006600660066,0.13366336633663367
2023,MIA,MIA,9,8,3197,114,0.0356584297779168,0.006255864873318737,96.4339005317485,94.4,98.48,1.64183163299746,4.079999999999998,63.77777777777778,44.8,11.914148918174744,Kendall Lamm,T,94.4,2.0339005317485004,0.11166718798873944,0.056022408963585436,880,75,0.08522727272727272,0.013636363636363636,91.47827272727274,85.0,97.83,3.9437570214764053,12.829999999999998,52.34444444444444,31.2,14.559714206596837,Lester Cotton,G,85.0,6.4782727272727385,0.11363636363636363,0.15,613,95.400375,302.0,31.0,59.0,4.5464716,0.15562867047308318,0.4926590538336052,0.05057096247960848,0.09624796084828711
2023,MIN,MIN,7,5,3352,181,0.05399761336515513,0.0065632458233890216,94.59973150357995,93.07,96.19,1.2538303219297564,3.1200000000000045,69.19999999999999,56.8,9.248062860224657,Ed Ingram,G,93.44,1.1597315035799483,0.1909307875894988,0.065625,1540,134,0.08701298701298701,0.011688311688311689,91.30003246753246,89.09,93.75,2.0604807575857023,4.659999999999997,62.58571428571429,44.8,11.122713783279778,Ed Ingram,G,89.2,2.1000324675324578,0.18636363636363637,0.10801393728222997,709,1.6342459,306.0,47.0,152.0,3.0001426,0.002305001269393512,0.4315937940761636,0.06629055007052186,0.2143864598025388
2023,NE,NE,7,7,2912,189,0.06490384615384616,0.010645604395604396,93.51108859890111,86.9,95.45,3.414844345612534,8.549999999999997,51.385714285714286,27.7,16.320276608300137,Vederian Lowe,T,86.9,6.611088598901105,0.09958791208791208,0.1310344827586207,1394,146,0.10473457675753228,0.019368723098995694,89.52552367288379,78.32,92.99,5.5097109076352,14.670000000000002,39.714285714285715,14.3,17.501374095713036,Vederian Lowe,T,78.32,11.2055236728838,0.10258249641319943,0.21678321678321677,627,-146.77597,245.0,48.0,89.0,-3.465889,-0.23409245614035087,0.39074960127591707,0.07655502392344497,0.1419457735247209
2023,NO,NO,7,5,3180,157,0.04937106918238994,0.006918238993710692,95.06277044025157,92.24,96.15,1.4228459073949233,3.910000000000011,60.65714285714285,54.5,6.028503723384197,Andrus Peat,T,93.7,1.3627704402515661,0.14968553459119496,0.06302521008403361,1673,131,0.07830245068738792,0.011356843992827256,92.17077704722055,89.15,94.85,2.254171793850344,5.699999999999989,49.814285714285724,38.8,11.60077994093911,Andrus Peat,T,89.3,2.8707770472205567,0.1452480573819486,0.10699588477366255,655,24.284079,293.0,35.0,75.0,1.8743076,0.03707492977099237,0.44732824427480916,0.05343511450381679,0.11450381679389313
2023,NYG,NYG,9,7,3346,226,0.06754333532576211,0.011655708308427973,93.24598924088464,90.61,95.48,1.3851724722133985,4.8700000000000045,45.53333333333333,26.8,17.604970888927934,Evan Neal,T,90.61,2.6359892408846406,0.09234907352062163,0.09385113268608414,1666,172,0.10324129651860744,0.01920768307322929,89.67627851140455,82.68,93.46,3.5129332473020294,10.779999999999987,32.8,2.4,22.760437166276045,Evan Neal,T,84.89,4.7862785114045465,0.08343337334933974,0.1510791366906475,668,-104.48788,257.0,85.0,122.0,0.56553006,-0.15641898203592816,0.3847305389221557,0.12724550898203593,0.18263473053892215
2023,NYJ,NYJ,9,4,3306,228,0.06896551724137931,0.012099213551119177,93.10385057471265,91.07,96.54,1.7434878835254384,5.470000000000013,49.544444444444444,30.5,11.763089635711268,Max Mitchell,T,91.07,2.033850574712659,0.10163339382940109,0.08928571428571429,1604,179,0.11159600997506235,0.02057356608478803,88.83920199501247,81.58,94.22,3.572683787357123,12.64,39.922222222222224,10.7,16.113253688949495,Xavier Newman,G,81.58,7.259201995012475,0.04738154613466334,0.18421052631578946,695,-201.8022,245.0,64.0,122.0,-4.966251,-0.29036287769784175,0.35251798561151076,0.0920863309352518,0.17553956834532375
2023,PHI,PHI,6,6,3222,171,0.05307262569832402,0.0040347610180012415,94.6930974549969,91.96,98.17,2.0647655234109936,6.210000000000008,70.56666666666666,55.0,11.762426053610993,Sua Opeta,G,91.96,2.7330974549969085,0.09652389819987585,0.08038585209003216,1556,113,0.07262210796915167,0.004498714652956298,92.73863753213367,88.51,97.48,3.201903600464364,8.969999999999999,65.76666666666667,50.3,11.453325572368346,Sua Opeta,G,88.51,4.228637532133661,0.09511568123393316,0.11486486486486487,653,60.025574,306.0,39.0,62.0,3.7408712,0.09192277794793262,0.4686064318529862,0.05972434915773354,0.09494640122511486
2023,PIT,PIT,6,6,2933,174,0.05932492328673713,0.005796113194681214,94.06846914422094,89.72,95.96,2.4513812432993767,6.239999999999995,53.0,39.6,11.203213824613007,Dan Moore Jr.,T,89.72,4.348469144220942,0.1824070917149676,0.102803738317757,1562,145,0.09282970550576185,0.010243277848911651,90.71829705505762,84.34,94.81,3.8792404754882956,10.469999999999999,44.43333333333333,28.7,14.046731529671474,Dan Moore Jr.,T,84.34,6.378297055057615,0.17989756722151087,0.15658362989323843,566,-47.40405,241.0,36.0,86.0,-0.24561578,-0.08375273851590105,0.42579505300353354,0.0636042402826855,0.1519434628975265
2023,SEA,SEA,8,6,3193,214,0.06702160977137488,0.008769182586908864,93.29824303163169,85.56,95.99,3.578996018438689,10.429999999999993,51.8125,38.9,12.293022120582997,Stone Forsythe,T,89.74,3.55824303163169,0.0977137488255559,0.10256410256410256,1505,169,0.1122923588039867,0.01727574750830565,88.7715880398671,75.61,93.52,6.1226534863803685,17.909999999999997,40.75,23.4,13.813037319865606,Stone Forsythe,T,81.76,7.0115880398670924,0.09833887043189368,0.18243243243243243,635,40.20867,293.0,38.0,85.0,1.412101,0.0633207401574803,0.46141732283464565,0.05984251968503937,0.13385826771653545
2023,SF,SF,6,6,2773,165,0.059502344031734586,0.00576992426974396,94.0506887847097,91.8,95.89,1.541541436355185,4.090000000000003,54.699999999999996,28.3,18.01610390733801,Colton McKivitz,T,91.8,2.250688784709709,0.20663541291020554,0.08202443280977312,1193,111,0.09304274937133278,0.009220452640402346,90.69595976529757,86.07,94.67,2.9226477721408735,8.600000000000009,50.68333333333334,23.8,16.481191299983948,Colton McKivitz,T,86.07,4.62595976529758,0.20452640402347025,0.13934426229508196,541,151.27408,293.0,34.0,78.0,4.7468853,0.2796193715341959,0.5415896487985212,0.06284658040665435,0.14417744916820702
2023,TB,TB,6,5,3428,180,0.052508751458576426,0.006709451575262544,94.7476487747958,93.0,96.49,1.411122484643578,3.489999999999995,64.14999999999999,51.4,12.434106320922304,Cody Mauch,G,93.0,1.747648774795806,0.2001166861143524,0.06997084548104957,1619,129,0.07967881408276714,0.01173563928350834,92.03166151945646,88.17,94.74,2.7869511417796073,6.569999999999993,55.33333333333334,40.8,15.17823002417168,Cody Mauch,G,88.58,3.451661519456465,0.20012353304508956,0.11419753086419752,641,43.942226,284.0,40.0,76.0,0.05284108,0.06855261466458658,0.44305772230889234,0.062402496099843996,0.11856474258970359
2023,TEN,TEN,8,7,3266,241,0.0737905695039804,0.013165952235150031,92.62074402939375,82.61,95.37,4.415841612066396,12.760000000000005,55.7,29.2,12.834328965707558,Andre Dillard,T,87.61,5.010744029393749,0.10134721371708512,0.12386706948640483,1475,182,0.12338983050847457,0.022372881355932205,87.66089491525425,69.32,93.78,7.826776270324476,24.460000000000008,43.4875,20.0,14.390814282530563,Andre Dillard,T,80.43,7.23089491525424,0.0935593220338983,0.1956521739130435,576,-21.436783,235.0,64.0,139.0,0.44431916,-0.03721663715277777,0.4079861111111111,0.1111111111111111,0.24131944444444445
2023,WAS,WAS,7,6,3643,215,0.05901729343947296,0.008234971177600879,94.0980126269558,91.53,96.01,1.7448918645714453,4.480000000000004,55.87142857142857,27.8,20.434750980108557,Saahdiq Charles,G,91.87,2.2280126269558025,0.12489706286027999,0.08131868131868132,1829,165,0.09021323127392017,0.014762165117550574,90.97781848004374,85.52,94.3,3.1595184985780884,8.780000000000001,46.800000000000004,4.4,25.180945176859428,Saahdiq Charles,G,87.39,3.5878184800437367,0.13012575177692728,0.12605042016806722,737,-76.587845,309.0,65.0,124.0,0.27256718,-0.10391837856173677,0.41926729986431477,0.08819538670284939,0.16824966078697423
2024,ARZ,ARI,8,5,3128,126,0.04028132992327366,0.00479539641943734,95.97077046035804,93.88,96.89,1.14549973498781,3.010000000000005,69.6,50.3,8.899277659290268,Isaiah Adams,G,93.88,2.090770460358044,0.09398976982097186,0.061224489795918366,1165,80,0.06866952789699571,0.010300429184549357,93.13280686695279,89.09,95.49,1.8759449999552595,6.3999999999999915,61.22500000000001,33.5,13.337032225027748,Isaiah Adams,G,89.09,4.0428068669527875,0.0944206008583691,0.10909090909090909,613,66.77159,306.0,30.0,50.0,2.1810915,0.10892592169657422,0.499184339314845,0.048939641109298535,0.08156606851549755
2024,ATL,ATL,6,6,3098,146,0.04712717882504842,0.005810200129115558,95.28664622336993,94.44,97.11,1.0854614993939986,2.6700000000000017,69.31666666666668,63.6,8.143320371118081,Kaleb McGary,T,94.44,0.8466462233699303,0.18592640413169786,0.05555555555555555,1729,120,0.06940427993059572,0.009832272990167727,93.06038172353962,90.71,96.91,2.1253368360489766,6.200000000000003,60.75,51.6,9.749820511168396,Kaleb McGary,T,90.71,2.350381723539627,0.18681318681318682,0.09287925696594428,596,30.225445,285.0,32.0,89.0,-0.06262451,0.05071383389261745,0.47818791946308725,0.053691275167785234,0.1493288590604027
2024,BLT,BAL,5,5,2736,139,0.05080409356725146,0.0029239766081871343,94.91871710526317,93.91,97.23,1.3529486316930168,3.3200000000000074,69.75999999999999,63.2,6.258833757178725,Ronnie Stanley,T,93.91,1.0087171052631732,0.2101608187134503,0.06086956521739131,1271,98,0.07710464201416208,0.003933910306845004,92.2875924468922,89.19,94.81,2.0365951978731576,5.6200000000000045,64.86,52.0,12.813196322541849,Roger Rosengarten,T,89.19,3.0975924468922074,0.17466561762391816,0.10810810810810811,543,187.57634,287.0,24.0,55.0,4.7025995,0.34544445672191526,0.5285451197053407,0.04419889502762431,0.10128913443830571
2024,BUF,BUF,5,5,2881,125,0.04338771259979174,0.0013884068031933356,95.66063866712946,93.74,96.83,1.166117489792518,3.0900000000000034,70.42,62.2,8.154875842095942,O'Cyrus Torrence,G,93.74,1.9206386671294666,0.20513710517181535,0.06260575296108291,1359,90,0.06622516556291391,0.002207505518763797,93.37545253863134,90.65,95.63,1.8589163509959203,4.97999999999999,60.85999999999999,48.6,10.32341997595758,O'Cyrus Torrence,G,90.65,2.7254525386313304,0.20456217807211186,0.09352517985611511,579,167.855,284.0,14.0,51.0,0.2537481,0.28990500863557855,0.4905008635578584,0.024179620034542316,0.08808290155440414
2024,CAR,CAR,7,5,3107,140,0.04505954296749276,0.006437077566784679,95.49264885741874,93.42,98.4,1.9652795754100272,4.980000000000004,67.42857142857143,56.1,9.00068780440589,Ikem Ekwonu,T,93.42,2.0726488574187414,0.19085934985516576,0.0657672849915683,1408,105,0.07457386363636363,0.009943181818181818,92.54319602272727,87.25,97.37,3.609315328820296,10.120000000000005,59.1,36.2,12.168401702770993,Ikem Ekwonu,T,89.63,2.913196022727277,0.19176136363636365,0.1037037037037037,628,-42.69223,256.0,36.0,83.0,-0.026900517,-0.06798125796178345,0.40764331210191085,0.05732484076433121,0.1321656050955414
2024,CHI,CHI,7,5,3438,160,0.04653868528214078,0.009598603839441536,95.34760907504364,90.72,96.57,2.5054264915901836,5.849999999999994,67.58571428571427,38.4,15.25236905876467,Braxton Jones,T,94.48,0.8676090750436316,0.13699825479930192,0.055201698513800426,1779,130,0.07307476110174255,0.017425519955030916,92.69017425519954,85.71,94.82,3.7049554974513854,9.11,57.97142857142857,26.5,16.031085873568088,Braxton Jones,T,90.83,1.8601742551995386,0.12872400224845418,0.09170305676855896,690,-39.95793,278.0,68.0,104.0,-0.20389354,-0.05791004347826086,0.4028985507246377,0.09855072463768116,0.15072463768115943
2024,CIN,CIN,6,6,3676,207,0.056311207834602826,0.007616974972796518,94.36778291621327,92.03,97.03,1.7554676489946104,5.0,57.833333333333336,39.7,14.28491045357536,Cody Ford,T,92.03,2.3377829162132713,0.12622415669205658,0.07974137931034483,1616,145,0.08972772277227722,0.012995049504950494,91.02512995049504,86.63,96.45,3.6261628020080225,9.820000000000007,51.25,29.1,18.217546486835158,Cody Ford,T,86.63,4.395129950495047,0.125,0.13366336633663367,723,119.3925,374.0,48.0,122.0,6.7867885,0.16513485477178422,0.5172890733056709,0.06639004149377593,0.16874135546334718
2024,CLV,CLE,7,6,3625,186,0.05131034482758621,0.007172413793103448,94.86788137931035,92.41,96.25,1.542442404574176,3.8400000000000034,63.07142857142857,52.9,6.0221021483958825,Germain Ifedi,T,92.41,2.4578813793103507,0.10179310344827586,0.07588075880758807,1534,121,0.0788787483702738,0.01108213820078227,92.11159713168188,86.44,95.6,3.2617399680305,9.159999999999997,58.42857142857143,49.8,5.662659647702156,Jack Conklin,T,87.72,4.391597131681877,0.14863102998696218,0.12280701754385964,770,-164.17094,285.0,66.0,148.0,-4.135698,-0.213209012987013,0.37012987012987014,0.08571428571428572,0.19220779220779222
2024,DAL,DAL,7,5,3492,143,0.04095074455899198,0.007731958762886598,95.90351374570447,94.08,97.9,1.5792930908057172,3.8200000000000074,60.442857142857136,45.0,9.077601948910138,Tyler Guyton,T,94.08,1.8235137457044743,0.12571592210767468,0.05922551252847381,1658,115,0.06936067551266586,0.015681544028950542,93.06445114595898,89.8,96.04,2.713471682444573,6.240000000000009,51.57142857142857,33.1,11.386792683589512,Terence Steele,T,89.8,3.2644511459589864,0.21290711700844392,0.10198300283286119,687,-70.07641,280.0,38.0,83.0,-4.825573,-0.1020035080058224,0.40756914119359533,0.055312954876273655,0.12081513828238719
2024,DEN,DEN,6,5,3261,87,0.02667893284268629,0.003986507206378411,97.33328733517325,95.38,98.45,1.1254154788343742,3.0700000000000074,75.10000000000001,58.8,10.861307471939098,Mike McGlinchey,T,96.63,0.7032873351732576,0.16375344986200552,0.033707865168539325,1419,61,0.04298801973220578,0.009161381254404511,95.69999999999999,93.02,97.33,1.7555967646358883,4.310000000000002,69.06666666666668,56.8,9.95483132286362,Mike McGlinchey,T,93.75,1.9499999999999886,0.15785764622973925,0.0625,645,44.829163,283.0,24.0,56.0,0.7797567,0.06950257829457364,0.4387596899224806,0.037209302325581395,0.08682170542635659
2024,DET,DET,5,5,2851,133,0.04665029814100315,0.00701508242721852,95.33527884952649,93.66,96.88,1.4937971749872867,3.219999999999999,68.12,56.2,8.170495700996359,Taylor Decker,T,93.66,1.6752788495264923,0.17151876534549282,0.06339468302658487,1070,93,0.08691588785046729,0.014018691588785047,91.30827102803738,86.11,94.88,3.5447101432980377,8.769999999999996,54.239999999999995,25.1,19.312120546434045,Graham Glasgow,G,86.11,5.198271028037382,0.20186915887850468,0.1388888888888889,597,165.3382,323.0,33.0,87.0,5.6620097,0.27694840871021775,0.541038525963149,0.05527638190954774,0.1457286432160804
2024,GB,GB,5,5,2706,128,0.04730229120473023,0.004434589800443459,95.26864005912786,93.77,97.15,1.2994344923850556,3.3800000000000097,75.82000000000001,64.9,8.17294316632631,Rasheed Walker,T,93.77,1.4986400591278652,0.20768662232076865,0.06227758007117438,1219,87,0.07136997538966366,0.009023789991796555,92.86498769483184,90.09,95.65,2.2327964528814537,5.560000000000002,66.56,48.9,15.387429934852669,Josh Myers,C,90.09,2.774987694831836,0.1903199343724364,0.09913793103448276,525,82.68334,246.0,22.0,72.0,1.3371058,0.1574920761904762,0.4685714285714286,0.0419047619047619,0.13714285714285715
2024,HST,HOU,7,6,3368,168,0.0498812351543943,0.009204275534441805,95.01381532066507,91.78,97.12,2.1278706101014073,5.340000000000003,64.45714285714286,39.7,16.463379274707158,Kenyon Green,G,92.0,3.013815320665074,0.10391923990498812,0.08,1595,133,0.08338557993730407,0.01567398119122257,91.66180564263324,86.06,95.25,3.5372628643385515,9.189999999999998,52.14285714285713,19.9,20.60557021316139,Kenyon Green,G,86.06,5.601805642633238,0.10344827586206896,0.1393939393939394,662,-9.803569,278.0,54.0,107.0,-2.3839588,-0.014809016616314199,0.4199395770392749,0.08157099697885196,0.16163141993957703
2024,IND,IND,8,6,2806,144,0.05131860299358518,0.007127583749109052,94.866931575196,90.96,96.71,2.408965397367567,5.75,65.6375,48.7,12.085639353026739,Dalton Tucker,G,91.4,3.466931575196,0.09942979330007128,0.08602150537634409,1267,100,0.07892659826361484,0.013417521704814523,92.10827150749802,87.05,96.55,3.8255223732937993,9.5,59.3,40.8,12.765354899660478,Matt Goncalves,T,87.05,5.05827150749802,0.10970797158642462,0.12949640287769784,569,-29.405998,234.0,32.0,79.0,-4.942838,-0.05168013708260105,0.4112478031634446,0.056239015817223195,0.13884007029876977
2024,JAX,JAX,5,5,2715,93,0.03425414364640884,0.004788213627992633,96.57300184162061,94.67,97.79,1.2313001258832075,3.1200000000000045,68.72,61.9,5.281287721758775,Anton Harrison,T,94.67,1.9030018416206076,0.2143646408839779,0.05326460481099656,1378,80,0.05805515239477504,0.007982583454281567,94.19207547169812,91.81,96.58,1.905011810987007,4.769999999999996,57.54,49.8,5.7190908368376165,Anton Harrison,T,91.81,2.3820754716981156,0.21262699564586357,0.08191126279863481,611,0.99742866,262.0,32.0,67.0,-0.74010164,0.001632452798690671,0.4288052373158756,0.05237315875613748,0.10965630114566285
2024,KC,KC,5,5,3274,130,0.03970678069639585,0.0036652412950519244,96.02893097128893,92.27,99.01,2.485775532907188,6.740000000000009,73.9,55.4,13.290974381135491,Wanya Morris,T,92.27,3.758930971288933,0.13836285888821015,0.0772626931567329,1465,99,0.06757679180887372,0.006825938566552901,93.24331740614333,86.38,98.73,4.5436747242732975,12.350000000000009,66.84,41.8,17.44815176458527,Wanya Morris,T,86.38,6.863317406143338,0.1453924914675768,0.13615023474178403,680,92.64215,337.0,41.0,115.0,2.4385753,0.13623845588235295,0.49558823529411766,0.060294117647058824,0.16911764705882354
2024,LA,LA,7,5,2704,126,0.04659763313609468,0.006656804733727811,95.33989644970414,93.58,96.08,0.8722521479043838,2.5,59.47142857142857,42.9,12.320540340655286,Rob Havenstein,T,94.46,0.8798964497041482,0.13350591715976332,0.055401662049861494,1240,91,0.07338709677419354,0.010483870967741936,92.66137096774195,89.22,94.35,2.124327344517945,5.1299999999999955,49.6,31.3,12.625899307904103,Rob Havenstein,T,89.22,3.441370967741946,0.1346774193548387,0.10778443113772455,596,38.406933,289.0,31.0,98.0,-0.90631276,0.06444116275167786,0.4848993288590604,0.05201342281879195,0.1644295302013423
2024,LAC,LAC,6,5,3096,140,0.04521963824289406,0.008074935400516795,95.47827519379845,94.43,96.68,0.8725919244794031,2.25,65.50000000000001,49.7,16.14385331945258,Trey Pipkins III,G,94.43,1.048275193798446,0.16828165374677004,0.05566218809980806,1371,82,0.05981035740335521,0.012399708242159009,94.01974471188912,92.31,95.49,1.2306096050332107,3.1799999999999926,59.95000000000001,44.1,15.834235062041994,Trey Pipkins III,G,92.31,1.7097447118891154,0.17067833698030635,0.07692307692307693,587,65.798546,265.0,44.0,106.0,1.8304714,0.11209292333901193,0.4514480408858603,0.07495741056218058,0.18057921635434412
2024,LV,LV,6,6,3452,174,0.05040556199304751,0.005504055619930475,94.95969003476245,92.33,97.74,1.9494247014610913,5.409999999999997,70.16666666666667,61.9,7.444102811398207,DJ Glaze,T,92.33,2.6296900347624472,0.19264194669756662,0.07669172932330827,1573,117,0.0743801652892562,0.010171646535282899,92.56310870947235,86.33,97.18,3.7107775465527473,10.850000000000009,65.58333333333333,54.6,8.719728589048326,DJ Glaze,T,86.33,6.233108709472347,0.19071837253655435,0.13666666666666666,703,-54.215107,310.0,50.0,104.0,-1.5238171,-0.07711964011379802,0.44096728307254623,0.07112375533428165,0.14793741109530584
2024,MIA,MIA,7,6,3412,129,0.03780773739742087,0.005275498241500586,96.22084994138335,93.45,98.04,1.4350808837334386,4.590000000000003,65.42857142857143,49.7,14.157649791510156,Austin Jackson,T,95.19,1.0308499413833516,0.0914419695193435,0.04807692307692308,906,81,0.08940397350993377,0.012141280353200883,91.06083885209713,85.0,95.29,3.4707190142952355,10.290000000000006,51.84285714285715,29.4,19.409006255074573,Robert Jones,G,87.36,3.700838852097135,0.19205298013245034,0.12643678160919541,660,53.999462,318.0,43.0,75.0,3.0669382,0.08181736666666667,0.4818181818181818,0.06515151515151515,0.11363636363636363
2024,MIN,MIN,7,6,3558,199,0.055930297920179874,0.007588532883642495,94.40483417650366,91.77,97.14,1.8176803637498844,5.3700000000000045,66.75714285714285,48.2,14.115105046587166,Cam Robinson,T,91.77,2.6348341765036594,0.17762788083192804,0.08227848101265822,1840,147,0.07989130434782608,0.011956521739130435,92.00987500000001,88.41,96.21,2.6346265661108665,7.799999999999997,58.41428571428571,29.9,18.504992891237812,Cam Robinson,T,88.41,3.5998750000000115,0.1782608695652174,0.11585365853658537,626,59.16084,310.0,49.0,101.0,4.0158677,0.09450613418530351,0.4952076677316294,0.07827476038338659,0.16134185303514376
2024,NE,NE,6,6,2972,185,0.06224764468371467,0.00908479138627187,93.77278936742935,90.98,96.36,2.1827475041027222,5.3799999999999955,55.18333333333333,41.9,12.9488866960317,Layden Robinson,G,90.98,2.79278936742935,0.12314939434724091,0.09016393442622951,1459,137,0.09389993145990404,0.01439342015078821,90.61127484578479,87.11,94.31,3.127795816012719,7.200000000000003,46.53333333333333,31.6,15.961537102255116,Demontrey Jacobs,T,87.11,3.501274845784792,0.19671007539410554,0.1289198606271777,639,-16.965302,295.0,52.0,104.0,1.7252175,-0.02654976838810642,0.4616588419405321,0.081377151799687,0.162754303599374
2024,NO,NO,7,4,2803,158,0.05636817695326436,0.005351409204423832,94.36231180877631,91.86,97.27,1.9842858857005643,5.409999999999997,50.314285714285724,30.0,13.890695755484264,Trevor Penning,T,91.86,2.5023118087763123,0.23653228683553335,0.08144796380090498,1253,113,0.09018355945730247,0.007980845969672785,90.98152434158021,84.88,95.43,3.7708682844999544,10.550000000000011,40.52857142857143,11.3,19.72187569559196,Nick Saldiveri,G,84.88,6.101524341580216,0.06863527533918595,0.1511627906976744,618,-51.48589,246.0,37.0,83.0,-3.2256896,-0.08331050161812298,0.39805825242718446,0.059870550161812294,0.1343042071197411
2024,NYG,NYG,7,5,3238,182,0.056207535515750466,0.008647313156269302,94.38135577516985,83.53,95.67,4.30557169479822,12.14,56.51428571428572,25.5,16.332016467808312,Evan Neal,T,94.59,-0.20864422483015233,0.09697344039530574,0.054140127388535034,1463,121,0.08270676691729323,0.010936431989063569,91.72829118250172,77.65,93.38,5.684510281709157,15.72999999999999,49.98571428571429,23.3,15.102696069623747,Jon Runyan,G,92.03,-0.30170881749828027,0.17156527682843473,0.0796812749003984,669,-71.25816,280.0,48.0,122.0,-1.2220451,-0.10651443946188341,0.41853512705530643,0.07174887892376682,0.18236173393124067
2024,NYJ,NYJ,7,6,3481,128,0.036771042803792016,0.005745475438092502,96.3241941970698,93.82,97.42,1.4238077719371296,3.6000000000000085,68.64285714285714,59.4,5.4564509658620715,Olumuyiwa Fashanu,T,93.82,2.5041941970698076,0.10686584314852055,0.06182795698924731,1220,92,0.07540983606557378,0.011475409836065573,92.45780327868854,85.71,96.21,3.905879572912515,10.5,55.1,35.8,13.275290329530776,Olumuyiwa Fashanu,T,85.71,6.747803278688551,0.09754098360655737,0.14285714285714285,671,15.447347,295.0,40.0,94.0,-2.0165672,0.023021381520119226,0.4396423248882265,0.05961251862891207,0.14008941877794337
2024,PHI,PHI,6,6,2560,137,0.053515625,0.008203125,94.64799218750001,84.45,97.78,4.775750202847715,13.329999999999998,68.56666666666668,37.3,20.41721495862417,Fred Johnson,T,84.45,10.197992187500006,0.09296875,0.15546218487394958,1328,106,0.07981927710843373,0.015060240963855422,92.01821536144577,73.39,96.96,8.726269917133358,23.569999999999993,63.833333333333336,29.5,22.190418352673447,Fred Johnson,T,73.39,18.62821536144577,0.09337349397590361,0.2661290322580645,535,90.35315,255.0,45.0,75.0,6.0496974,0.16888439252336448,0.4766355140186916,0.08411214953271028,0.14018691588785046
2024,PIT,PIT,5,5,2747,143,0.052056789224608664,0.009828904259191846,94.7921514379323,92.75,97.81,2.0570780247720326,5.060000000000002,62.720000000000006,54.6,4.8323907126804215,Broderick Jones,T,92.75,2.0421514379323042,0.21587186021113944,0.07251264755480608,1092,97,0.08882783882783883,0.016483516483516484,91.1189652014652,88.51,96.35,3.326436531785926,7.839999999999989,54.34000000000001,47.6,4.222913686070318,Broderick Jones,T,88.51,2.608965201465196,0.21520146520146521,0.1148936170212766,586,13.561048,250.0,49.0,109.0,3.706207,0.02314172013651877,0.42662116040955633,0.08361774744027303,0.18600682593856654
2024,SEA,SEA,8,5,3301,208,0.0630112087246289,0.008785216601029992,93.69944865192366,88.26,97.42,3.214843919783887,9.159999999999997,54.9625,19.8,18.706296686257428,Stone Forsythe,T,88.26,5.439448651923655,0.09027567403817024,0.1174496644295302,1670,155,0.09281437125748503,0.01437125748502994,90.71696407185627,81.88,96.92,5.107394499294976,15.040000000000006,48.137499999999996,9.6,21.611831250497954,Stone Forsythe,T,81.88,8.836964071856272,0.08922155688622754,0.18120805369127516,673,7.020163,311.0,54.0,111.0,4.7967353,0.010431148588410105,0.462109955423477,0.08023774145616643,0.1649331352154532
2024,SF,SF,5,5,2809,139,0.04948380206479174,0.002847988608045568,95.0515592737629,94.42,96.04,0.6886218120274764,1.6200000000000045,68.36,55.1,11.381036859618723,Colton McKivitz,T,94.42,0.6315592737629032,0.2296190815236739,0.05581395348837209,1364,104,0.07624633431085044,0.005131964809384164,92.37398826979472,90.82,95.19,1.817327708477478,4.3700000000000045,59.14,40.1,16.414414397108416,Dominick Puni,G,90.82,1.5539882697947291,0.2316715542521994,0.09177215189873418,612,83.016396,303.0,36.0,72.0,1.6546857,0.13564770588235295,0.4950980392156863,0.058823529411764705,0.11764705882352941
2024,TB,TB,6,5,3435,116,0.033770014556040756,0.0034934497816593887,96.62144104803494,94.34,98.12,1.421362022849914,3.780000000000001,72.60000000000001,59.5,12.328179103176593,Ben Bredeson,G,95.11,1.5114410480349392,0.20262008733624454,0.04885057471264368,1588,88,0.055415617128463476,0.005667506297229219,94.45771410579344,89.02,96.99,3.358337386267197,7.969999999999999,63.06666666666666,44.4,16.84858055346701,Ben Bredeson,G,90.68,3.777714105793436,0.20277078085642317,0.09316770186335403,655,127.3589,342.0,40.0,57.0,3.6205842,0.19444106870229008,0.5221374045801527,0.061068702290076333,0.08702290076335878
2024,TEN,TEN,6,6,2935,164,0.055877342419080066,0.009199318568994889,94.41365247018737,89.01,97.22,2.964553367147681,8.209999999999994,60.6,42.8,11.511906879400996,Nicholas Petit-Frere,T,89.01,5.403652470187367,0.1270868824531516,0.10991957104557641,1512,125,0.08267195767195767,0.01521164021164021,91.73333333333332,84.38,96.79,4.353599277226453,12.41000000000001,53.28333333333333,39.0,11.912584382352414,Nicholas Petit-Frere,T,84.38,7.353333333333325,0.12698412698412698,0.15625,615,-55.940285,255.0,52.0,109.0,-0.2257084,-0.09095981300813008,0.4146341463414634,0.08455284552845528,0.1772357723577236
2024,WAS,WAS,6,5,3236,142,0.04388133498145859,0.0046353522867737945,95.60836835599505,93.67,97.5,1.3881894683363627,3.8299999999999983,66.98333333333333,57.5,8.068808255663697,Brandon Coleman,T,93.67,1.9383683559950526,0.14647713226205192,0.06329113924050633,1296,104,0.08024691358024691,0.007716049382716049,91.97560185185185,88.53,95.61,2.7768645387678985,7.079999999999998,54.199999999999996,29.9,16.365206995330063,Nick Allegretti,G,88.53,3.4456018518518476,0.2152777777777778,0.11469534050179211,652,126.651886,320.0,50.0,72.0,4.565129,0.19425135889570552,0.49079754601226994,0.07668711656441718,0.11042944785276074
2025,ARZ,ARI,9,6,3967,231,0.058230400806654904,0.006806150743634989,94.17574237459037,89.36,97.46,2.3007118463640763,8.099999999999994,60.07777777777778,47.1,9.706154977355576,Kelvin Beachum,T,89.36,4.815742374590371,0.11368792538442148,0.10643015521064302,1965,168,0.08549618320610687,0.00916030534351145,91.45073791348601,84.07,96.72,3.6584016698249235,12.650000000000006,54.099999999999994,42.9,10.957417578973615,Kelvin Beachum,T,84.07,7.380737913486016,0.11501272264631043,0.1592920353982301,748,16.873562,337.0,59.0,129.0,1.0338285,0.022558237967914438,0.4505347593582888,0.07887700534759358,0.17245989304812834
2025,ATL,ATL,5,5,3005,171,0.05690515806988353,0.004991680532445923,94.3115540765391,92.66,97.77,2.071528421238772,5.109999999999999,66.14,59.3,9.38791776700244,Elijah Wilkinson,T,92.66,1.6515540765390995,0.2086522462562396,0.0733652312599681,1581,134,0.08475648323845668,0.008222643896268185,91.52526881720429,88.96,97.56,3.5389080236705808,8.600000000000009,61.379999999999995,52.9,8.648814947725498,Chris Lindstrom,G,88.96,2.5652688172042986,0.20619860847564833,0.11042944785276074,586,3.945458,265.0,26.0,73.0,-3.2166078,0.006732863481228668,0.4522184300341297,0.04436860068259386,0.12457337883959044
2025,BLT,BAL,5,5,2567,140,0.05453837164004675,0.0062329567588624854,94.54691468640436,93.74,95.15,0.5220632145631446,1.4100000000000108,64.56,53.1,8.640196757018906,Ronnie Stanley,T,93.74,0.8069146864043688,0.17413322945072068,0.06263982102908278,1123,91,0.08103294746215495,0.012466607301869992,91.89444345503117,90.1,93.62,1.6709428476162833,3.5200000000000102,57.5,42.7,11.524539036334597,Ronnie Stanley,T,90.1,1.7944434550311712,0.1709706144256456,0.09895833333333333,503,8.930252,234.0,45.0,83.0,2.992384,0.017753980119284293,0.46520874751491054,0.08946322067594434,0.16500994035785288
2025,BUF,BUF,5,5,2875,142,0.049391304347826084,0.0052173913043478265,95.06099130434784,92.7,97.64,1.8156348751882896,4.939999999999998,70.64,61.3,8.10018518306835,Spencer Brown,T,92.7,2.3609913043478343,0.17147826086956522,0.07302231237322515,1293,107,0.08275328692962104,0.01082753286929621,91.7267672080433,89.3,96.97,3.2837372002034524,7.670000000000002,61.96,45.5,11.432103918352036,O'Cyrus Torrence,G,89.3,2.4267672080433016,0.20959010054137664,0.1070110701107011,593,114.982925,292.0,40.0,70.0,3.8193314,0.19390037942664418,0.4924114671163575,0.06745362563237774,0.11804384485666104
2025,CAR,CAR,5,5,2533,100,0.03947887879984208,0.0043426766679826295,96.05369917094355,92.73,97.63,1.9979114094473733,4.8999999999999915,70.88000000000001,62.7,6.549198424234831,Ikem Ekwonu,T,92.73,3.3236991709435415,0.21713383339913148,0.07272727272727272,1190,75,0.06302521008403361,0.008403361344537815,93.69595798319328,88.84,96.43,2.984412840074242,7.590000000000003,61.279999999999994,51.5,9.960020080301042,Ikem Ekwonu,T,88.84,4.855957983193278,0.21092436974789916,0.11155378486055777,585,-16.387537,256.0,35.0,86.0,1.4186954,-0.028012883760683758,0.4376068376068376,0.05982905982905983,0.147008547008547
2025,CHI,CHI,6,6,3292,130,0.03948967193195626,0.003341433778857837,96.05022782503039,92.1,97.81,2.0433249048222053,5.710000000000008,70.39999999999999,55.4,11.143249077356208,Theo Benedet,T,92.1,3.950227825030396,0.09993924665856622,0.0790273556231003,1383,92,0.06652205350686913,0.006507592190889371,93.34644251626898,86.33,96.21,4.050843944990558,9.879999999999995,58.78333333333333,41.6,14.211181044046503,Theo Benedet,T,86.33,7.016442516268981,0.1005061460592914,0.1366906474820144,644,74.7679,289.0,24.0,67.0,-3.426057,0.11609922360248447,0.44875776397515527,0.037267080745341616,0.10403726708074534
2025,CIN,CIN,6,6,3620,175,0.04834254143646409,0.0055248618784530384,95.1657403314917,91.77,97.41,2.0236872287979693,5.640000000000001,60.449999999999996,23.8,18.23477447077424,Jalen Rivers,G,91.77,3.3957403314917087,0.09060773480662983,0.08231707317073171,1895,142,0.07493403693931398,0.007387862796833773,92.50503430079156,86.75,96.61,3.558756805402697,9.86,55.93333333333333,18.7,19.965436801299056,Jalen Rivers,G,86.75,5.755034300791564,0.08759894459102903,0.13253012048192772,691,-13.945708,315.0,36.0,100.0,1.2188274,-0.020181921852387843,0.4558610709117221,0.05209840810419682,0.1447178002894356
2025,CLV,CLE,9,5,3345,214,0.06397608370702541,0.00837070254110613,93.60288490284009,84.97,97.3,3.968524424910486,12.329999999999998,56.333333333333336,36.9,13.38170392737786,Cam Robinson,T,91.53,2.0728849028400873,0.14110612855007473,0.0847457627118644,1804,156,0.08647450110864745,0.01164079822616408,91.35167405764966,82.47,97.67,5.342490316114555,15.200000000000003,53.488888888888894,36.2,14.0814101250944,Cam Robinson,T,87.5,3.85167405764966,0.14634146341463414,0.125,641,-161.61197,220.0,51.0,134.0,-5.68061,-0.25212475819032765,0.34321372854914195,0.07956318252730109,0.20904836193447737
2025,DAL,DAL,8,5,3668,189,0.05152671755725191,0.005179934569247546,94.84833696837514,89.5,98.09,2.8310611337195026,8.590000000000003,56.162499999999994,31.6,11.176114517768942,Tyler Guyton,T,92.58,2.268336968375138,0.11395856052344602,0.07416267942583732,1649,125,0.07580351728320193,0.010309278350515464,92.41992116434203,84.16,96.79,4.778786456831903,12.63000000000001,49.587500000000006,17.4,14.927676835806894,Terence Steele,T,87.42,4.999921164342027,0.19284414796846575,0.12578616352201258,683,108.27147,331.0,31.0,95.0,2.143344,0.1585233821376281,0.48462664714494874,0.04538799414348463,0.1390922401171303
2025,DEN,DEN,6,6,3476,129,0.03711162255466053,0.0014384349827387803,96.28735615650173,94.42,97.97,1.3860687813621173,3.549999999999997,69.01666666666667,53.5,12.611330884037047,Mike McGlinchey,T,94.42,1.867356156501728,0.20627157652474107,0.05578800557880056,1472,92,0.0625,0.002717391304347826,93.75140625,91.43,97.08,2.3793227327680175,5.6499999999999915,59.666666666666664,38.0,15.760414546155397,Alex Palczewski,G,91.43,2.3214062499999955,0.11888586956521739,0.08571428571428572,676,74.86987,304.0,23.0,70.0,-1.3255467,0.11075424556213019,0.44970414201183434,0.034023668639053255,0.10355029585798817
2025,DET,DET,6,5,2892,132,0.04564315352697095,0.005532503457814661,95.43643845089903,93.37,96.84,1.4983646641144006,3.469999999999999,60.46666666666667,40.7,13.665382053446827,Christian Mahogany,G,93.37,2.066438450899028,0.14073305670816044,0.06633906633906633,1271,90,0.07081038552321008,0.00865460267505901,92.91752163650668,88.57,95.85,3.203766533316687,7.280000000000001,47.23333333333334,19.1,20.86630457619812,Christian Mahogany,G,89.13,3.787521636506682,0.14476789929189615,0.10869565217391304,624,106.27022,302.0,39.0,119.0,1.5443894,0.17030483974358973,0.483974358974359,0.0625,0.1907051282051282
2025,GB,GB,7,7,2812,162,0.057610241820768134,0.004978662873399715,94.23924964438123,91.09,96.77,1.7363453683225665,5.679999999999993,59.65714285714286,36.8,15.780458077725665,Anthony Belton,G,91.09,3.1492496443812286,0.09174964438122332,0.08914728682170543,1235,104,0.08421052631578947,0.008906882591093117,91.580008097166,89.01,95.45,2.2516269250308336,6.439999999999998,56.61428571428571,42.2,13.920180622801864,Aaron Banks,G,89.01,2.5700080971659958,0.15465587044534412,0.1099476439790576,554,141.6068,281.0,29.0,81.0,5.9501634,0.25560794223826716,0.5072202166064982,0.052346570397111915,0.14620938628158844
2025,HST,HOU,8,5,3373,146,0.04328490957604506,0.004743551734361103,95.67037948413875,93.52,97.87,1.4175607822695209,4.3500000000000085,62.62500000000001,55.2,7.37519975516402,Aireontae Ersery,T,93.52,2.150379484138753,0.19685739697598578,0.06475903614457831,1480,101,0.06824324324324324,0.008783783783783784,93.1758918918919,89.36,96.44,2.754408155251194,7.079999999999998,54.95,38.1,13.23437083614372,Aireontae Ersery,T,90.07,3.1058918918919005,0.1972972972972973,0.09931506849315068,648,40.3418,289.0,31.0,78.0,-1.5584323,0.06225586419753086,0.44598765432098764,0.047839506172839504,0.12037037037037036
2025,IND,IND,6,5,3042,135,0.04437869822485207,0.004273504273504274,95.56417159763315,93.14,97.65,1.7266846845906765,4.510000000000005,70.68333333333334,62.7,5.646739472179204,Matt Goncalves,G,94.36,1.2041715976331488,0.19822485207100593,0.05638474295190713,1303,94,0.07214121258633922,0.0061396776669224865,92.78565617805064,90.69,95.31,1.7470479863663357,4.6200000000000045,62.65,50.8,9.042289533077339,Bernhard Raimann,T,90.69,2.095656178050646,0.18956254796623176,0.0931174089068826,605,45.866505,285.0,29.0,82.0,0.56434673,0.07581240495867768,0.47107438016528924,0.047933884297520664,0.13553719008264462
2025,JAX,JAX,6,6,3306,184,0.05565638233514821,0.006049606775559589,94.43347549909257,91.97,96.31,1.526390076837068,4.340000000000003,66.05,51.8,10.268544200615782,Walker Little,T,91.97,2.463475499092567,0.17695099818511797,0.08034188034188035,1728,136,0.0787037037037037,0.009259259259259259,92.12945601851852,90.03,94.41,1.7233649255647094,4.3799999999999955,58.26666666666666,36.8,15.492277646190916,Walker Little,T,90.03,2.0994560185185236,0.17997685185185186,0.09967845659163987,646,54.175262,304.0,41.0,83.0,-1.7126266,0.0838626346749226,0.47058823529411764,0.06346749226006192,0.12848297213622292
2025,KC,KC,8,5,3511,160,0.04557106237539162,0.004557106237539163,95.44289376246084,89.49,98.92,3.0570244052486273,9.430000000000007,66.05,42.7,12.820407838398008,Josh Simmons,T,95.1,0.3428937624608466,0.10452862432355454,0.04904632152588556,1470,116,0.07891156462585033,0.00816326530612245,92.11017687074832,80.37,98.41,5.4680838573881205,18.039999999999992,55.525000000000006,15.2,19.322063628327662,Kingsley Suamataia,G,91.86,0.2501768707483194,0.20884353741496597,0.08143322475570032,689,53.89765,318.0,47.0,122.0,-0.8881845,0.07822590711175617,0.46153846153846156,0.06821480406386067,0.17706821480406387
2025,LA,LA,7,6,3242,146,0.04503392967304133,0.004009870450339297,95.49529302899444,91.37,97.06,2.26320884712708,5.689999999999998,59.75714285714286,36.5,15.614828117621311,Justin Dedich,G,93.38,2.1152930289944436,0.0931523750771129,0.06622516556291391,1341,104,0.07755406413124534,0.007457121551081283,92.24444444444444,82.0,94.83,4.750548840472464,12.829999999999998,49.45714285714286,22.0,19.559810594077604,Justin Dedich,G,88.57,3.674444444444447,0.10439970171513796,0.11428571428571428,624,139.23714,329.0,23.0,77.0,1.5916258,0.22313644230769233,0.5272435897435898,0.03685897435897436,0.1233974358974359
2025,LAC,LAC,9,8,3613,230,0.06365900913368391,0.008580127318018268,93.63392748408523,89.18,96.39,2.299982487856035,7.209999999999994,56.37777777777778,33.1,14.14467901524967,Austin Deculus,T,89.18,4.453927484085227,0.09465817879878217,0.10818713450292397,1685,150,0.08902077151335312,0.011275964391691394,91.09975074183976,86.09,98.8,4.326912871782834,12.709999999999994,53.011111111111106,35.7,17.48109296099964,Austin Deculus,T,86.09,5.009750741839753,0.08961424332344213,0.1390728476821192,681,0.7914927,308.0,60.0,137.0,0.53113633,0.0011622506607929517,0.4522760646108664,0.0881057268722467,0.2011747430249633
2025,LV,LV,7,5,2833,180,0.06353688669255206,0.01447229085774797,93.64675961877869,91.4,95.44,1.509257149347698,4.039999999999992,57.75714285714286,48.5,5.171349644228006,Stone Forsythe,T,91.4,2.2467596187786825,0.16413695728909283,0.08602150537634409,1470,145,0.09863945578231292,0.021768707482993196,90.13656462585034,86.32,93.43,2.6247013435545674,7.110000000000014,47.41428571428571,41.3,6.115398207647253,Stone Forsythe,T,86.32,3.816564625850347,0.15918367346938775,0.13675213675213677,600,-99.04738,247.0,64.0,113.0,-1.0189384,-0.16507896666666666,0.4116666666666667,0.10666666666666667,0.18833333333333332
2025,MIA,MIA,6,5,2742,126,0.045951859956236324,0.006564551422319475,95.40311086797959,92.23,97.81,1.8271334561729928,5.579999999999998,57.050000000000004,14.1,24.213777070089666,Jonah Savaiinaea,G,92.23,3.173110867979588,0.2111597374179431,0.07772020725388601,887,93,0.10484780157835401,0.016910935738444193,89.51550169109358,80.85,96.69,5.079639422898705,15.840000000000003,46.18333333333334,0.0,25.097523118161813,Jonah Savaiinaea,G,80.85,8.665501691093581,0.21195039458850057,0.19148936170212766,533,-4.5284886,231.0,38.0,65.0,1.6554062,-0.008496226266416511,0.4333958724202627,0.07129455909943715,0.12195121951219512
2025,MIN,MIN,8,6,2970,163,0.05488215488215488,0.00808080808080808,94.50991919191918,91.85,97.91,1.6788553711213066,6.060000000000002,68.325,61.3,6.297788727572788,Justin Skule,T,91.85,2.6599191919191867,0.11986531986531987,0.08146067415730338,1431,116,0.08106219426974144,0.013277428371767994,91.8945283018868,89.49,96.74,2.211597677181427,7.25,61.95,44.0,12.668859459319927,Will Fries,G,89.49,2.404528301886799,0.20614954577218728,0.10508474576271186,575,-88.877625,241.0,60.0,122.0,-2.9456494,-0.15456978260869564,0.4191304347826087,0.10434782608695652,0.21217391304347827
2025,NE,NE,7,5,3214,149,0.046359676415681395,0.004044803982576229,95.36391723708772,91.48,96.88,1.8513817233931749,5.3999999999999915,67.91428571428571,58.9,7.235428706816795,Jared Wilson,G,94.24,1.1239172370877242,0.15121344119477287,0.05761316872427984,1627,111,0.06822372464658881,0.006760909649661954,93.17878303626307,88.16,95.69,2.741802500615417,7.530000000000001,63.25714285714287,41.8,11.36219713829697,Will Campbell,T,91.34,1.8387830362630666,0.14197910264290103,0.08658008658008658,613,186.64833,335.0,48.0,89.0,10.680968,0.3044834094616639,0.5464926590538336,0.07830342577487764,0.14518760195758565
2025,NO,NO,7,6,3130,153,0.04888178913738019,0.005750798722044728,95.11306709265175,89.45,98.91,3.1074687294905963,9.459999999999994,68.88571428571429,53.2,9.627292553192815,Kelvin Banks Jr.,T,93.24,1.8730670926517519,0.21725239616613418,0.06764705882352941,1551,119,0.07672469374597034,0.01096067053513862,92.32885880077372,83.62,97.64,4.667089946790028,14.019999999999996,61.98571428571428,39.8,11.660392870944014,Kelvin Banks Jr.,T,89.12,3.2088588007737116,0.2134107027724049,0.10876132930513595,671,-34.44459,303.0,49.0,82.0,1.5860827,-0.05133321907600596,0.45156482861400893,0.07302533532041729,0.12220566318926974
2025,NYG,NYG,7,5,3304,132,0.039951573849878935,0.00423728813559322,96.0054691283293,87.56,98.58,3.655068887371147,11.019999999999996,68.61428571428571,47.8,13.167564767441318,Jon Runyan,G,95.25,0.7554691283292954,0.19763922518159807,0.04747320061255743,1489,87,0.05842847548690396,0.006715916722632639,94.1561114842176,85.57,97.87,4.129978669378794,12.300000000000011,61.50000000000001,44.7,13.447800315788948,Jon Runyan,G,92.36,1.7961114842176045,0.19341840161182,0.0763888888888889,627,25.439142,270.0,48.0,112.0,-0.84429884,0.04057279425837321,0.430622009569378,0.07655502392344497,0.17862838915470494
2025,NYJ,NYJ,5,5,3170,158,0.049842271293375394,0.008832807570977918,95.01608201892743,93.85,95.62,0.7139537800166081,1.7700000000000102,68.44,62.0,5.872222747818751,Olumuyiwa Fashanu,T,93.85,1.1660820189274403,0.2,0.061514195583596214,1694,125,0.07378984651711924,0.012987012987012988,92.6216292798111,91.15,93.86,0.9879119393954078,2.7099999999999937,59.379999999999995,51.0,8.62739821730746,Olumuyiwa Fashanu,T,91.15,1.471629279811097,0.2001180637544274,0.08849557522123894,613,-86.76503,246.0,60.0,116.0,-4.104912,-0.14154164763458402,0.401305057096248,0.09787928221859707,0.18923327895595432
2025,PHI,PHI,7,6,2925,144,0.04923076923076923,0.0044444444444444444,95.07711111111111,93.16,97.73,1.7690298659623216,4.570000000000007,68.55714285714286,59.7,9.437311965960285,Landon Dickerson,G,93.16,1.9171111111111117,0.16,0.06837606837606838,1453,109,0.07501720578114246,0.008258774948382657,92.49636613902271,89.76,96.65,2.7194222075391576,6.890000000000001,62.91428571428571,47.9,13.48560078644732,Fred Johnson,T,89.76,2.7363661390227065,0.11424638678596008,0.10240963855421686,575,41.914413,256.0,35.0,57.0,3.0378869,0.07289463130434783,0.44521739130434784,0.06086956521739131,0.09913043478260869
2025,PIT,PIT,7,5,3116,114,0.036585365853658534,0.0054557124518613605,96.34209242618742,93.95,98.42,1.4976871057289183,4.469999999999999,70.91428571428571,59.0,8.269911037697359,Broderick Jones,T,93.95,2.3920924261874177,0.12195121951219512,0.060526315789473685,1161,82,0.07062876830318691,0.007751937984496124,92.93753660637383,87.59,96.25,3.0122495944140506,8.659999999999997,59.30000000000001,41.1,11.899019567454568,Broderick Jones,T,87.59,5.347536606373822,0.12489233419465978,0.12413793103448276,594,19.710114,260.0,31.0,63.0,0.5896422,0.0331820101010101,0.4377104377104377,0.05218855218855219,0.10606060606060606
2025,SEA,SEA,5,5,2532,119,0.046998420221169034,0.004344391785150079,95.30205371248024,94.31,97.3,1.178757820758783,2.989999999999995,62.74000000000001,40.8,13.892911861809248,Abraham Lucas,T,94.31,0.9920537124802422,0.22195892575039494,0.05693950177935943,1023,77,0.07526881720430108,0.007820136852394917,92.47244379276637,89.91,94.34,1.7135781277782476,4.430000000000007,56.0,28.5,16.726924403487928,Abraham Lucas,T,89.91,2.5624437927663735,0.22287390029325513,0.10087719298245613,520,62.932346,272.0,27.0,60.0,4.9548163,0.1210237423076923,0.5230769230769231,0.051923076923076926,0.11538461538461539
2025,SF,SF,6,6,3046,158,0.051871306631648066,0.004267892317793828,94.81161523309258,92.11,96.01,1.5475324444633378,3.9000000000000057,59.51666666666666,33.7,16.630263577786938,Spencer Burford,G,92.11,2.701615233092582,0.08732764281024294,0.07894736842105263,1512,111,0.07341269841269842,0.005291005291005291,92.65953703703704,87.86,95.82,3.133258155126489,7.959999999999994,52.9,21.9,20.70700364610969,Spencer Burford,G,87.86,4.799537037037041,0.09259259259259259,0.12142857142857143,629,103.68759,331.0,27.0,82.0,5.4341707,0.16484513513513513,0.5262321144674086,0.04292527821939587,0.13036565977742448
2025,TB,TB,7,7,3127,179,0.057243364246882,0.005436520626798848,94.27494403581707,88.93,95.15,2.2289235069871713,6.219999999999999,67.48571428571428,48.0,13.8337062485593,Charlie Heck,T,88.93,5.344944035817065,0.09242085065558042,0.11072664359861592,1505,148,0.09833887043189368,0.007973421926910298,90.16640531561463,79.7,92.51,4.380916407719802,12.810000000000002,55.41428571428571,26.9,20.541375203186746,Dan Feeney,G,90.16,0.006405315614628648,0.1282392026578073,0.09844559585492228,644,24.686989,283.0,38.0,56.0,-2.4830465,0.03833383385093168,0.4394409937888199,0.059006211180124224,0.08695652173913043
2025,TEN,TEN,6,5,3234,164,0.05071119356833643,0.0095856524427953,94.93080395794682,91.0,97.29,2.556691221090259,6.290000000000006,68.48333333333333,55.0,10.30638960386549,Dan Moore Jr.,T,92.26,2.6708039579468164,0.191713048855906,0.07741935483870968,1549,124,0.08005164622336991,0.016139444803098774,91.99569399612655,84.95,95.14,4.063195786569976,10.189999999999998,63.616666666666674,51.1,9.307076161000653,Dan Moore Jr.,T,88.1,3.8956939961265533,0.18979987088444158,0.11904761904761904,646,-126.82799,238.0,56.0,110.0,-3.5054352,-0.19632815789473684,0.3684210526315789,0.08668730650154799,0.17027863777089783
2025,WAS,WAS,8,5,3120,135,0.04326923076923077,0.00608974358974359,95.67289102564102,93.11,96.94,1.2971335155421955,3.8299999999999983,67.15,46.6,12.836666233878642,Josh Conerly Jr.,T,93.11,2.5628910256410222,0.2,0.06891025641025642,1308,91,0.06957186544342507,0.011467889908256881,93.04363149847096,88.17,95.83,2.495812206763275,7.659999999999997,57.7375,35.0,16.64228156576753,Josh Conerly Jr.,T,88.17,4.873631498470957,0.20030581039755352,0.1183206106870229,567,20.475132,270.0,37.0,77.0,0.6801942,0.036111343915343916,0.47619047619047616,0.06525573192239859,0.13580246913580246
