player,position,team_name,player_game_count,grades_pass_block,hits_allowed,hurries_allowed,pressures_allowed,sacks_allowed,snap_counts_pass_block,true_pass_set_grades_pass_block,true_pass_set_hits_allowed,true_pass_set_hurries_allowed,true_pass_set_pressures_allowed,true_pass_set_sacks_allowed,true_pass_set_snap_counts_pass_block,all_pass_pbwr,true_pass_set_pbwr,year
Scott Wells,C,SL,12,84.4,0,4,5,1,441,81.1,0,3,3,0,183,98.87,98.36,2013
Josh Sitton,G,GB,16,93.5,0,7,8,1,685,91.2,0,3,4,1,221,98.83,98.19,2013
Cody Wallace,C,PIT,6,83.1,0,0,2,2,166,71.7,0,0,2,2,72,98.8,97.22,2013
Dominic Raiola,C,DET,16,86.7,4,8,12,0,694,86.1,2,4,6,0,305,98.27,98.03,2013
Eric Wood,C,BUF,16,85.1,2,10,12,0,645,79.1,2,7,9,0,304,98.14,97.04,2013
Jason Kelce,C,PHI,16,80.8,1,8,12,3,622,81.2,0,4,5,1,318,98.07,98.43,2013
Roberto Garza,C,CHI,16,86.1,0,12,13,1,664,79.2,0,8,9,1,340,98.04,97.35,2013
Stefen Wisniewski,C,OAK,14,82.3,2,9,11,0,549,83.3,0,6,6,0,236,98.0,97.46,2013
Louis Vasquez,G,DEN,16,91.3,2,13,15,0,740,88.3,1,4,5,0,247,97.97,97.98,2013
Brian De La Puente,C,NO,16,84.4,3,9,15,3,739,78.8,1,4,7,2,286,97.97,97.55,2013
Max Unger,C,SEA,13,74.1,0,6,9,3,418,57.4,0,5,7,2,165,97.85,95.76,2013
Larry Warford,G,DET,16,86.6,5,10,15,0,694,76.9,3,9,12,0,305,97.84,96.07,2013
Evan Smith,C,GB,16,84.6,1,8,14,5,636,73.3,0,7,11,4,204,97.8,94.61,2013
Rodney Hudson,C,KC,15,80.6,2,7,14,5,637,74.4,0,4,8,4,218,97.8,96.33,2013
Manuel Ramirez,C,DEN,16,81.1,2,14,17,1,738,65.2,1,9,11,1,247,97.7,95.55,2013
Mike Pouncey,C,MIA,14,88.0,3,9,14,2,594,82.3,2,6,10,2,256,97.64,96.09,2013
Frank Gore,HB,SF,16,93.5,1,3,4,0,164,92.1,1,1,2,0,64,97.56,96.88,2013
Nick Hardwick,C,SD,16,83.4,1,14,15,0,612,83.2,1,7,8,0,345,97.55,97.68,2013
Nick Mangold,C,NYJ,16,88.2,1,14,15,0,581,85.3,0,10,10,0,308,97.42,96.75,2013
Samson Satele,C,IND,13,78.1,8,6,15,1,570,65.6,5,4,10,1,280,97.37,96.43,2013
Gary Barnidge,TE,CLV,16,91.0,1,4,5,0,182,89.7,0,0,0,0,43,97.25,100.0,2013
Brad Meester,C,JAX,16,79.2,1,13,19,5,688,67.3,0,8,12,4,270,97.24,95.56,2013
Ryan Kalil,C,CAR,16,81.2,0,15,16,1,578,86.8,0,7,7,0,255,97.23,97.25,2013
Jahri Evans,G,NO,14,88.4,4,12,18,2,647,78.0,1,10,13,2,249,97.22,94.78,2013
John Sullivan,C,MIN,16,82.0,2,11,18,5,630,72.2,2,7,13,4,258,97.14,94.96,2013
Geoff Schwartz,G,KC,12,83.1,2,6,10,2,340,80.3,1,2,4,1,112,97.06,96.43,2013
Ramon Foster,G,PIT,15,87.5,2,12,16,2,522,85.1,1,11,12,0,241,96.93,95.02,2013
Mike Pollak,G,CIN,7,78.0,3,2,6,1,194,54.0,2,2,5,1,57,96.91,91.23,2013
Will Montgomery,C,WAS,16,78.3,3,17,22,2,713,77.5,2,5,8,1,284,96.91,97.18,2013
Willie Colon,G,NYJ,16,89.1,3,14,18,1,579,84.6,3,11,15,1,309,96.89,95.15,2013
Kyle Cook,C,CIN,16,74.8,3,12,20,5,635,61.6,2,9,14,3,248,96.85,94.35,2013
Kraig Urbik,G,BUF,16,78.4,5,13,20,2,633,66.0,5,10,17,2,301,96.84,94.35,2013
Alex Mack,C,CLV,16,88.4,5,18,25,2,779,88.7,1,12,15,2,429,96.79,96.5,2013
Jon Asamoah,G,KC,12,80.7,0,12,13,1,400,72.7,0,6,6,0,139,96.75,95.68,2013
Kevin Zeitler,G,CIN,12,74.1,4,10,17,3,489,66.1,3,8,12,1,203,96.52,94.09,2013
Lyle Sendlein,C,ARZ,16,73.7,6,12,23,5,658,69.1,3,6,11,2,307,96.5,96.42,2013
Richie Incognito,G,MIA,8,78.9,3,2,11,6,312,69.4,1,2,9,6,131,96.47,93.13,2013
T.J. Lang,G,GB,16,77.1,5,16,24,3,671,64.9,3,8,13,2,216,96.42,93.98,2013
Clint Boling,G,CIN,12,81.9,0,17,17,0,474,79.4,0,8,8,0,201,96.41,96.02,2013
Travelle Wharton,G,CAR,16,84.6,3,14,17,0,474,81.5,2,10,12,0,207,96.41,94.2,2013
Travis Frederick,C,DAL,16,69.4,2,18,24,4,668,66.3,1,10,14,3,352,96.41,96.02,2013
Chris Scott,G,CAR,10,78.8,3,6,10,1,278,83.5,0,4,5,1,130,96.4,96.15,2013
Jonathan Goodwin,C,SF,16,78.4,1,14,19,4,528,64.6,0,10,14,4,223,96.4,93.72,2013
Orlando Franklin,T,DEN,15,74.1,4,18,24,2,661,67.4,2,11,15,2,223,96.37,93.27,2013
Joe Hawley,C,ATL,12,71.7,3,10,13,0,358,60.6,2,5,7,0,171,96.37,95.91,2013
Anthony Collins,T,CIN,11,86.4,0,12,12,0,330,79.7,0,7,7,0,105,96.36,93.33,2013
Brian Waters,G,DAL,7,86.7,2,6,8,0,218,84.1,2,5,7,0,129,96.33,94.57,2013
John Jerry,G,MIA,16,82.0,4,16,25,5,682,74.9,3,11,18,4,296,96.33,93.92,2013
Ben Grubbs,G,NO,16,84.6,5,20,28,3,740,76.2,3,12,18,3,286,96.22,93.71,2013
Evan Mathis,G,PHI,16,80.7,6,16,24,2,623,74.5,4,8,13,1,319,96.15,95.92,2013
Fernando Velasco,C,PIT,11,75.0,3,15,19,1,490,72.9,3,8,12,1,240,96.12,95.0,2013
Matt Slauson,G,CHI,16,82.7,9,15,26,2,664,78.5,4,11,16,1,340,96.08,95.29,2013
Kevin Boothe,G,NYG,16,75.3,6,16,25,3,638,68.3,4,14,20,2,361,96.08,94.46,2013
Uche Nwaneri,G,JAX,16,82.6,5,18,27,4,689,75.7,3,9,13,1,270,96.08,95.19,2013
Chris Myers,C,HST,16,74.2,5,22,28,1,710,77.4,3,11,14,0,366,96.06,96.17,2013
Jeremy Zuttah,C,TB,16,80.1,5,19,24,0,608,77.0,4,11,15,0,344,96.05,95.64,2013
Nate Garner,G,MIA,10,76.6,1,8,11,2,278,58.9,1,7,10,2,114,96.04,91.23,2013
Marshal Yanda,G,BLT,16,81.5,3,24,29,2,723,73.5,3,21,26,2,407,95.99,93.61,2013
James Carpenter,G,SEA,16,69.3,4,8,16,4,396,57.3,1,7,11,3,151,95.96,92.72,2013
Joe Staley,T,SF,16,87.5,2,14,20,4,494,78.7,1,14,17,2,212,95.95,91.98,2013
Brandon Fusco,G,MIN,15,73.2,4,17,23,2,563,68.2,2,11,14,1,233,95.91,93.99,2013
Andrew Whitworth,T,CIN,14,85.0,3,15,22,4,538,72.6,2,11,17,4,202,95.91,91.58,2013
Justin Blalock,G,ATL,16,85.8,5,21,31,5,753,75.4,4,17,26,5,373,95.88,93.03,2013
Kory Lichtensteiger,G,WAS,16,76.7,5,22,29,2,698,63.3,2,17,20,1,273,95.85,92.67,2013
Rob Sims,G,DET,16,78.2,5,23,29,1,694,71.0,3,17,21,1,305,95.82,93.11,2013
Doug Legursky,G,BUF,11,72.9,4,15,19,0,421,64.2,2,11,13,0,188,95.49,93.09,2013
Jim Cordle,C,NYG,10,65.0,3,6,13,4,287,55.3,3,5,11,3,155,95.47,92.9,2013
Chad Rinehart,G,SD,11,75.0,5,11,17,1,372,69.8,4,11,15,0,226,95.43,93.36,2013
Branden Albert,T,KC,12,84.9,6,13,23,4,503,74.8,3,7,13,3,175,95.43,92.57,2013
John Greco,G,CLV,14,81.2,10,14,30,6,646,76.0,5,13,24,6,361,95.36,93.35,2013
Tyron Smith,T,DAL,16,87.9,3,27,31,1,666,86.1,3,16,20,1,351,95.35,94.3,2013
Cordy Glenn,T,BUF,16,82.0,5,23,30,2,645,80.2,3,15,20,2,304,95.35,93.42,2013
Andy Levitre,G,TEN,16,77.7,10,19,30,1,643,67.6,8,16,24,0,340,95.33,92.94,2013
J.R. Sweezy,G,SEA,15,74.9,4,19,24,1,512,68.8,2,9,12,1,192,95.31,93.75,2013
Mike Brisiel,G,OAK,14,76.4,5,20,25,0,531,69.5,4,13,17,0,224,95.29,92.41,2013
Joe Thomas,T,CLV,16,94.0,9,26,37,2,779,90.5,6,22,29,1,429,95.25,93.24,2013
Daryn Colledge,G,ARZ,16,77.4,9,18,29,2,607,68.6,5,13,20,2,273,95.22,92.67,2013
Kyle Long,G,CHI,16,75.1,9,21,32,2,664,65.3,5,17,24,2,340,95.18,92.94,2013
Zach Strief,T,NO,15,81.7,4,26,33,3,685,76.6,2,16,20,2,263,95.18,92.4,2013
Rodger Saffold,T,SL,12,83.7,3,11,14,0,289,70.1,3,10,13,0,120,95.16,89.17,2013
Guy Whimper,T,PIT,7,70.0,0,5,8,3,164,65.3,0,3,6,3,80,95.12,92.5,2013
Trent Williams,T,WAS,16,88.3,6,21,35,8,712,79.1,5,16,27,6,284,95.08,90.49,2013
Brandon Brooks,G,HST,15,77.8,7,25,33,1,665,74.0,4,15,19,0,339,95.04,94.4,2013
A.Q. Shipley,G,BLT,11,72.9,8,13,22,1,443,62.5,7,10,17,0,248,95.03,93.15,2013
Chris Clark,T,DEN,15,77.1,6,19,32,7,644,56.6,4,10,20,6,212,95.03,90.57,2013
Gino Gradkowski,C,BLT,16,65.0,7,26,36,3,723,69.8,3,14,19,2,407,95.02,95.33,2013
Jordan Gross,T,CAR,16,91.0,1,22,29,6,578,85.8,1,14,19,4,255,94.98,92.55,2013
Logan Mankins,G,NE,16,73.7,5,21,36,10,712,56.2,2,15,24,7,288,94.94,91.67,2013
Will Svitek,T,NE,5,71.2,1,5,8,2,158,64.5,1,2,4,1,67,94.94,94.03,2013
Shawn Lauvao,G,CLV,11,74.2,4,18,26,4,513,66.7,3,14,19,2,278,94.93,93.17,2013
Alex Boone,G,SF,16,70.8,3,22,27,2,529,62.5,2,13,16,1,223,94.9,92.83,2013
David DeCastro,G,PIT,15,76.2,5,23,30,2,586,64.4,4,19,25,2,263,94.88,90.49,2013
Sebastian Vollmer,T,NE,8,79.4,1,13,16,2,311,70.3,1,8,10,1,121,94.86,91.74,2013
Ryan Wendell,C,NE,16,59.9,7,24,37,6,714,60.4,4,12,18,2,289,94.82,93.77,2013
Ron Leary,G,DAL,16,70.5,3,27,35,5,666,56.2,2,21,27,4,352,94.74,92.33,2013
King Dunlap,T,SD,11,77.3,3,13,19,3,360,76.5,1,11,14,2,205,94.72,93.17,2013
Mackenzy Bernadeau,G,DAL,12,74.2,3,17,24,4,452,66.2,2,12,16,2,223,94.69,92.83,2013
Duane Brown,T,HST,14,85.3,9,20,32,3,602,80.4,5,10,17,2,304,94.68,94.41,2013
Andre Smith,T,CIN,16,73.0,2,27,35,6,655,66.5,0,22,25,3,249,94.66,89.96,2013
Nate Solder,T,NE,15,80.3,2,23,35,10,646,72.8,0,15,21,6,266,94.58,92.11,2013
Marcus Cannon,T,NE,12,75.5,4,12,17,1,309,65.0,3,8,12,1,121,94.5,90.08,2013
Demar Dotson,T,TB,16,81.4,2,27,34,5,615,78.1,2,18,25,5,347,94.47,92.8,2013
Harvey Dahl,G,SL,9,72.2,8,9,19,2,342,70.5,5,5,12,2,146,94.44,91.78,2013
Chance Warmack,G,TEN,16,67.6,4,25,36,7,643,65.9,3,14,22,5,340,94.4,93.53,2013
Robert Turner,C,TEN,6,57.9,3,8,13,2,232,58.9,1,6,7,0,121,94.4,94.21,2013
Jeff Allen,G,KC,14,64.5,5,22,32,5,568,58.1,1,11,16,4,190,94.37,91.58,2013
Joe Barksdale,T,SL,16,77.6,5,18,27,4,479,69.7,3,12,18,3,205,94.36,91.22,2013
Charlie Johnson,G,MIN,15,74.2,8,23,35,4,616,64.3,5,16,24,3,257,94.32,90.66,2013
Zane Beadles,G,DEN,16,67.7,9,32,42,1,738,62.6,2,19,21,0,247,94.31,91.5,2013
David Bakhtiari,T,GB,16,72.1,4,27,39,8,685,65.0,2,17,22,3,221,94.31,90.05,2013
Corey Hilliard,T,DET,9,67.4,1,14,16,1,280,56.1,1,11,13,1,116,94.29,88.79,2013
Tyler Polumbus,T,WAS,16,76.2,9,28,41,4,713,75.5,5,14,20,1,284,94.25,92.96,2013
Eugene Monroe,T,BLT,15,86.4,7,27,39,5,675,86.0,3,19,25,3,349,94.22,92.84,2013
Jeromey Clary,G,SD,15,78.0,6,23,34,5,586,68.4,6,22,33,5,342,94.2,90.35,2013
Russell Okung,T,SEA,8,59.2,3,9,14,2,241,39.8,0,8,10,2,102,94.19,90.2,2013
Jason Peters,T,PHI,16,87.2,3,28,35,4,590,83.1,1,23,26,2,304,94.07,91.45,2013
Tony Pashos,T,OAK,12,73.4,1,19,26,6,435,66.1,0,14,19,5,189,94.02,89.95,2013
Doug Free,T,DAL,16,79.3,0,34,40,6,668,76.0,0,24,29,5,352,94.01,91.76,2013
Garrett Reynolds,G,ATL,14,76.3,3,22,29,4,481,65.0,3,17,23,3,240,93.97,90.42,2013
Erik Pears,T,BUF,16,71.1,6,29,39,4,645,62.8,5,24,30,1,304,93.95,90.13,2013
Phil Loadholt,T,MIN,15,76.3,5,27,36,4,593,66.9,2,22,28,4,247,93.93,88.66,2013
Ted Larsen,G,TB,8,71.8,2,12,15,1,243,67.2,2,9,12,1,142,93.83,91.55,2013
James Brewer,G,NYG,10,59.7,4,11,16,1,259,57.9,3,7,11,1,147,93.82,92.52,2013
Kelechi Osemele,G,BLT,7,70.6,6,11,17,0,275,62.2,5,9,14,0,156,93.82,91.03,2013
Khalif Barnes,T,OAK,16,78.7,2,34,39,3,629,68.5,1,26,27,0,271,93.8,90.04,2013
Don Barclay,T,GB,14,65.6,6,22,36,8,577,60.0,2,10,17,5,178,93.76,90.45,2013
Anthony Davis,T,SF,16,74.8,4,24,33,5,528,72.2,0,18,21,3,223,93.75,90.58,2013
Chris Chester,G,WAS,16,64.7,4,38,45,3,713,51.4,1,28,32,3,284,93.69,88.73,2013
Dan Connolly,G,NE,16,59.2,12,27,42,3,664,49.7,7,16,26,3,272,93.67,90.44,2013
Davin Joseph,G,TB,16,69.4,7,29,39,3,610,57.6,7,22,32,3,347,93.61,90.78,2013
Jake Long,T,SL,15,80.4,4,22,32,6,497,72.9,0,14,19,5,206,93.56,90.78,2013
Michael Bowie,T,SEA,9,60.4,3,11,19,5,294,47.3,2,7,12,3,96,93.54,87.5,2013
David Stewart,T,TEN,12,72.6,5,23,33,5,506,65.5,3,19,27,5,271,93.48,90.04,2013
Austin Pasztor,T,JAX,12,69.5,10,18,33,5,506,66.6,6,9,18,3,193,93.48,90.67,2013
Austin Howard,T,NYJ,16,69.9,15,21,38,2,581,64.7,11,17,29,1,309,93.46,90.61,2013
Kelvin Beachum,T,PIT,15,77.0,6,21,34,7,508,62.0,5,14,25,6,225,93.31,88.89,2013
Jared Veldheer,T,OAK,5,74.4,0,13,14,1,209,80.3,0,7,8,1,99,93.3,91.92,2013
Gosder Cherilus,T,IND,16,72.9,13,30,47,4,700,70.0,8,17,29,4,328,93.29,91.16,2013
Mike Iupati,G,SF,12,60.5,3,19,25,3,371,37.1,1,17,20,2,159,93.26,87.42,2013
Wade Smith,G,HST,16,72.6,8,29,41,4,607,69.0,7,16,26,3,318,93.25,91.82,2013
Peter Konz,C,ATL,16,57.2,3,33,42,6,618,48.8,1,24,28,3,306,93.2,90.85,2013
Jeff Linkenbach,T,IND,8,66.9,2,12,16,2,235,60.0,2,8,12,2,112,93.19,89.29,2013
Brian Schwenke,C,TEN,9,55.7,8,12,23,3,335,45.4,7,8,17,2,175,93.13,90.29,2013
Hugh Thornton,G,IND,14,55.2,16,16,39,7,565,34.9,10,14,29,5,266,93.1,89.1,2013
Paul Fanaika,G,ARZ,16,60.9,7,32,46,7,658,44.3,3,23,30,4,307,93.01,90.23,2013
Michael Roos,T,TEN,16,80.0,7,36,45,2,643,76.6,5,23,30,2,340,93.0,91.18,2013
Sam Brenner,G,MIA,7,51.8,2,10,13,1,183,42.7,1,7,9,1,88,92.9,89.77,2013
Will Rackley,G,JAX,11,53.4,7,19,30,4,422,45.0,4,12,19,3,177,92.89,89.27,2013
Mike McGlynn,G,IND,14,61.4,11,26,41,4,570,45.8,9,19,30,2,261,92.81,88.51,2013
Riley Reiff,T,DET,16,72.7,8,34,49,7,675,59.9,5,25,35,5,294,92.74,88.1,2013
Anthony Castonzo,T,IND,16,75.0,8,39,51,4,701,65.8,5,28,36,3,329,92.72,89.06,2013
D'Brickashaw Ferguson,T,NYJ,16,81.6,4,31,43,8,583,80.6,4,23,32,5,310,92.62,89.68,2013
Donald Penn,T,TB,16,75.9,6,28,46,12,616,69.6,5,19,33,9,348,92.53,90.52,2013
Brian Winters,G,NYJ,13,52.9,6,15,31,10,412,47.1,4,11,23,8,219,92.48,89.5,2013
Jeremy Trueblood,T,ATL,11,66.6,7,24,33,2,436,65.6,5,12,19,2,218,92.43,91.28,2013
Matt Kalil,T,MIN,16,78.2,12,33,49,4,646,68.9,10,20,33,3,262,92.41,87.4,2013
Marcus Gilbert,T,PIT,16,69.0,5,30,46,11,605,60.5,4,23,36,9,272,92.4,86.76,2013
LaAdrian Waddle,T,DET,9,72.1,8,17,25,0,326,60.3,6,14,20,0,152,92.33,86.84,2013
Todd Herremans,G,PHI,16,56.8,10,34,48,4,623,42.3,6,24,33,3,319,92.3,89.66,2013
Chris Williams,G,SL,16,56.2,8,28,41,5,531,52.3,5,11,21,5,231,92.28,90.91,2013
Ryan Schraeder,T,ATL,7,66.8,0,12,16,4,207,72.2,0,7,8,1,99,92.27,91.92,2013
D.J. Fluker,T,SD,15,66.2,8,33,47,6,601,56.4,4,27,37,6,339,92.18,89.09,2013
Charles Brown,T,NO,14,63.4,9,33,49,7,622,48.5,5,19,30,6,232,92.12,87.07,2013
Jamon Meredith,G,TB,13,63.4,7,11,19,1,240,52.1,4,10,15,1,124,92.08,87.9,2013
Adam Snyder,G,SF,13,55.5,2,8,14,4,175,39.6,1,5,9,3,65,92.0,86.15,2013
Luke Joeckel,T,JAX,5,62.9,1,11,15,3,186,50.7,1,9,13,3,79,91.94,83.54,2013
Byron Bell,T,CAR,16,70.2,6,31,46,9,569,60.8,5,21,34,8,249,91.92,86.35,2013
Justin Pugh,T,NYG,16,68.0,4,43,52,5,643,62.2,2,37,42,3,365,91.91,88.49,2013
Tyson Clabo,T,MIA,15,67.0,10,31,52,11,635,59.7,6,20,34,8,274,91.81,87.59,2013
Jermon Bushrod,T,CHI,16,70.3,9,42,55,4,664,62.1,4,32,40,4,340,91.72,88.24,2013
Michael Oher,T,BLT,16,72.2,7,41,56,8,676,65.7,6,32,43,5,373,91.72,88.47,2013
Mitchell Schwartz,T,CLV,16,74.0,19,35,65,11,779,68.3,14,26,50,10,429,91.66,88.34,2013
Breno Giacomini,T,SEA,9,65.2,1,19,24,4,286,71.2,0,11,13,2,122,91.61,89.34,2013
Paul McQuistan,G,SEA,16,41.0,6,23,37,8,426,30.2,3,13,20,4,153,91.31,86.93,2013
Donald Stephenson,T,KC,13,61.4,5,22,28,1,322,44.6,1,13,14,0,97,91.3,85.57,2013
Eric Winston,T,ARZ,16,63.7,8,43,58,7,649,55.7,5,29,39,5,306,91.06,87.25,2013
Bryant McKinnie,T,MIA,15,67.4,13,38,59,8,657,61.7,8,23,37,6,323,91.02,88.54,2013
Shelley Smith,G,SL,10,58.7,4,12,18,2,200,46.5,4,8,13,1,91,91.0,85.71,2013
Ryan Harris,T,HST,15,65.2,12,14,28,2,305,62.2,8,11,21,2,153,90.82,86.27,2013
Lane Johnson,T,PHI,16,63.0,8,39,57,10,620,57.3,5,30,42,7,318,90.81,86.79,2013
Will Beatty,T,NYG,16,63.0,7,39,59,13,639,55.7,3,31,46,12,364,90.77,87.36,2013
Vladimir Ducasse,G,NYJ,9,51.4,4,11,17,2,181,46.2,3,6,10,1,93,90.61,89.25,2013
Nate Chandler,G,CAR,11,49.5,0,23,27,4,286,31.9,0,19,21,2,116,90.56,81.9,2013
Jonathan Martin,T,MIA,7,66.9,7,15,29,7,306,54.4,4,10,20,6,129,90.52,84.5,2013
Johnnie Troutman,G,SD,11,54.3,6,29,36,1,379,32.6,6,25,32,1,216,90.5,85.19,2013
Eric Fisher,T,KC,14,49.5,5,35,47,7,493,27.6,3,25,33,5,169,90.47,80.47,2013
Derek Newton,T,HST,16,56.9,7,37,50,6,517,49.2,6,24,35,5,275,90.33,87.27,2013
Cameron Bradfield,T,JAX,13,60.4,14,29,50,7,506,46.2,7,18,28,3,191,90.12,85.34,2013
Oniel Cousins,G,CLV,9,48.6,2,20,23,1,228,33.7,1,16,18,1,127,89.91,85.83,2013
David Diehl,G,NYG,11,45.5,7,33,42,2,413,26.5,6,28,36,2,228,89.83,84.21,2013
Levi Brown,T,PIT,4,47.2,6,8,18,4,175,30.7,6,7,16,3,89,89.71,82.02,2013
Lamar Holmes,T,ATL,16,63.6,13,53,76,10,735,54.2,10,34,53,9,366,89.66,85.52,2013
Lucas Nix,G,OAK,12,31.4,2,33,40,5,382,5.7,2,24,29,3,159,89.53,81.76,2013
Colin Brown,G,BUF,6,27.1,7,16,26,3,224,25.1,5,10,18,3,116,88.39,84.48,2013
Mike Adams,T,PIT,14,57.5,8,24,36,4,309,53.3,4,16,24,4,152,88.35,84.21,2013
Jordan Mills,T,CHI,16,46.7,13,62,78,3,640,42.0,9,45,56,2,330,87.81,83.03,2013
Bradley Sowell,T,ARZ,14,47.8,12,40,59,7,484,32.4,9,28,42,5,218,87.81,80.73,2013
Marshall Newhouse,T,GB,6,40.2,4,13,20,3,162,16.7,4,9,16,3,63,87.65,74.6,2013
Alex Mack,C,CLV,5,81.6,0,1,1,0,161,84.1,0,1,1,0,58,99.38,98.28,2014
Will Montgomery,C,DEN,9,87.5,0,3,4,1,331,83.5,0,1,2,1,103,98.79,98.06,2014
Joe Hawley,C,ATL,4,84.5,1,1,2,0,162,85.3,1,0,1,0,77,98.77,98.7,2014
Nick Mangold,C,NYJ,15,86.4,2,4,7,1,563,91.0,1,0,1,0,283,98.76,99.65,2014
Andrew Whitworth,T,CIN,16,93.5,1,8,9,0,571,89.7,0,5,5,0,208,98.42,97.6,2014
Josh Sitton,G,GB,16,94.3,4,6,10,0,618,90.9,3,5,8,0,259,98.38,96.91,2014
Rodney Hudson,C,KC,16,86.9,2,6,10,2,612,74.4,1,3,6,2,211,98.37,97.16,2014
Orlando Franklin,G,DEN,16,81.6,2,8,11,1,652,66.6,2,6,9,1,209,98.31,95.69,2014
Kelechi Osemele,G,BLT,14,82.4,2,6,10,2,558,79.5,1,5,7,1,235,98.21,97.02,2014
Zack Martin,G,DAL,16,92.0,2,8,10,0,548,85.6,2,5,7,0,277,98.18,97.47,2014
Kevin Zeitler,G,CIN,12,83.4,2,6,9,1,415,64.3,2,5,8,1,157,97.83,94.9,2014
Kyle Long,G,CHI,15,85.0,2,13,15,0,675,80.8,2,10,12,0,310,97.78,96.13,2014
Daniel Kilgore,C,SF,7,76.8,0,6,6,0,265,74.5,0,3,3,0,123,97.74,97.56,2014
Stefen Wisniewski,C,OAK,16,73.2,3,12,16,1,687,78.7,2,7,9,0,303,97.67,97.03,2014
Corey Linsley,C,GB,16,83.3,2,12,15,1,633,78.4,0,7,7,0,262,97.63,97.33,2014
Kory Lichtensteiger,C,WAS,16,79.9,1,14,16,1,670,70.6,1,12,13,0,284,97.61,95.42,2014
Zane Beadles,G,JAX,16,81.5,3,12,17,2,691,74.2,1,8,10,1,256,97.54,96.09,2014
Brandon Linder,G,JAX,15,86.2,2,8,15,5,597,76.1,2,5,10,3,211,97.49,95.26,2014
Travis Frederick,C,DAL,16,79.9,2,11,14,1,549,79.9,2,6,8,0,278,97.45,97.12,2014
Joel Bitonio,G,CLV,16,87.5,3,11,15,1,584,79.4,1,10,12,1,213,97.43,94.37,2014
Evan Mathis,G,PHI,9,87.9,2,5,9,2,347,89.0,0,2,4,2,151,97.41,97.35,2014
Jason Kelce,C,PHI,12,75.1,3,8,13,2,488,72.2,1,7,9,1,207,97.34,95.65,2014
Bryan Stork,C,NE,13,74.7,8,4,13,1,487,72.2,3,1,5,1,187,97.33,97.33,2014
Mike Remmers,T,CAR,5,75.9,1,4,5,0,185,72.7,1,2,3,0,91,97.3,96.7,2014
Branden Albert,T,MIA,9,91.5,1,5,9,3,332,84.8,0,5,7,2,144,97.29,95.14,2014
Roberto Garza,C,CHI,12,71.2,2,11,14,1,514,63.2,2,7,9,0,234,97.28,96.15,2014
Kelvin Beachum,T,PIT,16,91.2,3,9,19,7,689,85.0,0,6,13,7,273,97.24,95.24,2014
Maurkice Pouncey,C,PIT,16,86.2,2,16,19,1,689,75.8,2,10,13,1,273,97.24,95.24,2014
Trai Turner,G,CAR,13,81.8,4,7,11,0,396,78.6,1,5,6,0,185,97.22,96.76,2014
Chris Watt,G,SD,12,72.0,1,5,9,3,315,62.5,1,5,8,2,184,97.14,95.65,2014
A.Q. Shipley,C,IND,9,79.2,3,5,8,0,278,79.8,1,2,3,0,131,97.12,97.71,2014
Marshal Yanda,G,BLT,16,86.5,5,11,18,2,623,83.9,4,5,11,2,252,97.11,95.63,2014
Joe Thomas,T,CLV,16,92.9,3,12,17,2,584,90.6,0,7,9,2,213,97.09,95.77,2014
J.D. Walton,C,NYG,16,69.5,3,16,20,1,680,66.7,2,7,10,1,261,97.06,96.17,2014
Tim Lelito,C,NO,7,67.6,3,2,5,0,169,63.7,2,2,4,0,87,97.04,95.4,2014
T.J. Lang,G,GB,16,86.3,2,12,17,3,573,78.0,1,10,13,2,229,97.03,94.32,2014
Manuel Ramirez,C,DEN,16,72.4,3,16,20,1,669,59.7,2,7,9,0,209,97.01,95.69,2014
Mike Pollak,G,CIN,10,77.3,0,7,7,0,233,52.0,0,5,5,0,76,97.0,93.42,2014
Rodger Saffold,G,SL,16,83.2,2,13,17,2,563,77.3,1,12,14,1,289,96.98,95.16,2014
Max Unger,C,SEA,6,73.0,0,6,6,0,198,52.4,0,5,5,0,56,96.97,91.07,2014
Brian De La Puente,C,CHI,8,70.4,1,6,10,3,311,57.2,1,4,8,3,141,96.78,94.33,2014
Evan Smith,C,TB,15,75.4,4,14,20,2,617,65.4,3,12,15,0,335,96.76,95.52,2014
John Sullivan,C,MIN,16,78.3,6,12,20,2,616,81.9,3,7,12,2,312,96.75,96.15,2014
Russell Bodine,C,CIN,16,65.5,3,14,19,2,584,62.0,2,9,11,0,212,96.75,94.81,2014
Larry Warford,G,DET,13,83.3,2,12,16,2,490,75.7,1,11,13,1,199,96.73,93.47,2014
Gabe Jackson,G,OAK,13,85.6,2,16,19,1,554,86.2,2,10,13,1,256,96.57,94.92,2014
Brandon Brooks,G,HST,15,83.1,2,16,18,0,517,73.8,2,12,14,0,216,96.52,93.52,2014
Dominic Raiola,C,DET,15,72.8,2,17,23,4,659,72.8,2,6,12,4,276,96.51,95.65,2014
Alex Boone,G,SF,15,76.4,0,17,20,3,573,68.7,0,10,12,2,254,96.51,95.28,2014
Kraig Urbik,G,BUF,10,75.4,2,10,14,2,400,68.7,2,8,11,1,165,96.5,93.33,2014
Joe Reitz,G,IND,8,81.1,0,4,6,2,168,78.1,0,1,3,2,79,96.43,96.2,2014
Jason Peters,T,PHI,16,91.4,4,17,25,4,699,86.3,3,13,19,3,294,96.42,93.54,2014
Chris Chester,G,WAS,16,81.3,3,16,24,5,669,75.2,2,10,16,4,284,96.41,94.37,2014
Andre Smith,T,CIN,9,67.6,1,5,10,4,276,54.3,1,3,8,4,98,96.38,91.84,2014
Eric Wood,C,BUF,16,75.8,5,16,24,3,663,70.3,4,10,16,2,288,96.38,94.44,2014
Logan Mankins,G,TB,16,76.5,5,14,22,3,599,70.8,4,12,18,2,320,96.33,94.38,2014
Chris Spencer,C,TEN,8,66.0,1,5,8,2,215,77.0,0,2,3,1,108,96.28,97.22,2014
Luke Bowanko,C,JAX,15,67.0,3,16,23,4,611,49.7,2,10,15,3,227,96.24,93.39,2014
Ryan Kalil,C,CAR,16,69.7,1,20,24,3,639,60.8,1,12,15,2,294,96.24,94.9,2014
John Greco,G,CLV,16,77.1,6,14,22,2,584,65.9,4,10,16,2,213,96.23,92.49,2014
Jared Veldheer,T,ARZ,16,87.6,4,20,25,1,664,83.6,2,14,17,1,317,96.23,94.64,2014
Ben Jones,G,HST,16,69.8,5,14,21,2,554,47.6,5,12,18,1,227,96.21,92.07,2014
Jeremy Zuttah,C,BLT,16,71.0,0,23,24,1,626,67.9,0,11,12,1,254,96.17,95.28,2014
Louis Vasquez,G,DEN,16,71.5,9,13,26,4,670,57.9,8,7,17,2,211,96.12,91.94,2014
Andrew Norwell,G,CAR,10,78.2,1,13,15,1,385,67.9,1,8,10,1,191,96.1,94.76,2014
Willie Colon,G,NYJ,16,83.4,3,20,24,1,609,77.1,3,15,19,1,298,96.06,93.62,2014
James Carpenter,G,SEA,13,73.0,4,14,18,0,452,73.4,1,3,4,0,150,96.02,97.33,2014
Jonathan Goodwin,C,NO,14,67.3,5,15,23,3,572,66.9,4,7,12,1,276,95.98,95.65,2014
Weston Richburg,G,NYG,16,69.8,7,16,25,2,620,58.4,4,10,16,2,235,95.97,93.19,2014
Chris Clark,T,DEN,10,75.8,2,6,10,2,248,73.5,1,2,3,0,67,95.97,95.52,2014
David DeCastro,G,PIT,16,81.3,2,23,28,3,689,70.9,1,13,16,2,273,95.94,94.14,2014
Chris Myers,C,HST,16,66.7,3,20,24,1,585,66.2,2,9,11,0,239,95.9,95.4,2014
Shawn Lauvao,G,WAS,15,75.8,3,20,25,2,603,71.9,1,17,20,2,251,95.85,92.03,2014
Jon Asamoah,G,ATL,15,81.2,3,21,26,2,626,72.5,2,16,20,2,295,95.85,93.22,2014
Rick Wagner,T,BLT,15,81.7,1,20,23,2,552,71.8,1,17,20,2,214,95.83,90.65,2014
Tyron Smith,T,DAL,16,89.2,8,13,23,2,549,88.2,4,7,13,2,278,95.81,95.32,2014
Ryan Wendell,G,NE,14,63.0,4,18,23,1,549,66.6,1,7,8,0,204,95.81,96.08,2014
David Molk,C,PHI,7,48.0,2,9,11,0,259,61.7,1,1,2,0,101,95.75,98.02,2014
John Jerry,G,NYG,16,73.6,2,23,29,4,679,71.9,2,12,16,2,261,95.73,93.87,2014
Anthony Castonzo,T,IND,16,89.5,9,22,33,2,769,86.9,6,14,22,2,383,95.71,94.26,2014
Duane Brown,T,HST,16,84.4,9,14,25,2,583,82.5,5,9,15,1,238,95.71,93.7,2014
Ryan Groy,G,CHI,4,68.3,1,5,7,1,162,56.6,0,4,5,1,84,95.68,94.05,2014
Brian Schwenke,C,TEN,11,64.7,7,10,18,1,417,49.2,7,9,16,0,237,95.68,93.25,2014
Ryan Schraeder,T,ATL,13,78.3,2,13,18,3,415,72.3,1,9,12,2,179,95.66,93.3,2014
Lyle Sendlein,C,ARZ,16,60.4,11,17,29,1,664,44.0,10,11,22,1,317,95.63,93.06,2014
Demar Dotson,T,TB,16,79.9,2,20,28,6,638,78.6,1,14,20,5,346,95.61,94.22,2014
Samson Satele,C,MIA,16,63.9,12,15,30,3,684,51.0,6,11,19,2,304,95.61,93.75,2014
Joe Berger,G,MIN,12,70.8,2,12,17,3,384,63.9,2,9,13,2,199,95.57,93.47,2014
Paul Cornick,T,DEN,9,64.9,0,6,7,1,157,38.9,0,4,5,1,53,95.54,90.57,2014
Trent Williams,T,WAS,15,85.4,7,14,25,4,561,81.5,5,9,14,0,230,95.54,93.91,2014
Andy Levitre,G,TEN,16,71.6,1,21,28,6,626,61.6,1,16,22,5,345,95.53,93.62,2014
Justin Blalock,G,ATL,15,79.6,6,20,29,3,648,76.3,3,12,17,2,302,95.52,94.37,2014
Matt Slauson,G,CHI,5,66.1,1,6,8,1,178,46.5,1,5,7,1,85,95.51,91.76,2014
Daryn Colledge,G,MIA,13,66.5,5,9,21,7,466,57.0,4,9,18,5,211,95.49,91.47,2014
Nate Solder,T,NE,16,71.7,9,14,29,6,641,60.5,6,10,19,3,228,95.48,91.67,2014
Cordy Glenn,T,BUF,16,84.9,4,18,30,8,658,76.9,3,12,22,7,286,95.44,92.31,2014
Sebastian Vollmer,T,NE,15,76.9,5,19,28,4,614,74.3,2,9,14,3,227,95.44,93.83,2014
Russell Okung,T,SEA,14,80.5,3,18,22,1,482,66.6,2,13,15,0,160,95.44,90.62,2014
Scott Wells,C,SL,16,55.7,3,23,27,1,590,42.3,1,19,21,1,305,95.42,93.11,2014
Joe Staley,T,SF,16,83.2,3,22,29,4,632,73.5,2,15,20,3,275,95.41,92.73,2014
Shelley Smith,G,MIA,9,62.1,3,5,10,2,218,64.5,0,2,3,1,92,95.41,96.74,2014
Ben Grubbs,G,NO,16,76.3,6,27,34,1,737,66.3,6,17,24,1,362,95.39,93.37,2014
Chance Warmack,G,TEN,16,77.6,2,25,29,2,625,76.4,1,15,18,2,344,95.36,94.77,2014
David Bakhtiari,T,GB,16,83.6,5,18,29,6,622,76.6,2,11,18,5,259,95.34,93.05,2014
James Stone,C,ATL,11,69.0,6,15,21,0,449,54.7,5,9,14,0,198,95.32,92.93,2014
Rob Sims,G,DET,16,75.0,6,22,33,5,705,57.4,5,19,27,3,299,95.32,90.97,2014
Austin Howard,G,OAK,16,65.0,4,24,33,5,701,50.2,3,17,25,5,313,95.29,92.01,2014
Will Beatty,T,NYG,16,78.5,10,19,32,3,678,71.6,6,15,24,3,261,95.28,90.8,2014
Bryan Bulaga,T,GB,15,79.4,2,20,26,4,544,72.0,2,15,20,3,229,95.22,91.27,2014
Rich Ohrnberger,C,SD,8,58.8,6,7,13,0,272,58.9,6,7,13,0,187,95.22,93.05,2014
Terron Armstead,T,NO,14,78.9,4,18,25,3,522,71.9,3,14,19,2,253,95.21,92.49,2014
Clint Boling,G,CIN,16,66.3,10,15,28,3,584,46.1,6,14,22,2,212,95.21,89.62,2014
Michael Roos,T,TEN,5,84.2,0,8,9,1,187,78.9,0,7,8,1,117,95.19,93.16,2014
Zach Fulton,G,KC,16,70.9,5,21,29,3,603,54.8,3,18,22,1,203,95.19,89.16,2014
Jack Mewhort,G,IND,14,73.3,11,19,32,2,660,65.1,7,14,22,1,326,95.15,93.25,2014
Ryan Clady,T,DEN,16,72.3,9,21,32,2,643,69.0,4,6,10,0,200,95.02,95.0,2014
Ramon Foster,G,PIT,14,79.8,4,24,30,2,602,67.4,4,15,21,2,246,95.02,91.46,2014
Erik Pears,G,BUF,16,59.4,6,23,33,4,663,50.9,4,18,26,4,288,95.02,90.97,2014
Lane Johnson,T,PHI,12,78.6,2,23,26,1,518,76.0,0,14,14,0,219,94.98,93.61,2014
Justin Pugh,T,NYG,14,73.1,4,18,28,6,556,60.3,3,12,19,4,211,94.96,91.0,2014
Taylor Lewan,T,TEN,9,78.6,2,5,11,4,218,73.2,0,4,8,4,111,94.95,92.79,2014
Ted Larsen,G,ARZ,16,62.7,12,18,33,3,652,61.8,7,9,18,2,310,94.94,94.19,2014
Donald Penn,T,OAK,16,90.2,3,29,36,4,690,84.1,3,16,23,4,306,94.78,92.48,2014
Marcus Martin,C,SF,8,60.0,2,12,16,2,306,40.6,1,8,10,1,121,94.77,91.74,2014
Khalif Barnes,T,OAK,14,63.9,5,18,27,4,510,52.9,3,14,20,3,223,94.71,91.03,2014
Jonotthan Harrison,C,IND,12,63.1,6,16,24,2,453,53.3,5,11,18,2,231,94.7,92.21,2014
Vladimir Ducasse,G,MIN,8,68.2,1,9,14,4,263,67.1,1,7,11,3,127,94.68,91.34,2014
Michael Ola,T,CHI,13,70.7,5,21,29,3,545,55.3,3,17,23,3,249,94.68,90.76,2014
Ron Leary,G,DAL,15,66.6,2,22,27,3,507,59.6,2,17,22,3,255,94.67,91.37,2014
Amini Silatolu,G,CAR,7,72.5,1,7,14,6,262,62.6,1,6,10,3,102,94.66,90.2,2014
Jermey Parnell,T,DAL,9,78.9,1,9,10,0,187,76.7,1,5,6,0,92,94.65,93.48,2014
LaAdrian Waddle,T,DET,10,75.5,2,12,19,5,354,70.2,2,7,12,3,145,94.63,91.72,2014
Eugene Monroe,T,BLT,11,74.7,6,14,23,3,428,59.8,4,10,16,2,168,94.63,90.48,2014
Johnnie Troutman,G,SD,15,63.9,1,20,26,5,474,54.7,1,17,23,5,296,94.51,92.23,2014
Sam Young,T,JAX,7,64.7,2,9,15,4,271,61.1,0,6,9,3,95,94.46,90.53,2014
Mike Iupati,G,SF,15,68.1,2,22,31,7,556,62.2,1,14,18,3,238,94.42,92.44,2014
Riley Reiff,T,DET,15,80.6,5,27,34,2,601,62.7,4,23,29,2,249,94.34,88.35,2014
Lance Louis,G,IND,7,53.2,7,11,19,1,334,38.0,4,9,14,1,160,94.31,91.25,2014
Zach Strief,T,NO,16,76.4,6,31,40,3,694,66.1,5,27,34,2,338,94.24,89.94,2014
Nick McDonald,C,CLV,8,47.2,2,10,15,3,260,27.8,1,7,10,2,97,94.23,89.69,2014
J.R. Sweezy,G,SEA,16,54.9,6,23,33,4,571,38.4,3,11,18,4,192,94.22,90.62,2014
Oday Aboushi,G,NYJ,13,63.2,5,16,23,2,394,54.4,3,12,16,1,191,94.16,91.62,2014
Mike McGlynn,G,KC,14,57.7,4,18,28,6,476,45.1,2,11,18,5,168,94.12,89.29,2014
Todd Herremans,G,PHI,8,53.7,5,17,22,0,372,29.8,3,13,16,0,152,94.09,89.47,2014
Matt Tobin,G,PHI,7,47.1,7,11,19,1,321,39.4,5,7,13,1,131,94.08,90.08,2014
Fernando Velasco,G,CAR,8,66.8,2,12,14,0,235,70.6,1,6,7,0,99,94.04,92.93,2014
Hugh Thornton,G,IND,9,61.8,6,15,23,2,385,59.0,3,9,13,1,203,94.03,93.6,2014
Davin Joseph,G,SL,16,58.7,8,19,32,5,535,61.8,6,13,22,3,282,94.02,92.2,2014
Mitchell Schwartz,T,CLV,16,75.4,6,22,35,7,584,71.9,4,13,21,4,213,94.01,90.14,2014
Austin Pasztor,T,JAX,8,59.4,3,12,19,4,316,52.6,2,6,10,2,126,93.99,92.06,2014
Doug Free,T,DAL,11,73.5,2,17,22,3,366,65.2,2,13,17,2,186,93.99,90.86,2014
D'Brickashaw Ferguson,T,NYJ,16,82.6,9,27,37,1,615,76.6,6,19,26,1,301,93.98,91.36,2014
Patrick Omameh,G,TB,16,63.1,6,25,36,5,598,54.4,5,17,27,5,324,93.98,91.67,2014
Chad Rinehart,G,SD,16,64.0,6,31,41,4,674,55.4,6,26,36,4,428,93.92,91.59,2014
Joe Looney,G,SF,10,49.9,2,9,11,0,181,41.6,1,7,8,0,75,93.92,89.33,2014
Mike Pouncey,G,MIA,12,56.0,3,25,31,3,503,37.2,3,17,23,3,224,93.84,89.73,2014
Greg Robinson,T,SL,13,61.0,9,11,27,7,434,46.7,6,8,20,6,224,93.78,91.07,2014
Marcus Gilbert,T,PIT,12,75.1,4,19,29,6,466,59.0,3,17,25,5,181,93.78,86.19,2014
Bobby Massie,T,ARZ,16,69.8,8,27,42,7,664,63.8,5,18,28,5,317,93.67,91.17,2014
Jahri Evans,G,NO,16,62.0,7,34,47,6,741,49.1,5,30,38,3,363,93.66,89.53,2014
Travis Swanson,C,DET,9,61.6,3,11,15,1,236,70.1,1,4,6,1,106,93.64,94.34,2014
King Dunlap,T,SD,16,80.1,5,35,43,3,669,73.1,4,32,39,3,425,93.57,90.82,2014
Andrew Gardner,T,PHI,14,61.6,5,15,25,5,387,55.1,2,11,17,4,165,93.54,89.7,2014
Ryan Harris,T,KC,16,65.7,7,25,37,5,572,57.6,4,16,24,4,192,93.53,87.5,2014
Anthony Davis,T,SF,7,63.3,2,12,17,3,260,38.6,2,11,16,3,107,93.46,85.05,2014
Paul Fanaika,G,ARZ,14,64.3,7,29,37,1,563,47.7,5,23,29,1,268,93.43,89.18,2014
Breno Giacomini,T,NYJ,16,73.7,7,31,41,3,615,70.6,6,19,27,2,301,93.33,91.03,2014
Luke Joeckel,T,JAX,16,63.1,7,29,44,8,655,42.5,3,22,30,5,245,93.28,87.76,2014
Marcus Cannon,T,NE,13,54.8,5,10,17,2,251,50.1,4,4,8,0,91,93.23,91.21,2014
Nate Chandler,T,CAR,11,57.9,2,21,30,7,442,49.5,2,12,19,5,197,93.21,90.36,2014
Eric Fisher,T,KC,16,66.3,11,24,42,7,612,47.7,9,12,27,6,210,93.14,87.14,2014
Tyler Polumbus,T,WAS,10,60.4,0,13,21,8,304,42.5,0,10,17,7,132,93.09,87.12,2014
Seantrel Henderson,T,BUF,16,62.7,12,28,46,6,663,58.2,7,21,31,3,288,93.06,89.24,2014
Alvin Bailey,T,SEA,10,75.0,1,12,14,1,201,66.2,0,6,7,1,72,93.03,90.28,2014
Josh Kline,G,NE,8,58.8,3,7,12,2,171,52.8,2,5,8,1,64,92.98,87.5,2014
Anthony Collins,T,TB,10,65.6,14,14,29,1,409,64.2,11,10,22,1,230,92.91,90.43,2014
Dan Connolly,G,NE,13,44.4,14,21,36,1,508,24.4,9,10,20,1,186,92.91,89.25,2014
Jermon Bushrod,T,CHI,14,79.0,9,31,45,5,631,74.0,6,23,30,1,289,92.87,89.62,2014
James Hurst,T,BLT,9,46.1,6,7,16,3,224,32.9,5,6,12,1,99,92.86,87.88,2014
Phil Loadholt,T,MIN,11,67.9,6,22,33,5,454,58.0,4,17,26,5,230,92.73,88.7,2014
Charlie Johnson,G,MIN,14,67.4,7,27,39,5,536,55.9,6,21,31,4,278,92.72,88.85,2014
D.J. Fluker,T,SD,16,69.7,5,36,48,7,659,66.8,5,30,41,6,419,92.72,90.21,2014
Jonathan Martin,T,SF,14,66.1,1,21,28,6,384,60.9,0,14,19,5,172,92.71,88.95,2014
Jordan Devey,T,NE,5,31.1,3,9,13,1,176,12.0,2,4,7,1,62,92.61,88.71,2014
Derek Newton,T,HST,16,62.5,6,36,44,2,586,53.1,2,29,33,2,240,92.49,86.25,2014
Jake Long,T,SL,7,79.4,4,13,20,3,266,81.4,3,9,13,1,148,92.48,91.22,2014
Jordan Mills,T,CHI,13,59.9,6,31,43,6,570,50.7,4,23,30,3,261,92.46,88.51,2014
Gosder Cherilus,T,IND,13,65.5,15,27,48,6,637,66.6,10,14,27,3,329,92.46,91.79,2014
Menelik Watson,T,OAK,12,58.6,2,21,25,2,331,55.8,2,12,15,1,143,92.45,89.51,2014
Cornelius Lucas,T,DET,11,71.4,3,15,23,5,301,62.3,3,13,18,2,139,92.36,87.05,2014
Mike Adams,T,PIT,6,63.7,2,14,18,2,229,58.5,1,10,12,1,92,92.14,86.96,2014
Jake Matthews,T,ATL,15,65.1,9,35,51,7,634,54.7,7,25,39,7,298,91.96,86.91,2014
Gabe Carimi,T,ATL,16,61.3,7,19,31,5,382,53.8,6,14,23,3,188,91.88,87.77,2014
Michael Harris,T,MIN,7,62.2,2,11,18,5,214,56.4,2,10,15,3,108,91.59,86.11,2014
Joe Barksdale,T,SL,16,68.2,4,40,51,7,604,64.5,2,32,40,6,320,91.56,87.5,2014
Cyril Richardson,G,BUF,5,34.0,6,10,17,1,201,51.1,3,7,11,1,96,91.54,88.54,2014
Justin Britt,T,SEA,16,54.4,6,38,49,5,573,37.6,3,23,29,3,192,91.45,84.9,2014
Matt Kalil,T,MIN,16,65.2,7,36,55,12,642,58.0,3,28,39,8,325,91.43,88.0,2014
Michael Oher,T,TEN,11,67.8,4,26,36,6,419,62.4,4,18,28,6,238,91.41,88.24,2014
Byron Bell,T,CAR,15,62.6,5,38,52,9,598,58.0,3,25,32,4,269,91.3,88.1,2014
Marshall Newhouse,T,CIN,13,49.6,3,11,16,2,183,21.7,2,7,11,2,65,91.26,83.08,2014
Brian Winters,G,NYJ,6,44.8,3,16,20,1,226,55.6,2,8,10,0,112,91.15,91.07,2014
Ja'Wuan James,T,MIA,16,63.2,12,40,58,6,648,53.0,7,25,36,4,288,91.05,87.5,2014
Tom Compton,T,WAS,14,60.5,8,22,36,6,399,50.1,8,16,28,4,170,90.98,83.53,2014
Dallas Thomas,G,MIA,12,47.5,7,26,40,7,436,28.7,6,19,31,6,210,90.83,85.24,2014
Bryce Harris,T,NO,10,61.1,7,19,26,0,266,49.2,5,15,20,0,135,90.23,85.19,2014
Oniel Cousins,T,TB,7,46.1,6,19,29,4,220,43.9,5,15,22,2,118,86.82,81.36,2014
J.C. Tretter,C,GB,7,78.1,0,3,3,0,218,68.2,0,2,2,0,101,98.62,98.02,2015
Rodney Hudson,C,OAK,13,89.9,2,5,8,1,514,82.4,2,2,5,1,204,98.44,97.55,2015
Travis Frederick,C,DAL,16,84.8,1,9,10,0,622,78.4,1,7,8,0,322,98.39,97.52,2015
Stefen Wisniewski,C,JAX,16,82.9,0,11,13,2,725,69.1,0,9,11,2,317,98.21,96.53,2015
Weston Richburg,C,NYG,15,87.5,1,11,12,0,628,85.4,0,8,8,0,287,98.09,97.21,2015
Matt Slauson,G,CHI,16,84.4,1,9,12,2,605,78.6,1,7,9,1,295,98.02,96.95,2015
Max Unger,C,NO,16,84.7,1,13,15,1,751,81.0,0,7,8,1,318,98.0,97.48,2015
Zack Martin,G,DAL,16,91.8,2,10,13,1,622,86.9,2,7,10,1,322,97.91,96.89,2015
Brian Schwenke,C,TEN,5,71.9,0,3,4,1,180,61.0,0,1,2,1,78,97.78,97.44,2015
Manuel Ramirez,G,DET,8,87.1,1,6,8,1,351,85.9,1,4,6,1,148,97.72,95.95,2015
Marshal Yanda,G,BLT,16,90.7,1,15,17,1,743,87.6,0,9,10,1,323,97.71,96.9,2015
Tony Bergstrom,C,OAK,5,78.7,0,4,4,0,174,79.3,0,2,2,0,89,97.7,97.75,2015
Jahri Evans,G,NO,11,80.8,1,8,12,3,518,68.3,1,5,9,3,203,97.68,95.57,2015
Jason Kelce,C,PHI,16,76.0,4,11,17,2,715,69.8,3,6,11,2,348,97.62,96.84,2015
Josh Sitton,G,GB,16,89.8,1,13,19,5,740,81.0,1,12,17,4,358,97.43,95.25,2015
Eric Wood,C,BUF,16,83.9,2,13,16,1,606,74.3,2,11,14,1,315,97.36,95.56,2015
Kevin Zeitler,G,CIN,16,85.8,3,13,16,0,606,86.1,2,8,10,0,237,97.36,95.78,2015
T.J. Lang,G,GB,15,89.4,0,16,18,2,667,82.2,0,12,14,2,324,97.3,95.68,2015
Trai Turner,G,CAR,16,84.6,1,15,17,1,590,72.2,1,11,13,1,282,97.12,95.39,2015
Mike Pouncey,C,MIA,14,76.0,4,9,15,2,510,67.2,3,5,10,2,221,97.06,95.48,2015
Jeremy Zuttah,C,BLT,9,81.7,1,10,12,1,398,71.6,1,7,9,1,174,96.98,94.83,2015
Joe Berger,C,MIN,16,77.4,3,13,17,1,558,70.7,3,7,11,1,243,96.95,95.47,2015
Joe Thomas,T,CLV,16,93.9,1,21,24,2,756,90.7,0,18,20,2,388,96.83,94.85,2015
Kelvin Beachum,T,PIT,6,82.8,1,2,6,3,187,73.2,0,0,1,1,53,96.79,98.11,2015
Tim Barnes,C,SL,16,68.2,5,10,17,2,526,62.6,3,5,8,0,209,96.77,96.17,2015
Kelechi Osemele,G,BLT,14,72.9,3,17,21,1,644,69.2,2,11,14,1,287,96.74,95.12,2015
Terron Armstead,T,NO,13,89.8,2,15,20,3,609,78.3,2,13,17,2,252,96.72,93.25,2015
Ryan Kalil,C,CAR,15,75.1,2,13,18,3,549,79.8,0,7,9,2,262,96.72,96.56,2015
Richie Incognito,G,BUF,16,79.2,5,13,20,2,606,73.3,5,10,16,1,315,96.7,94.92,2015
Andrew Whitworth,T,CIN,16,86.2,1,15,20,4,604,75.9,1,13,17,3,235,96.69,92.77,2015
Gabe Jackson,G,OAK,16,84.4,3,19,23,1,688,74.4,2,14,17,1,293,96.66,94.2,2015
Mitch Morse,C,KC,15,71.7,0,16,19,3,568,66.6,0,7,8,1,209,96.65,96.17,2015
Nick Mangold,C,NYJ,15,73.4,1,18,19,0,566,65.9,0,9,9,0,204,96.64,95.59,2015
Mike Person,C,ATL,14,76.7,2,18,20,0,592,68.9,1,11,12,0,258,96.62,95.35,2015
John Jerry,G,NYG,14,76.6,2,12,14,0,413,64.2,2,10,12,0,193,96.61,93.78,2015
Logan Mankins,G,TB,15,79.1,6,15,21,0,620,68.6,5,11,16,0,292,96.61,94.52,2015
Ryan Schraeder,T,ATL,16,81.2,2,20,24,2,704,75.7,2,17,21,2,303,96.59,93.07,2015
Trent Williams,T,WAS,14,89.9,3,14,19,2,547,83.5,3,11,15,1,238,96.53,93.7,2015
Tyron Smith,T,DAL,16,91.3,3,14,22,5,622,90.0,2,9,15,4,322,96.46,95.34,2015
Alex Boone,G,SF,13,78.5,5,9,17,3,478,67.7,3,5,11,3,190,96.44,94.21,2015
Corey Linsley,C,GB,13,80.0,1,15,19,3,534,74.3,1,10,14,3,260,96.44,94.62,2015
Louis Vasquez,G,DEN,15,81.0,2,17,20,1,557,79.4,1,12,13,0,253,96.41,94.86,2015
Branden Albert,T,MIA,14,83.2,3,13,18,2,492,72.9,3,12,16,1,206,96.34,92.23,2015
David Andrews,C,NE,13,70.0,5,11,18,2,491,64.7,2,5,8,1,138,96.33,94.2,2015
Ben Jones,C,HST,16,75.2,3,18,26,5,703,69.8,2,10,13,1,292,96.3,95.55,2015
Patrick Lewis,C,SEA,9,67.6,1,10,13,2,351,69.8,1,4,6,1,125,96.3,95.2,2015
Drew Nowak,C,SEA,7,71.0,0,9,10,1,261,57.5,0,7,8,1,106,96.17,92.45,2015
Evan Mathis,G,DEN,15,65.8,3,13,19,3,491,51.8,3,8,14,3,208,96.13,93.27,2015
Ramon Foster,G,PIT,16,80.7,2,19,27,6,694,78.6,1,13,18,4,295,96.11,93.9,2015
Lane Johnson,T,PHI,16,74.0,6,16,28,6,715,67.5,6,10,21,5,348,96.08,93.97,2015
Taylor Lewan,T,TEN,15,82.8,2,13,23,8,586,75.7,1,10,16,5,245,96.08,93.47,2015
David DeCastro,G,PIT,16,85.1,3,23,28,2,694,77.5,2,19,23,2,295,95.97,92.2,2015
Joe Hawley,C,TB,15,71.6,12,11,24,1,584,69.6,5,7,13,1,277,95.89,95.31,2015
Brandon Brooks,G,HST,14,81.9,5,17,24,2,581,77.6,3,10,15,2,251,95.87,94.02,2015
Hroniss Grasu,C,CHI,8,58.0,0,12,13,1,313,76.4,0,4,5,1,153,95.85,96.73,2015
Matt Paradis,C,DEN,16,71.5,9,19,29,1,692,67.1,3,12,16,1,313,95.81,94.89,2015
Justin Pugh,G,NYG,14,81.2,1,22,25,2,594,74.3,1,15,18,2,269,95.79,93.31,2015
Austin Howard,T,OAK,13,75.6,4,14,22,4,519,77.7,2,8,13,3,210,95.76,93.81,2015
Ja'Wuan James,T,MIA,7,72.1,1,8,11,2,257,73.7,1,5,6,0,104,95.72,94.23,2015
Andrew Tiller,G,SF,12,75.2,3,12,18,3,414,54.5,3,11,16,2,168,95.65,90.48,2015
Larry Warford,G,DET,13,73.4,5,17,24,2,545,74.8,1,9,12,2,222,95.6,94.59,2015
Josh Kline,G,NE,14,70.9,6,17,25,2,567,60.6,3,11,14,0,179,95.59,92.18,2015
Morgan Moses,T,WAS,16,71.5,3,19,27,5,611,71.2,2,13,19,4,276,95.58,93.12,2015
Mike Iupati,G,ARZ,13,69.1,6,13,22,3,497,68.6,4,5,11,2,200,95.57,94.5,2015
Evan Smith,C,TB,6,67.6,3,6,10,1,225,56.3,1,5,7,1,107,95.56,93.46,2015
Oday Aboushi,G,HST,6,71.3,2,7,11,2,247,57.9,1,7,9,1,94,95.55,90.43,2015
Travis Swanson,C,DET,14,56.7,3,24,29,2,649,47.5,0,17,18,1,258,95.53,93.02,2015
Ali Marpet,G,TB,13,64.8,3,17,22,2,487,56.9,2,12,15,1,221,95.48,93.21,2015
A.J. Cann,G,JAX,13,73.6,1,24,27,2,598,69.8,0,14,15,1,255,95.48,94.12,2015
Cordy Glenn,T,BUF,16,87.7,2,23,27,2,598,83.8,2,16,19,1,310,95.48,93.87,2015
Laken Tomlinson,G,DET,15,74.5,6,20,30,4,663,71.2,2,11,15,2,266,95.48,94.36,2015
Geoff Schwartz,G,NYG,11,68.6,1,13,19,5,419,60.2,1,9,14,4,181,95.47,92.27,2015
Cody Wichmann,G,SL,8,72.6,4,7,11,0,239,60.8,4,4,8,0,90,95.4,91.11,2015
Josh LeRibeus,C,WAS,13,70.7,4,15,20,1,435,60.2,4,10,14,0,199,95.4,92.96,2015
Tim Lelito,G,NO,14,57.4,6,21,28,1,607,43.5,4,14,19,1,258,95.39,92.64,2015
Chance Warmack,G,TEN,14,69.2,4,17,25,4,538,59.8,4,13,19,2,229,95.35,91.7,2015
Jeff Allen,G,KC,8,73.9,0,11,11,0,236,55.6,0,7,7,0,86,95.34,91.86,2015
Willie Colon,G,NYJ,6,65.7,1,9,10,0,212,63.9,1,5,6,0,78,95.28,92.31,2015
Jonotthan Harrison,C,IND,12,64.5,6,14,20,0,424,62.0,2,8,10,0,201,95.28,95.02,2015
Donald Penn,T,OAK,16,85.6,5,20,32,7,674,75.2,5,16,25,4,282,95.25,91.13,2015
Alex Mack,C,CLV,16,75.2,4,28,36,4,756,68.3,4,18,25,3,388,95.24,93.56,2015
Marcus Gilbert,T,PIT,16,77.0,2,30,33,1,694,73.8,0,22,22,0,295,95.24,92.54,2015
James Carpenter,G,NYJ,16,73.2,7,24,33,2,687,66.2,5,13,19,1,264,95.2,92.8,2015
Laurent Duvernay-Tardif,G,KC,13,62.6,0,19,23,4,476,41.8,0,12,16,4,181,95.17,91.16,2015
Brian Winters,G,NYJ,12,71.4,5,17,23,1,475,56.6,3,12,16,1,186,95.16,91.4,2015
Michael Harris,G,MIN,16,77.0,3,21,27,3,558,69.1,2,16,21,3,243,95.16,91.36,2015
Eugene Monroe,T,BLT,6,81.2,1,7,10,2,206,65.9,1,4,7,2,81,95.15,91.36,2015
Russell Bodine,C,CIN,16,67.8,0,27,30,3,611,48.0,0,20,23,3,237,95.09,90.3,2015
Andrew Norwell,G,CAR,13,76.3,1,19,22,2,447,69.2,1,14,17,2,223,95.08,92.38,2015
Duane Brown,T,HST,14,83.0,6,17,27,4,547,75.8,5,13,20,2,226,95.06,91.15,2015
Jason Peters,T,PHI,14,77.0,7,11,23,5,464,76.3,4,7,13,2,205,95.04,93.66,2015
Michael Ola,T,DET,10,72.4,1,11,14,2,281,79.1,0,4,4,0,102,95.02,96.08,2015
Daniel Kilgore,C,SF,4,64.0,1,6,9,2,179,61.5,0,4,5,1,76,94.97,93.42,2015
Patrick Omameh,G,CHI,11,58.8,2,15,19,2,375,53.7,1,11,14,2,192,94.93,92.71,2015
Zach Strief,T,NO,15,70.4,11,19,36,6,707,67.1,8,10,22,4,302,94.91,92.72,2015
Garrett Reynolds,G,SL,13,73.4,5,14,20,1,388,71.3,2,9,11,0,151,94.85,92.72,2015
Kraig Urbik,G,BUF,10,63.9,2,11,13,0,251,54.1,1,9,10,0,133,94.82,92.48,2015
Chris Chester,G,ATL,16,68.4,6,25,37,6,713,67.7,2,15,22,5,306,94.81,92.81,2015
Lyle Sendlein,C,ARZ,15,61.2,9,20,31,2,597,64.6,5,11,17,1,249,94.81,93.17,2015
La'el Collins,G,DAL,12,67.5,3,19,22,0,419,60.7,3,13,16,0,221,94.75,92.76,2015
Michael Oher,T,CAR,16,82.8,3,24,31,4,591,77.5,1,16,20,3,282,94.75,92.91,2015
Anthony Castonzo,T,IND,13,78.1,9,19,31,3,591,74.9,6,12,21,3,271,94.75,92.25,2015
Billy Turner,G,MIA,12,69.4,6,11,25,8,476,62.7,3,7,16,6,202,94.75,92.08,2015
Jake Matthews,T,ATL,16,81.1,6,31,38,1,713,77.5,3,19,23,1,306,94.67,92.48,2015
Marcus Martin,C,SF,14,61.7,6,18,28,4,524,32.0,5,13,22,4,209,94.66,89.47,2015
Bryan Stork,C,NE,8,51.7,5,10,17,2,314,33.0,4,5,10,1,123,94.59,91.87,2015
John Greco,G,CLV,14,74.0,6,26,33,1,606,66.2,5,19,25,1,314,94.55,92.04,2015
David Bakhtiari,T,GB,14,86.8,5,25,33,3,606,78.8,5,16,24,3,297,94.55,91.92,2015
Doug Free,T,DAL,16,72.5,4,29,34,1,622,68.2,0,25,26,1,322,94.53,91.93,2015
J.R. Sweezy,G,SEA,15,61.5,4,24,32,4,581,39.5,3,19,26,4,221,94.49,88.24,2015
Joe Staley,T,SF,16,85.4,6,25,36,5,651,71.9,4,21,30,5,265,94.47,88.68,2015
D.J. Fluker,G,SD,12,64.6,2,29,32,1,571,60.4,1,21,22,0,270,94.4,91.85,2015
Hugh Thornton,G,IND,13,61.3,6,20,30,4,532,49.7,5,13,22,4,241,94.36,90.87,2015
Lance Louis,G,IND,5,64.2,4,5,9,0,159,69.9,0,5,5,0,72,94.34,93.06,2015
Zane Beadles,G,JAX,16,63.4,5,30,41,6,725,53.6,2,19,26,5,317,94.34,91.8,2015
Zach Fulton,G,KC,8,64.4,2,11,15,2,264,60.7,0,6,6,0,94,94.32,93.62,2015
Mitchell Schwartz,T,CLV,16,80.7,8,32,43,3,756,79.3,3,24,29,2,388,94.31,92.53,2015
Allen Barbre,G,PHI,16,67.3,10,30,41,1,715,53.1,9,24,33,0,348,94.27,90.52,2015
Brandon Scherff,G,WAS,16,68.2,8,26,36,2,628,62.4,6,15,22,1,280,94.27,92.14,2015
Derek Newton,T,HST,16,65.0,6,28,40,6,696,58.2,2,21,27,4,290,94.25,90.69,2015
Clint Boling,G,CIN,16,72.2,2,29,35,4,608,56.0,2,20,25,3,236,94.24,89.41,2015
Seantrel Henderson,T,BUF,10,56.2,4,13,19,2,328,46.8,4,9,15,2,159,94.21,90.57,2015
J'Marcus Webb,G,OAK,16,66.2,3,33,40,4,688,58.6,2,20,26,4,293,94.19,91.13,2015
Andy Gallik,C,TEN,12,37.4,4,14,19,1,326,32.9,1,8,10,1,137,94.17,92.7,2015
Max Garcia,G,DEN,13,52.7,3,16,20,1,337,41.5,2,9,12,1,165,94.07,92.73,2015
Spencer Long,G,WAS,13,67.0,4,26,30,0,505,54.6,3,21,24,0,229,94.06,89.52,2015
Russell Okung,T,SEA,13,79.0,4,21,29,4,485,71.9,3,13,19,3,190,94.02,90.0,2015
Justin Britt,G,SEA,16,52.9,6,28,37,3,618,41.0,5,14,22,3,233,94.01,90.56,2015
Chris Clark,T,HST,10,62.1,3,8,15,4,249,45.8,3,7,13,3,97,93.98,86.6,2015
Jonathan Cooper,G,ARZ,11,63.3,2,19,22,1,365,52.4,1,14,15,0,147,93.97,89.8,2015
Jack Mewhort,G,IND,16,81.0,11,33,44,0,730,69.6,7,27,34,0,328,93.97,89.63,2015
Andy Levitre,G,ATL,16,69.1,4,37,43,2,713,58.0,2,30,33,1,306,93.97,89.22,2015
Tre Jackson,G,NE,13,69.9,5,18,24,1,394,48.4,3,14,18,1,127,93.91,85.83,2015
Jared Veldheer,T,ARZ,16,80.3,9,26,39,4,639,70.6,5,17,25,3,261,93.9,90.42,2015
Kyle Long,T,CHI,16,66.9,3,28,37,6,605,60.4,3,18,24,3,295,93.88,91.86,2015
Joe Reitz,T,IND,16,78.0,3,27,38,8,620,71.9,1,16,25,8,272,93.87,90.81,2015
Senio Kelemete,G,NO,11,56.0,3,10,16,3,261,56.0,2,4,9,3,115,93.87,92.17,2015
Andre Smith,T,CIN,14,60.1,3,26,32,3,516,45.5,2,20,24,2,199,93.8,87.94,2015
Joe Barksdale,T,SD,16,77.8,6,34,46,6,739,69.1,5,28,38,5,361,93.78,89.47,2015
Joel Bitonio,G,CLV,10,65.3,5,19,26,2,415,61.4,3,17,21,1,226,93.73,90.71,2015
Ryan Jensen,G,BLT,8,57.8,6,9,18,3,286,40.4,4,5,11,2,121,93.71,90.91,2015
Cody Wallace,C,PIT,16,61.3,6,33,44,5,693,49.8,3,23,30,4,295,93.65,89.83,2015
Shaq Mason,G,NE,14,37.7,8,19,29,2,457,6.2,3,16,21,2,148,93.65,85.81,2015
Eric Fisher,T,KC,15,72.9,2,27,33,4,518,65.4,2,21,24,1,198,93.63,87.88,2015
Rob Havenstein,T,SL,13,74.5,6,19,25,0,391,66.4,6,12,18,0,162,93.61,88.89,2015
King Dunlap,T,SD,7,70.0,2,8,13,3,202,55.0,2,1,6,3,75,93.56,92.0,2015
Quinton Spain,G,TEN,7,78.9,2,13,17,2,263,74.8,2,7,10,1,118,93.54,91.53,2015
John Urschel,C,BLT,12,58.2,4,19,24,1,368,37.6,3,13,17,1,157,93.48,89.17,2015
Jamon Brown,G,SL,9,67.7,6,10,19,3,291,54.7,3,6,12,3,121,93.47,90.08,2015
Ben Grubbs,G,KC,7,59.8,2,13,20,5,306,42.6,2,9,13,2,107,93.46,87.85,2015
Byron Bell,G,TEN,16,68.6,3,35,44,6,665,60.5,3,23,30,4,287,93.38,89.55,2015
Sebastian Vollmer,T,NE,14,70.0,4,25,36,7,544,63.7,2,13,18,3,176,93.38,89.77,2015
Ryan Harris,T,DEN,16,65.3,9,29,41,3,619,54.3,6,19,28,3,277,93.38,89.89,2015
Bryan Bulaga,T,GB,12,72.1,2,27,35,6,526,66.1,1,20,26,5,255,93.35,89.8,2015
Vladimir Ducasse,G,CHI,11,53.0,3,23,28,2,418,38.0,3,13,18,2,192,93.3,90.62,2015
Khaled Holmes,C,IND,9,60.4,4,16,22,2,328,46.5,2,13,16,1,132,93.29,87.88,2015
Riley Reiff,T,DET,16,73.7,7,38,51,6,734,59.6,4,29,36,3,298,93.05,87.92,2015
Jordan Mills,T,BUF,7,55.2,2,8,13,3,187,54.7,0,5,8,3,97,93.05,91.75,2015
Rick Wagner,T,BLT,16,68.0,11,40,52,1,743,58.2,7,30,38,1,323,93.0,88.24,2015
Kory Lichtensteiger,C,WAS,5,37.6,2,11,15,2,212,36.3,2,6,9,1,93,92.92,90.32,2015
Chris Hairston,T,SD,16,66.5,6,24,37,7,516,70.0,3,19,26,4,278,92.83,90.65,2015
Gosder Cherilus,T,TB,13,64.4,7,28,39,4,529,66.7,4,18,23,1,245,92.63,90.61,2015
Joe Looney,C,TEN,8,43.6,4,14,21,3,279,27.4,3,7,12,2,113,92.47,89.38,2015
Xavier Su'a-Filo,G,HST,10,48.9,7,15,26,4,345,39.5,4,11,16,1,134,92.46,88.06,2015
Andrus Peat,T,NO,12,64.5,6,12,21,3,276,55.2,4,9,13,0,128,92.39,89.84,2015
Sam Young,T,JAX,6,51.6,1,7,12,4,157,57.7,0,4,6,2,74,92.36,91.89,2015
Cornelius Lucas,T,DET,11,66.1,3,13,17,1,222,59.7,2,9,12,1,91,92.34,86.81,2015
Trevor Robinson,C,SD,15,46.9,4,39,51,8,662,38.1,4,24,35,7,335,92.3,89.55,2015
Mike Remmers,T,CAR,16,67.6,1,39,46,6,596,59.3,0,25,29,4,284,92.28,89.79,2015
Alejandro Villanueva,T,PIT,14,70.5,7,25,39,7,502,59.6,5,20,30,5,240,92.23,87.5,2015
Jermey Parnell,T,JAX,15,68.2,13,36,52,3,669,60.9,9,25,37,3,294,92.23,87.41,2015
Erik Pears,T,SF,16,64.7,4,37,51,10,651,52.3,2,25,34,7,265,92.17,87.17,2015
Breno Giacomini,T,NYJ,16,63.8,7,44,54,3,687,58.9,3,24,29,2,264,92.14,89.02,2015
Matt Kalil,T,MIN,16,70.0,7,31,44,6,558,59.6,6,17,26,3,243,92.11,89.3,2015
Greg Robinson,T,SL,16,56.6,18,21,42,3,529,49.9,12,14,29,3,211,92.06,86.26,2015
Kenny Wiggins,G,SD,14,52.4,7,33,43,3,541,41.2,5,25,33,3,286,92.05,88.46,2015
Jamon Meredith,T,TEN,8,53.2,4,12,21,5,264,36.1,4,8,16,4,127,92.05,87.4,2015
Ted Larsen,G,ARZ,10,43.7,8,21,31,2,388,37.2,5,11,17,1,155,92.01,89.03,2015
Marcus Cannon,T,NE,12,60.4,8,19,31,4,387,49.6,3,14,19,2,140,91.99,86.43,2015
Charles Leno Jr.,T,CHI,15,65.9,6,32,42,4,511,61.6,4,24,32,4,249,91.78,87.15,2015
Dallas Thomas,G,MIA,16,54.2,10,36,56,10,675,42.4,8,23,41,10,290,91.7,85.86,2015
Jah Reid,T,KC,10,45.6,5,19,29,5,347,28.9,2,14,21,5,125,91.64,83.2,2015
Matt Tobin,G,PHI,15,46.1,11,31,50,8,597,21.1,8,23,39,8,280,91.62,86.07,2015
Donovan Smith,T,TB,16,61.4,12,39,55,4,650,48.3,7,34,42,1,304,91.54,86.18,2015
Luke Joeckel,T,JAX,14,61.6,7,39,53,7,624,43.6,6,28,40,6,266,91.51,84.96,2015
Austin Pasztor,G,CLV,5,61.2,2,13,16,1,188,49.9,2,10,13,1,93,91.49,86.02,2015
Jason Fox,T,MIA,15,59.6,6,36,48,6,562,50.0,5,25,33,3,252,91.46,86.9,2015
D'Brickashaw Ferguson,T,NYJ,16,67.7,14,40,59,5,687,57.3,10,23,35,2,264,91.41,86.74,2015
Marshall Newhouse,T,NYG,14,59.8,7,39,51,5,594,47.4,5,31,40,4,264,91.41,84.85,2015
Denzelle Good,T,IND,4,64.8,1,13,16,2,180,51.7,1,10,13,2,75,91.11,82.67,2015
Bobby Massie,T,ARZ,14,59.6,6,39,52,7,580,54.4,4,25,36,7,243,91.03,85.19,2015
Donald Stephenson,T,KC,9,58.7,3,27,32,2,355,43.0,1,20,23,2,130,90.99,82.31,2015
T.J. Clemmings,T,MIN,16,61.4,3,39,50,8,555,54.9,2,23,31,6,241,90.99,87.14,2015
Cam Fleming,T,NE,10,56.0,4,19,26,3,288,36.6,3,11,16,2,84,90.97,80.95,2015
Jamil Douglas,G,MIA,9,34.3,7,25,34,2,374,28.8,3,16,19,0,167,90.91,88.62,2015
John Miller,G,BUF,12,35.9,5,26,33,2,358,33.2,4,15,20,1,183,90.78,89.07,2015
Garry Gilliam,T,SEA,16,60.0,10,43,58,5,607,47.0,8,25,37,4,228,90.44,83.77,2015
Brandon Fusco,G,MIN,16,46.5,9,41,54,4,557,42.2,8,26,36,2,243,90.31,85.19,2015
Orlando Franklin,G,SD,10,48.3,6,30,38,2,388,29.6,4,24,30,2,194,90.21,84.54,2015
Jordan Devey,G,SF,9,45.3,2,18,23,3,230,32.4,2,13,17,2,96,90.0,82.29,2015
Michael Schofield III,T,DEN,13,57.0,8,39,57,10,542,53.0,6,20,33,7,247,89.48,86.64,2015
Cameron Erving,G,CLV,12,42.9,3,24,32,5,304,21.6,2,17,24,5,144,89.47,83.33,2015
Dennis Kelly,T,PHI,8,55.9,1,21,27,5,250,53.6,0,17,19,2,143,89.2,86.71,2015
Jeremiah Poutasi,T,TEN,8,48.4,7,12,26,7,234,43.1,3,10,19,6,106,88.89,82.08,2015
James Hurst,T,BLT,13,48.5,6,30,40,4,358,39.1,3,21,27,3,152,88.83,82.24,2015
Ereck Flowers,T,NYG,15,50.5,17,47,69,5,616,30.8,14,35,53,4,282,88.8,81.21,2015
LaAdrian Waddle,T,NE,9,38.3,6,27,38,5,277,33.4,5,15,24,4,115,86.28,79.13,2015
Don Barclay,T,GB,9,46.7,4,30,43,9,280,29.9,2,21,31,8,129,84.64,75.97,2015
Marshal Yanda,G,BLT,13,92.7,0,6,6,0,612,91.6,0,3,3,0,270,99.02,98.89,2016
Josh Sitton,G,CHI,13,91.2,0,6,6,0,468,91.8,0,2,2,0,214,98.72,99.07,2016
Rodney Hudson,C,OAK,16,89.3,0,9,9,0,684,85.8,0,4,4,0,271,98.68,98.52,2016
Travis Frederick,C,DAL,16,85.1,1,8,9,0,571,88.2,1,4,5,0,283,98.42,98.23,2016
Max Unger,C,NO,15,83.7,2,8,11,1,697,83.0,0,4,5,1,273,98.42,98.17,2016
Weston Richburg,C,NYG,16,86.0,1,8,11,2,644,82.5,0,4,6,2,286,98.29,97.9,2016
Kelechi Osemele,G,OAK,15,81.7,2,9,11,0,635,73.4,2,7,9,0,251,98.27,96.41,2016
Nick Mangold,C,NYJ,8,74.7,1,4,5,0,285,67.3,0,1,1,0,103,98.25,99.03,2016
T.J. Lang,G,GB,13,91.5,0,10,10,0,533,81.4,0,10,10,0,232,98.12,95.69,2016
Joe Berger,C,MIN,14,85.7,3,4,10,3,530,80.6,2,3,8,3,242,98.11,96.69,2016
Ryan Kalil,C,CAR,8,78.6,2,3,6,1,310,76.7,1,2,4,1,156,98.06,97.44,2016
Corey Linsley,C,GB,9,82.7,0,8,8,0,410,80.8,0,5,5,0,191,98.05,97.38,2016
Mitch Morse,C,KC,16,80.1,2,11,13,0,628,75.0,2,2,4,0,216,97.93,98.15,2016
Brandon Linder,C,JAX,14,83.6,2,9,13,2,611,80.4,1,5,8,2,292,97.87,97.26,2016
Justin Britt,C,SEA,15,77.8,0,14,14,0,640,82.6,0,6,6,0,236,97.81,97.46,2016
Maurkice Pouncey,C,PIT,15,79.1,1,10,13,2,583,66.2,1,7,10,2,254,97.77,96.06,2016
Cody Whitehair,C,CHI,16,86.7,2,9,14,3,629,82.2,2,6,10,2,303,97.77,96.7,2016
Travis Swanson,C,DET,12,79.2,3,7,12,2,516,71.4,2,5,8,1,236,97.67,96.61,2016
Andrew Whitworth,T,CIN,16,93.7,0,11,15,4,639,87.4,0,10,13,3,253,97.65,94.86,2016
J.C. Tretter,C,GB,7,82.5,1,5,8,2,334,77.9,0,4,5,1,130,97.6,96.15,2016
Matt Paradis,C,DEN,16,82.7,0,14,17,3,673,79.7,0,9,10,1,327,97.47,96.94,2016
Anthony Steen,C,MIA,8,73.3,0,7,7,0,266,70.5,0,4,4,0,100,97.37,96.0,2016
Spencer Long,C,WAS,13,84.7,4,8,13,1,495,81.9,3,6,10,1,238,97.37,95.8,2016
Greg Mancz,C,HST,16,84.6,4,13,18,1,670,77.7,4,9,14,1,324,97.31,95.68,2016
Terron Armstead,T,NO,7,86.6,2,3,7,2,260,81.2,1,2,4,1,103,97.31,96.12,2016
Alex Mack,C,ATL,16,80.0,4,11,17,2,625,78.0,1,6,8,1,227,97.28,96.48,2016
B.J. Finney,G,PIT,8,80.8,1,3,5,1,183,77.6,1,3,5,1,92,97.27,94.57,2016
Ryan Groy,C,BUF,16,80.3,2,6,8,0,291,73.9,2,3,5,0,132,97.25,96.21,2016
David Bakhtiari,T,GB,16,94.3,0,16,20,4,718,91.3,0,11,14,3,315,97.21,95.56,2016
Zack Martin,G,DAL,16,83.6,1,13,16,2,571,74.1,1,12,15,2,283,97.2,94.7,2016
Ben Jones,C,TEN,16,78.1,2,12,17,3,603,66.4,2,9,13,2,288,97.18,95.49,2016
Brandon Brooks,G,PHI,14,87.7,2,14,17,1,600,76.6,2,10,13,1,230,97.17,94.35,2016
Kevin Zeitler,G,CIN,16,86.0,3,15,19,1,660,82.8,2,10,12,0,258,97.12,95.35,2016
Alex Boone,G,MIN,14,73.5,4,11,16,1,556,55.5,3,9,13,1,255,97.12,94.9,2016
Wesley Johnson,C,NYJ,12,72.4,3,6,11,2,382,71.5,1,3,5,1,136,97.12,96.32,2016
A.Q. Shipley,C,ARZ,16,75.6,8,12,22,2,748,70.2,5,6,13,2,318,97.06,95.91,2016
Ryan Kelly,C,IND,16,80.2,3,17,20,0,675,82.6,2,11,13,0,350,97.04,96.29,2016
Andy Levitre,G,ATL,16,82.2,2,11,19,6,616,74.4,2,6,12,4,225,96.92,94.67,2016
David DeCastro,G,PIT,16,83.5,5,14,21,2,664,73.4,5,10,17,2,297,96.84,94.28,2016
Trent Williams,T,WAS,12,91.4,1,13,16,2,506,90.3,0,10,10,0,242,96.84,95.87,2016
Kraig Urbik,C,MIA,10,58.6,3,4,7,0,221,71.0,1,0,1,0,85,96.83,98.82,2016
Chris Hubbard,T,PIT,11,76.3,1,4,5,0,156,73.3,1,2,3,0,53,96.79,94.34,2016
David Andrews,C,NE,16,74.5,5,16,21,0,641,62.9,3,9,12,0,233,96.72,94.85,2016
Laurent Duvernay-Tardif,G,KC,14,77.3,2,15,18,1,548,69.0,2,12,15,1,191,96.72,92.15,2016
John Jerry,G,NYG,16,77.2,5,15,22,2,658,73.3,2,12,16,2,294,96.66,94.56,2016
Lane Johnson,T,PHI,6,79.5,0,7,8,1,236,81.7,0,4,4,0,82,96.61,95.12,2016
Kyle Long,G,CHI,8,81.8,1,9,10,0,287,71.4,1,6,7,0,110,96.52,93.64,2016
Gabe Jackson,G,OAK,16,79.2,5,19,24,0,683,71.4,5,11,16,0,271,96.49,94.1,2016
Joe Hawley,C,TB,15,71.3,5,13,21,3,596,69.4,3,7,12,2,283,96.48,95.76,2016
Jahri Evans,G,NO,16,78.2,3,21,26,2,730,64.0,3,13,18,2,292,96.44,93.84,2016
Jason Peters,T,PHI,16,90.9,8,13,25,4,689,86.9,6,5,14,3,268,96.37,94.78,2016
Stefen Wisniewski,G,PHI,11,73.3,3,10,14,1,383,62.8,2,6,9,1,150,96.34,94.0,2016
Eric Kush,C,CHI,5,69.8,1,5,6,0,164,72.7,0,4,4,0,90,96.34,95.56,2016
Tim Lelito,G,NO,15,78.7,3,4,8,1,216,66.3,1,3,5,1,78,96.3,93.59,2016
Ali Marpet,G,TB,16,78.5,3,21,26,2,701,75.7,2,13,16,1,339,96.29,95.28,2016
Richie Incognito,G,BUF,16,83.1,7,13,23,3,613,81.1,4,8,14,2,306,96.25,95.42,2016
Tyler Larsen,G,CAR,6,69.6,1,7,8,0,212,61.1,1,7,8,0,125,96.23,93.6,2016
Clint Boling,G,CIN,14,78.8,2,17,22,3,581,66.8,2,13,18,3,231,96.21,92.21,2016
Joel Bitonio,G,CLV,5,82.9,3,4,8,1,210,76.0,2,3,6,1,102,96.19,94.12,2016
Jeremy Zuttah,C,BLT,16,78.6,1,25,29,3,755,69.9,0,18,20,2,347,96.16,94.24,2016
James Carpenter,G,NYJ,16,83.7,4,18,24,2,618,75.2,2,13,16,1,232,96.12,93.1,2016
Oday Aboushi,G,HST,4,74.2,1,5,6,0,154,65.7,1,4,5,0,84,96.1,94.05,2016
Larry Warford,G,DET,15,75.3,2,21,26,3,665,59.9,2,19,24,3,305,96.09,92.13,2016
Patrick Omameh,G,JAX,8,79.4,1,12,13,0,332,80.1,0,9,9,0,166,96.08,94.58,2016
Jack Mewhort,G,IND,10,75.7,1,17,18,0,442,86.2,0,9,9,0,231,95.93,96.1,2016
Shaq Mason,G,NE,16,74.5,2,18,24,4,588,62.6,2,9,13,2,219,95.92,94.06,2016
Zach Fulton,G,KC,14,79.7,1,15,20,4,490,65.5,1,12,16,3,174,95.92,90.8,2016
Marcus Gilbert,T,PIT,13,80.9,1,17,21,3,512,74.4,1,11,14,2,240,95.9,94.17,2016
Jason Kelce,C,PHI,16,53.3,5,23,29,1,702,47.6,2,14,17,1,271,95.87,93.73,2016
Donald Penn,T,OAK,16,82.7,3,24,28,1,676,75.4,2,16,19,1,270,95.86,92.96,2016
A.J. Cann,G,JAX,16,75.3,5,22,31,4,746,70.9,3,16,23,4,352,95.84,93.47,2016
Marshall Newhouse,T,NYG,9,67.9,2,6,11,3,263,58.4,1,3,7,3,108,95.82,93.52,2016
Justin Pugh,G,NYG,11,76.0,4,12,18,2,431,58.0,3,11,15,1,193,95.82,92.23,2016
Brian Winters,G,NYJ,13,76.1,3,16,21,2,498,62.3,2,12,16,2,180,95.78,91.11,2016
Michael Schofield III,G,DEN,16,73.1,6,20,28,2,654,65.5,3,13,17,1,319,95.72,94.67,2016
Cordy Glenn,T,BUF,11,86.0,0,16,17,1,397,80.1,0,12,13,1,201,95.72,93.53,2016
Josh Kline,G,TEN,14,75.8,1,18,22,3,513,71.5,1,16,18,1,252,95.71,92.86,2016
Taylor Lewan,T,TEN,15,85.1,0,22,24,2,560,76.7,0,16,18,2,273,95.71,93.41,2016
Zach Strief,T,NO,16,77.7,7,22,31,2,717,65.0,5,18,25,2,287,95.68,91.29,2016
Ted Larsen,G,CHI,11,70.2,1,12,15,2,345,64.1,1,11,14,2,195,95.65,92.82,2016
Tyron Smith,T,DAL,13,88.9,3,15,20,2,459,84.9,2,11,14,1,235,95.64,94.04,2016
Russell Bodine,C,CIN,16,63.9,2,20,28,6,642,52.4,2,13,19,4,250,95.64,92.4,2016
Ramon Foster,G,PIT,14,87.9,3,22,25,0,568,80.0,2,16,18,0,251,95.6,92.83,2016
Nate Solder,T,NE,15,85.5,4,17,26,5,591,74.1,2,10,17,5,218,95.6,92.2,2016
Andrew Norwell,G,CAR,16,77.7,3,23,29,3,656,80.2,1,15,19,3,347,95.58,94.52,2016
Lane Taylor,G,GB,16,76.4,2,30,33,1,742,68.5,2,23,26,1,321,95.55,91.9,2016
Luke Joeckel,G,JAX,4,51.6,1,6,7,0,157,43.3,0,5,5,0,75,95.54,93.33,2016
Nick Easton,C,MIN,9,67.5,3,9,12,0,269,59.3,2,6,8,0,126,95.54,93.65,2016
Matt Slauson,C,SD,16,71.4,8,18,28,2,626,71.6,5,7,14,2,306,95.53,95.42,2016
Jake Matthews,T,ATL,16,80.4,8,14,27,5,599,75.9,2,8,14,4,217,95.49,93.55,2016
Quinton Spain,G,TEN,14,77.6,3,16,21,2,463,67.2,3,12,15,0,218,95.46,93.12,2016
Marcus Cannon,T,NE,15,76.0,6,19,27,2,594,69.3,1,13,15,1,220,95.45,93.18,2016
Rodger Saffold,G,LA,15,75.2,3,21,26,2,570,62.4,2,14,17,1,228,95.44,92.54,2016
Laken Tomlinson,G,DET,11,69.3,2,15,20,3,434,59.6,1,12,15,2,200,95.39,92.5,2016
Max Garcia,G,DEN,16,70.4,5,22,31,4,673,53.8,4,20,28,4,327,95.39,91.44,2016
Mike Iupati,G,ARZ,15,66.2,9,20,32,3,691,50.8,6,15,24,3,294,95.37,91.84,2016
John Greco,G,CLV,12,78.7,5,15,24,4,514,73.7,3,10,16,3,260,95.33,93.85,2016
Bryan Bulaga,T,GB,16,83.6,2,28,34,4,726,79.3,1,19,23,3,315,95.32,92.7,2016
Tim Barnes,C,LA,16,67.4,2,22,30,6,634,50.2,1,18,23,4,258,95.27,91.09,2016
Daniel Kilgore,C,SF,13,60.6,2,18,23,3,482,53.0,1,13,17,3,245,95.23,93.06,2016
Morgan Moses,T,WAS,16,75.3,3,23,31,5,648,75.4,1,15,20,4,315,95.22,93.65,2016
Ryan Schraeder,T,ATL,16,76.8,6,18,30,6,628,69.0,5,12,21,4,229,95.22,90.83,2016
Andrew Donnal,T,LA,12,68.3,1,8,9,0,187,53.7,0,5,5,0,76,95.19,93.42,2016
Joe Thomas,T,CLV,16,91.2,4,26,34,4,699,88.6,2,17,21,2,351,95.14,94.02,2016
Ron Leary,G,DAL,13,76.7,3,18,21,0,428,71.3,3,13,16,0,217,95.09,92.63,2016
Ronnie Stanley,T,BLT,12,82.6,2,22,27,3,549,74.5,1,16,19,2,243,95.08,92.18,2016
Chris Reed,G,JAX,6,56.7,3,7,10,0,203,31.7,2,6,8,0,95,95.07,91.58,2016
Brandon Scherff,G,WAS,16,75.2,7,25,33,1,665,73.7,4,15,19,0,319,95.04,94.04,2016
Ryan Jensen,G,BLT,5,73.6,2,8,10,0,198,69.2,2,5,7,0,102,94.95,93.14,2016
Laremy Tunsil,G,MIA,14,74.5,4,18,23,1,454,67.2,4,9,14,1,182,94.93,92.31,2016
John Urschel,G,BLT,7,73.6,0,6,9,3,177,58.2,0,4,7,3,84,94.92,91.67,2016
Jeff Allen,G,HST,14,73.4,3,19,27,5,530,66.2,2,15,19,2,246,94.91,92.28,2016
Jermey Parnell,T,JAX,16,72.9,6,28,38,4,746,67.4,6,17,27,4,352,94.91,92.33,2016
Mitchell Schwartz,T,KC,16,75.2,1,23,32,8,628,64.9,0,18,23,5,216,94.9,89.35,2016
Eric Winston,T,CIN,11,62.1,0,6,8,2,156,54.5,0,5,7,2,67,94.87,89.55,2016
Jack Conklin,T,TEN,16,80.9,2,27,31,2,603,72.3,2,22,26,2,289,94.86,91.0,2016
Allen Barbre,G,PHI,12,75.6,4,15,22,3,424,64.9,3,11,16,2,178,94.81,91.01,2016
Rick Wagner,T,BLT,14,78.4,4,25,32,3,612,71.4,3,20,25,2,262,94.77,90.46,2016
D.J. Fluker,G,SD,16,68.5,5,22,32,5,612,62.5,3,15,21,3,313,94.77,93.29,2016
Mike Pouncey,C,MIA,5,63.1,2,6,8,0,151,40.4,1,5,6,0,55,94.7,89.09,2016
Eric Fisher,T,KC,16,72.6,4,24,34,6,628,61.6,2,13,18,3,216,94.59,91.67,2016
Demar Dotson,T,TB,13,71.3,7,22,32,3,582,65.9,5,21,29,3,273,94.5,89.38,2016
John Miller,G,BUF,16,66.5,2,27,33,4,600,56.2,1,20,23,2,299,94.5,92.31,2016
Andrew Tiller,G,SF,8,67.9,1,12,15,2,272,56.4,1,10,13,2,116,94.49,88.79,2016
Cody Wichmann,G,LA,11,68.2,4,15,21,2,379,62.5,2,8,12,2,149,94.46,91.95,2016
Andrus Peat,T,NO,15,71.7,8,24,37,5,658,58.6,6,19,27,2,264,94.38,89.77,2016
Senio Kelemete,G,NO,14,61.9,0,22,24,2,426,53.0,0,14,16,2,176,94.37,90.91,2016
Charles Leno Jr.,T,CHI,16,78.0,8,23,36,5,631,68.1,6,17,27,4,304,94.29,91.12,2016
Jared Veldheer,T,ARZ,8,78.0,3,17,21,1,364,79.0,1,10,11,0,170,94.23,93.53,2016
Brent Qvale,T,NYJ,11,65.2,2,10,13,1,223,61.7,2,3,5,0,76,94.17,93.42,2016
Isaac Seumalo,G,PHI,8,66.6,1,9,12,2,203,59.4,0,5,6,1,67,94.09,91.04,2016
Cyrus Kouandjio,T,BUF,9,78.9,0,12,13,1,220,67.3,0,10,11,1,106,94.09,89.62,2016
Vadal Alexander,T,OAK,8,67.3,2,7,10,1,169,61.5,2,5,8,1,66,94.08,87.88,2016
Taylor Decker,T,DET,16,82.1,4,33,42,5,703,77.1,2,23,28,3,319,94.03,91.22,2016
Duane Brown,T,HST,12,81.0,5,22,28,1,464,74.6,5,17,23,1,241,93.97,90.46,2016
Graham Glasgow,C,DET,12,62.0,3,23,29,3,479,45.5,2,17,21,2,207,93.95,89.86,2016
Eric Wood,C,BUF,9,65.2,5,16,21,0,344,59.1,5,9,14,0,181,93.9,92.27,2016
Cameron Erving,C,CLV,13,56.1,5,21,30,4,489,57.9,5,12,19,2,250,93.87,92.4,2016
Xavier Su'a-Filo,G,HST,16,64.2,7,25,39,7,635,52.5,5,19,30,6,306,93.86,90.2,2016
Trai Turner,G,CAR,16,64.5,4,34,40,2,650,53.0,4,28,34,2,345,93.85,90.14,2016
Jermon Bushrod,G,MIA,16,67.8,4,25,34,5,546,53.5,3,18,25,4,215,93.77,88.37,2016
Mark Glowinski,G,SEA,16,56.2,10,28,43,5,689,35.7,7,23,33,3,264,93.76,87.5,2016
Kevin Pamphile,G,TB,14,68.3,7,28,37,2,590,52.8,7,22,31,2,285,93.73,89.12,2016
Trent Brown,T,SF,16,69.7,2,31,39,6,619,62.3,2,25,32,5,302,93.7,89.4,2016
Ty Nsekhe,T,WAS,11,77.3,3,10,14,1,220,71.6,2,5,8,1,98,93.64,91.84,2016
Alvin Bailey,G,CLV,9,69.7,1,10,17,6,267,52.3,1,8,14,5,137,93.63,89.78,2016
Vladimir Ducasse,G,BLT,8,62.7,2,20,24,2,375,46.6,1,14,17,2,166,93.6,89.76,2016
Brandon Fusco,G,MIN,14,62.3,6,24,34,4,523,48.8,4,17,25,4,231,93.5,89.18,2016
Bobby Massie,T,CHI,15,69.5,6,27,37,4,569,66.2,3,21,27,3,264,93.5,89.77,2016
Shawn Lauvao,G,WAS,14,60.7,4,32,39,3,599,50.4,3,21,27,3,300,93.49,91.0,2016
Austin Pasztor,T,CLV,16,74.9,2,39,46,5,695,68.6,1,33,38,4,348,93.38,89.08,2016
Jamon Brown,G,LA,9,56.1,3,9,16,4,241,52.8,2,4,10,4,107,93.36,90.65,2016
Alejandro Villanueva,T,PIT,16,80.7,5,34,45,6,666,65.3,4,29,38,5,298,93.24,87.25,2016
Halapoulivaati Vaitai,T,PHI,6,65.6,3,10,17,4,250,61.1,2,7,12,3,98,93.2,87.76,2016
Tyler Shatley,G,JAX,6,38.9,3,10,14,1,204,53.7,1,5,7,1,84,93.14,91.67,2016
Spencer Drango,G,CLV,13,68.9,7,15,28,6,407,59.9,6,10,21,5,207,93.12,89.86,2016
Denzelle Good,G,IND,10,56.2,5,17,28,6,406,48.5,3,11,19,5,203,93.1,90.64,2016
James Hurst,T,BLT,8,63.1,3,11,14,0,202,54.2,3,11,14,0,104,93.07,86.54,2016
Kelvin Beachum,T,JAX,15,72.7,6,37,47,4,678,65.5,5,29,36,2,318,93.07,88.68,2016
Ja'Wuan James,T,MIA,16,69.6,7,26,38,5,541,65.0,2,18,23,3,214,92.98,89.25,2016
Joe Thuney,G,NE,16,64.6,9,32,45,4,640,57.2,4,17,25,4,234,92.97,89.32,2016
Greg Robinson,T,LA,14,66.7,5,27,40,8,567,50.1,4,22,33,7,229,92.95,85.59,2016
Anthony Castonzo,T,IND,16,79.0,8,37,51,6,719,73.8,7,25,37,5,376,92.91,90.16,2016
Orlando Franklin,G,SD,16,58.6,8,30,40,2,560,55.6,7,19,27,1,273,92.86,90.11,2016
Chris Chester,G,ATL,16,58.6,12,27,45,6,628,45.0,7,18,30,5,229,92.83,86.9,2016
Branden Albert,T,MIA,12,74.8,9,17,29,3,403,68.8,4,8,14,2,161,92.8,91.3,2016
Germain Ifedi,G,SEA,13,35.6,4,31,40,5,555,23.9,3,24,32,5,207,92.79,84.54,2016
Zane Beadles,G,SF,16,55.9,3,38,45,4,619,45.4,2,31,36,3,302,92.73,88.08,2016
Riley Reiff,T,DET,14,67.3,2,38,44,4,604,58.0,1,27,32,4,277,92.72,88.45,2016
Mike Remmers,T,CAR,16,71.0,3,36,48,9,655,58.5,3,30,42,9,346,92.67,87.86,2016
Rob Havenstein,T,LA,15,71.2,6,30,44,8,592,58.6,3,25,36,8,238,92.57,84.87,2016
Jeremiah Sirles,T,MIN,14,64.5,8,23,37,6,486,62.0,4,16,25,5,224,92.39,88.84,2016
John Wetzel,T,ARZ,12,53.3,11,19,32,2,418,37.9,8,13,21,0,168,92.34,87.5,2016
D.J. Humphries,T,ARZ,13,61.8,7,30,46,9,599,53.7,6,16,30,8,269,92.32,88.85,2016
Joe Staley,T,SF,13,77.0,6,29,39,4,505,73.5,4,23,30,3,257,92.28,88.33,2016
Daryl Williams,T,CAR,11,63.8,7,22,30,1,388,52.5,5,17,23,1,204,92.27,88.73,2016
Doug Free,T,DAL,16,66.9,7,30,45,8,571,54.4,5,25,38,8,283,92.12,86.57,2016
Austin Howard,T,OAK,11,60.5,3,28,35,4,440,45.1,3,20,27,4,178,92.05,84.83,2016
Ben Ijalana,T,NYJ,16,67.7,7,28,43,8,537,58.2,2,18,23,3,205,91.99,88.78,2016
Alex Lewis,G,BLT,9,66.8,8,20,29,1,362,51.9,7,14,22,1,169,91.99,86.98,2016
Joe Barksdale,T,SD,15,65.9,7,32,48,9,592,59.1,6,23,36,7,291,91.89,87.63,2016
Donovan Smith,T,TB,16,62.8,13,41,57,3,701,56.6,9,32,43,2,339,91.87,87.32,2016
Garry Gilliam,T,SEA,14,59.6,6,35,43,2,523,53.5,5,17,23,1,191,91.78,87.96,2016
Breno Giacomini,T,NYJ,5,62.2,1,9,14,4,170,51.5,0,5,8,3,63,91.76,87.3,2016
Bobby Hart,T,NYG,14,54.8,9,35,46,2,557,44.9,8,31,40,1,257,91.74,84.44,2016
Joshua Garnett,G,SF,12,55.5,2,33,38,3,451,40.0,2,26,30,2,227,91.57,86.78,2016
Joe Haeg,G,IND,14,59.7,12,32,53,9,615,47.4,10,25,43,8,317,91.38,86.44,2016
Russell Okung,T,DEN,16,71.2,4,50,58,4,663,57.4,3,35,42,4,320,91.25,86.88,2016
Ereck Flowers,T,NYG,16,64.3,8,47,59,4,659,44.3,7,40,50,3,294,91.05,82.99,2016
Earl Watford,G,ARZ,13,38.2,4,34,46,8,498,25.2,1,20,28,7,204,90.76,86.27,2016
Derek Newton,T,HST,6,55.0,4,13,20,3,216,55.5,3,7,12,2,94,90.74,87.23,2016
Jordan Mills,T,BUF,16,61.5,3,46,57,8,596,59.8,1,30,37,6,294,90.44,87.41,2016
Bradley Sowell,T,SEA,10,55.4,8,27,39,4,406,38.6,5,21,30,4,170,90.39,82.35,2016
King Dunlap,T,SD,12,69.3,6,34,45,5,466,63.4,5,23,32,4,234,90.34,86.32,2016
Jonotthan Harrison,G,IND,11,38.5,8,19,28,1,289,26.7,7,12,20,1,155,90.31,87.1,2016
Cedric Ogbuehi,T,CIN,12,53.0,3,31,43,9,424,38.3,2,20,31,9,165,89.86,81.21,2016
Ryan Clady,T,NYJ,8,69.8,8,24,34,2,334,57.1,4,16,22,2,121,89.82,81.82,2016
T.J. Clemmings,T,MIN,14,41.2,14,35,58,9,567,26.0,13,23,44,8,256,89.77,82.81,2016
Chris Clark,T,HST,16,49.8,9,52,67,6,642,51.0,4,30,38,4,310,89.56,87.74,2016
Donald Stephenson,T,DEN,13,40.4,10,36,50,4,470,27.8,6,26,35,3,223,89.36,84.3,2016
George Fant,T,SEA,11,50.7,5,35,47,7,439,34.8,3,24,33,6,163,89.29,79.75,2016
Chris Hairston,T,SD,10,62.9,6,15,24,3,216,57.0,5,12,19,2,117,88.89,83.76,2016
Joe Reitz,T,IND,9,53.3,5,32,42,5,287,43.8,4,25,34,5,157,85.37,78.34,2016
Rodney Hudson,C,OAK,16,91.1,1,1,3,1,635,88.0,1,0,1,0,260,99.53,99.62,2017
Brandon Linder,C,JAX,13,84.4,2,5,7,0,514,80.9,1,4,5,0,254,98.64,98.03,2017
Mike Person,C,IND,7,81.3,0,3,3,0,203,79.6,0,2,2,0,113,98.52,98.23,2017
Justin Britt,C,SEA,16,74.4,1,9,11,1,712,68.3,1,6,8,1,304,98.46,97.37,2017
Brett Jones,C,NYG,15,82.1,1,7,10,2,605,76.4,0,3,4,1,253,98.35,98.42,2017
Weston Richburg,C,NYG,4,74.6,2,1,3,0,173,76.8,0,1,1,0,73,98.27,98.63,2017
Mike Pouncey,C,MIA,16,77.0,3,8,12,1,637,69.8,3,7,10,0,253,98.12,96.05,2017
Zack Martin,G,DAL,16,87.2,1,9,11,1,581,85.0,1,6,8,1,297,98.11,97.31,2017
Ryan Jensen,C,BLT,16,66.7,1,8,12,3,625,56.9,1,5,9,3,217,98.08,95.85,2017
Travis Frederick,C,DAL,16,82.6,3,9,12,0,609,84.2,0,6,6,0,314,98.03,98.09,2017
Chase Roullier,C,WAS,8,70.6,2,4,6,0,297,71.0,1,4,5,0,146,97.98,96.58,2017
Spencer Long,C,WAS,7,75.0,2,2,5,1,234,79.7,0,1,1,0,99,97.86,98.99,2017
Andrew Norwell,G,CAR,16,92.1,0,13,13,0,601,90.0,0,9,9,0,325,97.84,97.23,2017
Zach Fulton,C,KC,13,80.8,1,10,11,0,492,69.7,0,6,6,0,180,97.76,96.67,2017
Matt Paradis,C,DEN,16,80.1,4,12,16,0,698,74.1,2,6,8,0,293,97.71,97.27,2017
David DeCastro,G,PIT,15,89.5,1,14,15,0,636,84.4,1,11,12,0,321,97.64,96.26,2017
Max Unger,C,NO,16,72.1,3,9,14,2,589,65.9,2,6,9,1,239,97.62,96.23,2017
David Bakhtiari,T,GB,12,94.6,2,9,12,1,487,92.3,2,5,7,0,207,97.54,96.62,2017
Alex Mack,C,ATL,16,81.6,1,12,15,2,599,70.5,1,8,10,1,245,97.5,95.92,2017
A.Q. Shipley,C,ARZ,16,77.9,3,10,18,5,713,72.1,2,6,10,2,323,97.48,96.9,2017
Richie Incognito,G,BUF,16,84.1,2,11,15,2,596,76.5,2,9,13,2,280,97.48,95.36,2017
Brandon Brooks,G,PHI,16,87.3,3,14,17,0,648,76.3,2,11,13,0,263,97.38,95.06,2017
Eric Wood,C,BUF,16,78.3,2,13,16,1,600,73.1,1,10,12,1,283,97.33,95.76,2017
Kelechi Osemele,G,OAK,16,81.3,3,12,17,2,634,71.8,2,8,12,2,260,97.32,95.38,2017
John Jerry,G,NYG,16,76.2,2,13,17,2,625,60.7,2,10,13,1,277,97.28,95.31,2017
Mitch Morse,C,KC,7,70.4,0,7,7,0,255,59.0,0,5,5,0,97,97.25,94.85,2017
Jason Peters,T,PHI,7,90.6,0,6,7,1,252,81.9,0,5,6,1,93,97.22,93.55,2017
Nick Easton,G,MIN,12,64.9,3,9,12,0,425,70.2,0,8,8,0,184,97.18,95.65,2017
Senio Kelemete,G,NO,15,77.3,2,7,10,1,351,53.5,2,7,10,1,139,97.15,92.81,2017
Demar Dotson,T,TB,11,79.6,2,10,14,2,483,73.6,1,8,11,2,227,97.1,95.15,2017
John Sullivan,C,LA,15,74.2,3,11,15,1,518,64.7,2,8,11,1,234,97.1,95.3,2017
Andy Levitre,G,ATL,13,81.3,1,10,12,1,412,80.2,1,6,7,0,156,97.09,95.51,2017
Marcus Gilbert,T,PIT,7,76.8,1,5,7,1,239,70.8,0,3,4,1,99,97.07,95.96,2017
Laurent Duvernay-Tardif,G,KC,11,79.6,3,8,12,1,400,79.9,1,7,9,1,146,97.0,93.84,2017
Russell Bodine,C,CIN,16,69.4,1,16,18,1,591,65.6,1,4,6,1,209,96.95,97.13,2017
Ben Jones,C,TEN,16,67.8,2,15,18,1,588,74.5,2,4,6,0,282,96.94,97.87,2017
Jason Kelce,C,PHI,16,72.9,4,14,20,2,652,65.2,3,9,13,1,266,96.93,95.11,2017
Josh Sitton,G,CHI,13,84.8,1,9,12,2,388,80.5,1,6,9,2,201,96.91,95.52,2017
Ron Leary,G,DEN,11,75.1,3,9,14,2,452,66.9,2,7,11,2,191,96.9,94.24,2017
Maurkice Pouncey,C,PIT,15,80.8,4,15,20,1,635,74.1,3,13,17,1,321,96.85,94.7,2017
Josh Kline,G,TEN,16,81.0,0,18,19,1,587,74.1,0,11,12,1,282,96.76,95.74,2017
Joel Bitonio,G,CLV,16,87.8,7,11,24,6,731,83.8,5,10,20,5,413,96.72,95.16,2017
T.J. Lang,G,DET,13,85.3,1,15,17,1,517,74.3,0,13,14,1,249,96.71,94.38,2017
Travis Swanson,C,DET,11,67.5,1,14,15,0,455,62.0,0,10,10,0,214,96.7,95.33,2017
James Hurst,G,BLT,16,76.1,3,15,21,3,624,66.7,0,12,14,2,217,96.63,93.55,2017
Lane Johnson,T,PHI,15,77.8,4,13,20,3,591,78.3,0,9,11,2,247,96.62,95.55,2017
Clint Boling,G,CIN,16,72.8,0,18,20,2,591,64.0,0,12,14,2,209,96.62,93.3,2017
J.C. Tretter,C,CLV,16,80.4,3,21,25,1,731,85.0,3,9,12,0,413,96.58,97.09,2017
Trey Hopkins,G,CIN,13,77.6,0,13,15,2,437,70.2,0,8,10,2,152,96.57,93.42,2017
Daniel Kilgore,C,SF,16,72.2,5,15,24,4,695,66.2,2,9,14,3,290,96.55,95.17,2017
Ryan Schraeder,T,ATL,14,73.8,4,10,17,3,485,66.6,4,8,14,2,203,96.49,93.1,2017
Evan Smith,G,TB,15,65.2,3,12,16,1,449,57.5,2,7,10,1,198,96.44,94.95,2017
Jahri Evans,G,GB,14,78.6,3,17,22,2,609,69.2,1,11,13,1,240,96.39,94.58,2017
Joe Thomas,T,CLV,7,90.1,2,10,12,0,331,84.9,2,10,12,0,197,96.37,93.91,2017
David Andrews,C,NE,14,80.1,3,17,22,2,603,80.1,0,8,9,1,267,96.35,96.63,2017
Tyler Shatley,G,JAX,10,61.0,1,5,7,1,191,54.1,1,2,4,1,85,96.34,95.29,2017
Joe Berger,G,MIN,16,80.5,2,18,23,3,618,72.0,2,12,17,3,262,96.28,93.51,2017
Corey Linsley,C,GB,16,73.6,3,21,26,2,699,73.4,0,13,15,2,285,96.28,94.74,2017
Ali Marpet,C,TB,11,73.9,2,13,18,3,483,72.9,1,6,9,2,227,96.27,96.04,2017
Trent Brown,T,SF,10,79.2,6,9,16,1,429,79.6,2,6,9,1,174,96.27,94.83,2017
Shaq Mason,G,NE,16,70.4,10,15,26,1,681,71.4,6,8,15,1,300,96.18,95.0,2017
Graham Glasgow,G,DET,16,71.8,6,17,26,3,681,57.4,5,15,22,2,323,96.18,93.19,2017
Gabe Jackson,G,OAK,15,77.1,0,21,22,1,576,64.6,0,15,16,1,242,96.18,93.39,2017
Nick Martin,C,HST,14,68.5,4,17,23,2,597,60.5,4,9,15,2,280,96.15,94.64,2017
Larry Warford,G,NO,14,80.0,5,13,19,1,491,64.5,4,11,16,1,209,96.13,92.34,2017
Ja'Wuan James,T,MIA,8,77.8,1,9,12,2,308,72.9,0,4,6,2,106,96.1,94.34,2017
Rodger Saffold,G,LA,15,74.8,4,16,21,1,533,64.2,2,13,16,1,231,96.06,93.07,2017
Joe Staley,T,SF,15,85.2,5,15,24,4,606,77.7,3,9,15,3,250,96.04,94.0,2017
Kevin Zeitler,G,CLV,16,81.8,7,20,29,2,731,75.5,7,13,21,1,413,96.03,94.92,2017
Terron Armstead,T,NO,10,81.6,4,4,12,4,300,66.6,4,2,9,3,122,96.0,92.62,2017
Patrick Omameh,G,JAX,13,68.1,0,15,18,3,447,50.2,0,14,17,3,210,95.97,91.9,2017
Jon Halapio,G,NYG,7,65.4,0,10,10,0,247,60.5,0,5,5,0,114,95.95,95.61,2017
A.J. Cann,G,JAX,15,63.0,3,19,23,1,567,54.5,3,14,17,0,281,95.94,93.95,2017
Ryan Ramczyk,T,NO,16,76.4,5,16,24,3,589,69.3,3,13,19,3,239,95.93,92.05,2017
Wesley Johnson,C,NYJ,15,53.7,6,15,23,2,556,53.5,3,8,13,2,221,95.86,94.12,2017
Taylor Lewan,T,TEN,16,84.6,4,14,22,4,527,73.8,3,11,17,3,248,95.83,93.15,2017
Charles Leno Jr.,T,CHI,16,81.9,3,18,24,3,576,78.9,1,14,18,3,287,95.83,93.73,2017
Russell Okung,T,LAC,15,81.0,4,18,24,2,572,73.9,0,16,18,2,267,95.8,93.26,2017
Brandon Scherff,G,WAS,14,72.3,4,15,22,3,524,68.3,3,9,14,2,249,95.8,94.38,2017
Brandon Fusco,G,SF,16,73.7,3,21,29,5,683,67.0,2,17,23,4,282,95.75,91.84,2017
Vladimir Ducasse,G,BUF,12,76.1,3,16,20,1,468,72.1,2,7,10,1,226,95.73,95.58,2017
Jonathan Cooper,G,DAL,13,64.8,7,11,20,2,464,56.9,5,9,15,1,239,95.69,93.72,2017
Matt Slauson,G,LAC,7,66.7,4,8,12,0,276,57.3,3,6,9,0,140,95.65,93.57,2017
Andrew Whitworth,T,LA,15,81.1,4,14,24,6,534,77.6,1,7,12,4,236,95.51,94.92,2017
Ryan Kelly,C,IND,7,50.2,2,9,11,0,244,46.8,1,8,9,0,123,95.49,92.68,2017
Trent Williams,T,WAS,10,81.9,2,15,17,0,376,75.1,2,13,15,0,185,95.48,91.89,2017
Ted Larsen,G,MIA,8,67.8,3,12,16,1,353,47.9,3,12,16,1,158,95.47,89.87,2017
Pat Elflein,C,MIN,14,65.4,7,13,24,4,522,57.2,4,7,15,4,222,95.4,93.24,2017
Jack Conklin,T,TEN,16,73.4,7,18,27,2,587,72.2,4,14,20,2,282,95.4,92.91,2017
Lane Taylor,G,GB,15,76.4,2,24,29,3,628,62.2,2,19,23,2,255,95.38,90.98,2017
Ryan Kalil,C,CAR,6,71.8,1,5,8,2,173,63.9,1,4,7,2,100,95.38,93.0,2017
Duane Brown,T,SEA,10,80.1,4,14,19,1,410,69.3,3,12,15,0,180,95.37,91.67,2017
Tyron Smith,T,DAL,13,76.2,4,13,20,3,430,71.9,4,9,16,3,212,95.35,92.45,2017
Anthony Steen,G,MIA,6,47.7,2,7,9,0,193,57.4,0,4,4,0,69,95.34,94.2,2017
Cody Whitehair,C,CHI,16,47.0,7,18,26,1,556,58.8,5,11,16,0,274,95.32,94.16,2017
Kelvin Beachum,T,NYJ,16,80.5,4,21,29,4,617,76.5,2,12,17,3,245,95.3,93.06,2017
Tyler Larsen,C,CAR,12,70.0,3,14,20,3,425,60.3,3,10,16,3,225,95.29,92.89,2017
Jesse Davis,G,MIA,15,55.6,3,19,24,2,510,37.8,2,12,16,2,216,95.29,92.59,2017
Ramon Foster,G,PIT,14,74.3,5,20,27,2,569,70.3,3,17,21,1,290,95.25,92.76,2017
Donald Penn,T,OAK,14,77.7,2,19,25,4,521,72.3,1,11,14,2,207,95.2,93.24,2017
Cam Fleming,T,NE,8,76.4,0,6,10,4,208,71.4,0,4,7,3,84,95.19,91.67,2017
Wes Schweitzer,G,ATL,16,63.7,6,19,29,4,593,53.5,5,10,19,4,245,95.11,92.24,2017
Mitchell Schwartz,T,KC,16,73.7,3,26,32,3,648,63.8,1,19,23,3,245,95.06,90.61,2017
Oday Aboushi,G,SEA,8,65.7,4,14,19,1,385,59.4,1,8,10,1,161,95.06,93.79,2017
Kevin Pamphile,G,TB,16,57.0,3,20,26,3,521,39.7,2,16,21,3,234,95.01,91.03,2017
Alex Boone,G,ARZ,14,61.1,2,18,27,7,533,50.3,1,13,19,5,233,94.93,91.85,2017
Jordan Mills,T,BUF,16,71.4,4,20,30,6,586,68.9,3,12,20,5,274,94.88,92.7,2017
Jermon Bushrod,G,MIA,10,63.8,2,16,20,2,385,53.3,0,11,13,2,138,94.81,90.58,2017
Joe Barksdale,T,LAC,11,66.8,2,19,21,0,402,70.7,2,7,9,0,184,94.78,95.11,2017
Dan Feeney,G,LAC,13,53.5,4,15,20,1,380,62.3,3,7,10,0,174,94.74,94.25,2017
J.R. Sweezy,G,TB,14,70.1,3,25,31,3,589,69.2,1,15,17,1,260,94.74,93.46,2017
Joe Thuney,G,NE,16,74.1,10,21,36,5,681,59.7,7,19,29,3,300,94.71,90.33,2017
Laremy Tunsil,T,MIA,15,77.1,7,20,32,5,601,67.5,3,15,22,4,239,94.68,90.79,2017
Brandon Shell,T,NYJ,12,65.3,1,16,23,6,431,59.1,1,12,17,4,165,94.66,89.7,2017
Matt Skura,G,BLT,12,62.4,1,21,23,1,430,39.9,0,14,15,1,137,94.65,89.05,2017
Anthony Castonzo,T,IND,16,77.8,3,24,33,6,615,72.0,3,16,25,6,325,94.63,92.31,2017
Kyle Long,G,CHI,9,69.6,1,9,12,2,222,66.4,0,8,10,2,107,94.59,90.65,2017
Denzelle Good,T,IND,6,68.9,3,6,9,0,166,66.5,2,5,7,0,84,94.58,91.67,2017
Mike Remmers,T,MIN,11,71.1,5,15,20,0,369,61.5,5,11,16,0,162,94.58,90.12,2017
Andrus Peat,G,NO,15,66.0,6,18,28,4,516,43.7,4,16,24,4,215,94.57,88.84,2017
Quinton Spain,G,TEN,14,74.0,2,21,27,4,496,68.3,2,13,17,2,234,94.56,92.74,2017
Trai Turner,G,CAR,13,69.1,4,22,26,0,475,71.1,1,15,16,0,254,94.53,93.7,2017
Earl Watford,G,ARZ,10,51.5,5,12,21,4,377,32.7,3,10,14,1,172,94.43,91.86,2017
Austin Howard,T,BLT,16,65.5,7,25,35,3,621,66.1,4,14,19,1,217,94.36,91.24,2017
Jack Mewhort,G,IND,5,75.3,2,7,10,1,177,70.6,0,7,8,1,94,94.35,91.49,2017
Stefen Wisniewski,G,PHI,12,64.4,10,12,23,1,397,62.5,7,5,13,1,161,94.21,91.93,2017
Arie Kouandjio,G,WAS,8,71.9,5,8,16,3,275,58.3,4,7,14,3,138,94.18,89.86,2017
Daryl Williams,T,CAR,16,79.0,3,28,35,4,601,73.9,2,24,30,4,325,94.18,90.77,2017
James Carpenter,G,NYJ,16,56.7,10,22,36,4,617,56.5,5,9,17,3,245,94.17,93.06,2017
Ronnie Stanley,T,BLT,15,76.2,2,29,34,3,581,72.3,1,20,23,2,203,94.15,88.67,2017
Cameron Erving,G,KC,8,53.4,5,5,10,0,171,52.7,3,3,6,0,66,94.15,90.91,2017
Rick Wagner,T,DET,13,78.0,0,25,30,5,510,71.8,0,21,24,3,232,94.12,89.66,2017
Rashod Hill,T,MIN,10,65.0,3,15,19,1,323,58.9,2,9,12,1,130,94.12,90.77,2017
Spencer Pulley,C,LAC,16,52.8,9,28,38,1,640,43.9,6,16,23,1,307,94.06,92.51,2017
Laken Tomlinson,G,SF,15,67.9,6,29,39,4,655,57.2,4,22,28,2,277,94.05,89.89,2017
Donovan Smith,T,TB,16,71.2,9,26,42,7,703,72.2,5,17,27,5,310,94.03,91.29,2017
Bryan Witzmann,G,KC,14,64.2,4,26,33,3,544,53.4,2,18,22,2,213,93.93,89.67,2017
Luke Joeckel,G,SEA,11,57.1,4,19,28,5,454,41.4,4,16,23,3,201,93.83,88.56,2017
Chance Warmack,G,PHI,10,60.5,1,9,11,1,178,41.5,1,6,7,0,71,93.82,90.14,2017
Brian Winters,G,NYJ,13,59.3,4,21,30,5,485,42.0,3,14,21,4,195,93.81,89.23,2017
Jamon Brown,G,LA,16,61.9,7,28,36,1,581,47.2,4,22,26,0,252,93.8,89.68,2017
Ereck Flowers,T,NYG,15,70.4,8,27,41,6,653,59.4,8,18,30,4,287,93.72,89.55,2017
Dion Dawkins,T,BUF,14,80.3,3,22,28,3,443,70.8,2,15,20,3,196,93.68,89.8,2017
Jermey Parnell,T,JAX,13,73.5,6,24,30,0,475,69.6,4,15,19,0,219,93.68,91.32,2017
Jeremy Vujnovich,G,IND,16,63.0,2,31,39,6,615,49.4,2,25,32,5,325,93.66,90.15,2017
Max Garcia,G,DEN,16,58.7,4,26,34,4,536,51.9,1,18,22,3,217,93.66,89.86,2017
Evan Boehm,G,ARZ,8,48.8,7,16,25,2,392,28.2,3,14,19,2,178,93.62,89.33,2017
Kenny Wiggins,G,LAC,16,60.6,7,31,41,3,628,48.5,5,21,29,3,302,93.47,90.4,2017
Sam Young,T,MIA,8,65.7,2,17,20,1,306,63.7,1,10,12,1,147,93.46,91.84,2017
Bradley Sowell,G,CHI,9,49.7,2,9,14,3,212,38.2,2,4,9,3,105,93.4,91.43,2017
Riley Reiff,T,MIN,15,69.9,6,28,37,3,560,61.8,3,20,26,3,238,93.39,89.08,2017
Morgan Moses,T,WAS,16,66.1,8,26,39,5,589,62.3,4,19,27,4,272,93.38,90.07,2017
Hroniss Grasu,C,CHI,6,34.2,1,10,12,1,181,28.8,1,7,8,0,96,93.37,91.67,2017
Jeremiah Sirles,G,MIN,11,57.4,4,9,13,0,195,30.4,3,8,11,0,81,93.33,86.42,2017
Tom Compton,G,CHI,8,57.9,4,10,14,0,210,41.3,3,7,10,0,92,93.33,89.13,2017
Jared Veldheer,T,ARZ,13,62.5,6,28,39,5,581,61.7,4,18,25,3,266,93.29,90.6,2017
Jeff Allen,G,HST,12,54.7,6,21,30,3,447,43.2,4,16,22,2,204,93.29,89.22,2017
Taylor Decker,T,DET,8,73.2,3,16,21,2,311,62.8,2,12,16,2,154,93.25,89.61,2017
Xavier Su'a-Filo,G,HST,16,56.7,9,27,44,8,648,35.4,8,22,37,7,297,93.21,87.54,2017
Lucas Patrick,G,GB,4,49.2,4,4,10,2,147,42.2,3,2,7,2,62,93.2,88.71,2017
Jake Matthews,T,ATL,16,79.6,9,29,41,3,599,71.5,5,16,24,3,245,93.16,90.2,2017
Josh Wells,T,JAX,8,61.7,7,10,18,1,263,61.5,4,7,12,1,140,93.16,91.43,2017
Connor McGovern,G,DEN,9,57.8,3,13,17,1,247,54.0,1,7,9,1,102,93.12,91.18,2017
Eric Fisher,T,KC,15,75.4,4,34,42,4,607,62.4,3,23,30,4,231,93.08,87.01,2017
Chris Hubbard,T,PIT,15,69.1,5,24,32,3,459,60.2,4,19,26,3,241,93.03,89.21,2017
Cordy Glenn,T,BUF,5,73.5,0,9,11,2,157,72.8,0,7,9,2,87,92.99,89.66,2017
Bobby Massie,T,CHI,15,66.9,7,25,37,5,526,60.8,6,21,32,5,272,92.97,88.24,2017
Alejandro Villanueva,T,PIT,16,76.5,8,31,46,7,651,66.7,6,24,34,4,326,92.93,89.57,2017
Jake Fisher,T,CIN,8,64.4,1,11,16,4,223,54.0,1,6,11,4,83,92.83,86.75,2017
Marcus Cannon,T,NE,7,63.9,3,13,21,5,289,57.0,2,8,12,2,127,92.73,90.55,2017
Germain Ifedi,T,SEA,16,67.6,3,45,52,4,715,60.8,2,30,36,4,304,92.73,88.16,2017
Ethan Pocic,G,SEA,11,50.0,1,29,32,2,439,27.6,1,25,28,2,182,92.71,84.62,2017
Matt Kalil,T,CAR,16,69.9,8,30,44,6,600,59.3,7,23,35,5,324,92.67,89.2,2017
Garett Bolles,T,DEN,16,70.5,10,33,51,8,692,62.2,9,20,35,6,291,92.63,87.97,2017
Marshall Newhouse,T,OAK,14,61.7,3,27,38,8,515,55.4,3,16,27,8,203,92.62,86.7,2017
D.J. Fluker,G,NYG,7,46.9,5,13,20,2,270,36.2,3,9,14,2,116,92.59,87.93,2017
Greg Mancz,G,HST,10,48.5,2,21,26,3,350,47.5,2,12,17,3,161,92.57,89.44,2017
Allen Barbre,G,DEN,11,48.0,1,21,26,4,350,59.0,0,11,14,3,158,92.57,91.14,2017
Isaac Seumalo,G,PHI,9,41.3,2,5,13,6,175,44.5,1,3,8,4,72,92.57,88.89,2017
Rob Havenstein,T,LA,15,66.6,3,32,41,6,541,56.6,2,23,28,3,238,92.42,88.24,2017
Nate Solder,T,NE,16,70.4,6,41,51,4,673,65.0,4,22,29,3,299,92.42,90.3,2017
Le'Raven Clark,G,IND,6,39.7,3,11,16,2,209,42.7,2,9,13,2,114,92.34,88.6,2017
Caleb Benenoch,T,TB,9,45.2,3,10,17,4,221,34.2,2,6,12,4,84,92.31,85.71,2017
Bryan Bulaga,T,GB,5,72.0,1,10,12,1,155,75.5,0,4,5,1,60,92.26,91.67,2017
Corey Robinson,T,DET,6,61.3,2,12,17,3,218,51.4,2,9,14,3,107,92.2,86.92,2017
Joe Haeg,T,IND,16,66.0,6,35,47,6,595,56.3,3,30,37,4,312,92.1,88.14,2017
Halapoulivaati Vaitai,T,PHI,15,50.0,10,20,39,9,487,38.8,5,13,24,6,200,91.99,88.0,2017
Justin McCray,T,GB,12,55.4,5,21,31,5,385,41.0,4,13,22,5,152,91.95,85.53,2017
Chris Clark,T,HST,10,55.2,6,16,26,4,321,49.6,6,8,17,3,144,91.9,88.19,2017
Will Holden,T,ARZ,7,45.6,7,7,16,2,197,33.2,6,3,10,1,90,91.88,88.89,2017
La'el Collins,T,DAL,16,59.3,8,38,51,5,609,59.2,4,28,35,3,314,91.63,88.85,2017
Cam Robinson,T,JAX,15,63.1,12,27,41,2,482,47.2,12,20,34,2,227,91.49,85.02,2017
Justin Pugh,T,NYG,8,60.0,1,20,24,3,281,59.9,1,10,14,3,115,91.46,87.83,2017
Cedric Ogbuehi,T,CIN,14,58.0,4,23,35,8,407,51.8,2,14,24,8,147,91.4,83.67,2017
Kyle Murphy,T,GB,3,59.2,1,10,15,4,174,50.4,0,9,13,4,85,91.38,84.71,2017
Brent Qvale,T,NYJ,14,57.6,1,11,15,3,173,47.1,0,9,11,2,64,91.33,82.81,2017
Chaz Green,T,DAL,6,20.0,1,9,14,4,161,2.6,1,7,12,4,85,91.3,85.88,2017
Spencer Drango,T,CLV,11,63.7,4,20,35,11,402,52.1,3,18,30,9,216,91.29,86.11,2017
Ben Garland,G,ATL,8,41.9,8,8,17,1,194,26.4,6,5,12,1,89,91.24,86.52,2017
Shawn Lauvao,G,WAS,9,42.7,3,23,28,2,319,34.9,2,18,20,0,146,91.22,86.3,2017
LaAdrian Waddle,T,NE,9,56.6,7,10,17,0,193,49.0,7,5,12,0,90,91.19,86.67,2017
Shon Coleman,T,CLV,16,64.0,9,49,64,6,708,58.0,7,37,50,6,399,90.96,87.47,2017
Jason Spriggs,T,GB,6,60.8,3,11,17,3,186,45.7,2,7,12,3,68,90.86,82.35,2017
Greg Robinson,T,DET,6,53.4,3,18,24,3,257,51.6,2,13,16,1,122,90.66,86.89,2017
Bobby Hart,T,NYG,10,48.2,4,25,35,6,363,42.3,2,21,28,5,181,90.36,84.53,2017
Andre Smith,T,CIN,12,53.6,3,28,32,1,330,43.9,1,16,18,1,114,90.3,84.21,2017
Menelik Watson,T,DEN,7,53.4,3,14,26,9,267,44.5,1,9,17,7,116,90.26,85.34,2017
John Wetzel,T,ARZ,13,48.1,9,46,61,6,609,42.3,6,29,40,5,276,89.98,85.51,2017
Ty Nsekhe,T,WAS,11,61.4,4,10,19,5,184,56.4,2,10,15,3,86,89.67,82.56,2017
Michael Schofield III,T,LAC,12,48.0,5,18,25,2,230,39.6,3,14,19,2,120,89.13,84.17,2017
Rees Odhiambo,T,SEA,7,40.3,6,27,35,2,318,38.9,2,19,22,1,131,88.99,83.21,2017
Donald Stephenson,T,DEN,7,49.4,3,13,19,3,170,34.3,2,10,14,2,70,88.82,80.0,2017
Vadal Alexander,T,OAK,8,51.6,3,15,20,2,171,50.5,3,8,13,2,75,88.3,82.67,2017
Zane Beadles,G,SF,8,40.0,4,22,29,3,246,15.3,4,19,26,3,102,88.21,74.51,2017
Breno Giacomini,T,HST,16,46.5,8,64,81,9,662,37.7,5,40,53,8,301,87.76,82.39,2017
Rodney Hudson,C,OAK,16,90.8,1,4,5,0,651,86.4,1,3,4,0,284,99.23,98.59,2018
Mitch Morse,C,KC,11,81.2,1,3,4,0,443,82.1,1,2,3,0,178,99.1,98.31,2018
Eric Kush,G,CHI,7,79.6,0,3,3,0,218,82.2,0,1,1,0,93,98.62,98.92,2018
Matt Paradis,C,DEN,9,78.6,1,3,5,1,356,62.6,1,3,4,0,147,98.6,97.28,2018
Jason Kelce,C,PHI,16,87.7,2,8,10,0,657,83.4,1,5,6,0,245,98.48,97.55,2018
Kevin Zeitler,G,CLV,16,91.7,1,7,11,3,694,81.4,1,7,10,2,289,98.41,96.54,2018
Austin Reiter,C,KC,5,81.0,1,1,3,1,178,73.1,1,0,2,1,66,98.31,96.97,2018
Cody Whitehair,C,CHI,16,77.2,0,11,11,0,635,65.7,0,8,8,0,293,98.27,97.27,2018
Ryan Kelly,C,IND,12,74.3,2,6,9,1,494,72.5,1,4,6,1,221,98.18,97.29,2018
Ty Sambrailo,T,ATL,6,76.2,0,3,3,0,163,77.9,0,1,1,0,53,98.16,98.11,2018
Joel Bitonio,G,CLV,16,88.4,0,12,13,1,694,77.7,0,9,10,1,289,98.13,96.54,2018
Brandon Brooks,G,PHI,16,85.4,2,10,13,1,692,74.3,1,9,11,1,260,98.12,95.77,2018
Brandon Linder,C,JAX,9,83.9,3,3,7,1,364,76.8,2,3,6,1,188,98.08,96.81,2018
Alex Mack,C,ATL,16,79.6,4,7,14,3,715,71.3,4,4,10,2,273,98.04,96.34,2018
J.C. Tretter,C,CLV,16,85.7,1,11,14,2,694,77.4,1,8,10,1,289,97.98,96.54,2018
Evan Boehm,C,IND,7,78.7,2,3,5,0,233,70.8,1,3,4,0,104,97.85,96.15,2018
T.J. Lang,G,DET,6,86.5,0,3,4,1,185,76.1,0,3,4,1,82,97.84,95.12,2018
Dennis Kelly,T,TEN,9,77.4,0,3,4,1,185,73.0,0,3,4,1,74,97.84,94.59,2018
Marshal Yanda,G,BLT,16,84.2,3,11,14,0,646,73.6,2,8,10,0,273,97.83,96.34,2018
Corey Linsley,C,GB,16,85.0,2,12,18,4,774,78.9,1,9,12,2,375,97.67,96.8,2018
Maurkice Pouncey,C,PIT,16,78.1,3,13,18,2,772,77.7,2,9,13,2,342,97.67,96.2,2018
Max Unger,C,NO,16,73.6,1,9,14,4,560,73.2,1,6,9,2,236,97.5,96.19,2018
Vladimir Ducasse,G,BUF,9,78.9,1,8,9,0,358,76.9,1,4,5,0,176,97.49,97.16,2018
Nick Martin,C,HST,16,78.7,3,12,17,2,674,75.4,3,8,13,2,300,97.48,95.67,2018
Matt Slauson,G,IND,5,79.0,3,4,7,0,277,75.3,3,3,6,0,132,97.47,95.45,2018
David Andrews,C,NE,16,79.9,3,11,16,2,628,81.1,2,3,5,0,196,97.45,97.45,2018
Russell Bodine,C,BUF,9,74.6,1,8,9,0,340,71.5,0,4,4,0,152,97.35,97.37,2018
Billy Price,C,CIN,10,66.0,1,8,10,1,351,77.4,0,2,3,1,146,97.15,97.95,2018
Tyron Smith,T,DAL,13,85.4,2,13,15,0,521,80.5,2,9,11,0,275,97.12,96.0,2018
Wyatt Teller,G,BUF,8,78.2,2,6,8,0,273,69.9,1,4,5,0,128,97.07,96.09,2018
Ronnie Stanley,T,BLT,15,86.8,2,13,17,2,577,80.5,2,9,12,1,235,97.05,94.89,2018
Andrew Norwell,G,JAX,11,82.0,1,11,14,2,472,80.0,0,8,10,2,244,97.03,95.9,2018
Chase Roullier,C,WAS,16,76.4,3,15,19,1,637,73.1,0,8,9,1,309,97.02,97.09,2018
Brandon Scherff,G,WAS,8,84.0,1,7,9,1,301,83.7,0,5,5,0,144,97.01,96.53,2018
Shaq Mason,G,NE,14,79.1,6,9,16,1,526,74.8,3,5,8,0,165,96.96,95.15,2018
Mitchell Schwartz,T,KC,16,84.8,7,11,21,3,687,79.3,3,10,16,3,267,96.94,94.01,2018
Mike Pouncey,C,LAC,16,67.4,3,13,18,2,580,62.3,2,10,14,2,268,96.9,94.78,2018
Graham Glasgow,C,DET,16,73.8,5,15,21,1,673,71.2,2,12,14,0,331,96.88,95.77,2018
Quenton Nelson,G,IND,16,81.9,4,17,23,2,730,73.5,2,11,15,2,325,96.85,95.38,2018
Mark Glowinski,G,IND,10,72.0,1,10,11,0,349,69.3,0,6,6,0,140,96.85,95.71,2018
Terron Armstead,T,NO,10,89.3,3,7,11,1,348,80.6,3,6,9,0,151,96.84,94.04,2018
Kyle Long,G,CHI,8,84.2,2,6,10,2,314,81.0,1,1,4,2,141,96.82,97.16,2018
David DeCastro,G,PIT,14,86.1,2,19,21,0,661,80.6,2,13,15,0,291,96.82,94.85,2018
Tyler Shatley,C,JAX,11,70.1,1,6,10,3,311,62.4,0,5,8,3,168,96.78,95.24,2018
Alejandro Villanueva,T,PIT,16,83.9,3,17,25,5,776,73.6,2,14,20,4,343,96.78,94.17,2018
Ryan Jensen,C,TB,16,70.1,10,14,25,1,773,64.7,6,10,17,1,426,96.77,96.01,2018
Trey Hopkins,C,CIN,12,72.8,0,9,13,4,390,65.4,0,6,9,3,162,96.67,94.44,2018
Ryan Groy,C,BUF,11,69.8,3,8,11,0,330,72.9,2,4,6,0,171,96.67,96.49,2018
Ramon Foster,G,PIT,16,84.5,2,23,26,1,777,76.6,2,17,20,1,343,96.65,94.17,2018
David Bakhtiari,T,GB,16,93.6,3,18,25,4,737,90.9,2,14,19,3,351,96.61,94.59,2018
Quinton Spain,G,TEN,15,75.6,1,14,16,1,466,62.1,0,8,9,1,187,96.57,95.19,2018
Larry Warford,G,NO,15,77.6,5,13,19,1,548,67.1,5,9,15,1,235,96.53,93.62,2018
Spencer Pulley,C,NYG,11,70.2,3,7,12,2,345,55.2,2,5,9,2,156,96.52,94.23,2018
D.J. Fluker,G,SEA,10,72.9,1,8,10,1,286,50.7,1,6,8,1,93,96.5,91.4,2018
Justin Britt,C,SEA,15,59.4,1,15,18,2,507,63.9,0,8,10,2,196,96.45,94.9,2018
Demar Dotson,T,TB,15,79.5,2,21,25,2,703,78.8,2,16,20,2,398,96.44,94.97,2018
Wes Schweitzer,G,ATL,14,70.2,1,19,22,2,610,62.7,1,14,16,1,241,96.39,93.36,2018
Stefen Wisniewski,G,PHI,13,61.0,0,14,15,1,412,56.0,0,9,9,0,160,96.36,94.38,2018
Zack Martin,G,DAL,14,84.7,4,12,19,3,522,81.2,3,7,12,2,264,96.36,95.45,2018
Joe Thuney,G,NE,16,87.2,5,18,23,0,629,74.3,4,10,14,0,196,96.34,92.86,2018
Trai Turner,G,CAR,13,79.6,0,15,18,3,479,68.9,0,13,16,3,224,96.24,92.86,2018
Jake Matthews,T,ATL,16,86.1,7,18,27,2,715,78.7,4,10,15,1,273,96.22,94.51,2018
Joe Looney,C,DAL,16,64.7,3,21,25,1,654,56.5,1,18,20,1,339,96.18,94.1,2018
Ben Jones,C,TEN,16,73.7,1,15,21,5,550,55.7,0,10,14,4,225,96.18,93.78,2018
Duane Brown,T,SEA,16,86.7,2,15,21,4,546,81.1,2,12,17,3,212,96.15,91.98,2018
Kelechi Osemele,G,OAK,11,60.9,1,13,17,3,442,52.1,1,8,11,2,183,96.15,93.99,2018
Rodger Saffold,G,LA,16,70.5,5,17,25,3,648,59.1,4,10,17,3,288,96.14,94.1,2018
Ben Garland,G,ATL,9,59.7,1,6,10,3,256,44.8,0,5,6,1,97,96.09,93.81,2018
Bobby Massie,T,CHI,16,77.7,2,22,25,1,635,70.9,2,19,21,0,293,96.06,92.83,2018
Bryan Bulaga,T,GB,14,84.0,3,14,22,5,559,78.8,1,11,16,4,269,96.06,94.05,2018
Ryan Ramczyk,T,NO,15,78.7,2,16,22,4,550,69.7,1,14,18,3,236,96.0,92.37,2018
Zane Beadles,G,ATL,5,75.4,0,6,7,1,175,60.6,0,5,6,1,62,96.0,90.32,2018
Ali Marpet,G,TB,16,79.9,11,17,31,3,773,77.6,8,14,24,2,426,95.99,94.37,2018
Jonotthan Harrison,C,NYJ,10,63.6,2,11,13,0,321,72.4,1,4,5,0,140,95.95,96.43,2018
Joe Staley,T,SF,16,83.8,7,14,25,4,609,69.0,6,14,24,4,242,95.89,90.08,2018
Joe Barksdale,T,ARZ,10,75.4,4,6,10,0,243,70.3,3,3,6,0,116,95.88,94.83,2018
Taylor Lewan,T,TEN,15,79.2,2,16,20,2,482,68.6,1,12,14,1,202,95.85,93.07,2018
Matt Skura,C,BLT,16,67.1,3,22,27,2,651,62.1,2,10,13,1,276,95.85,95.29,2018
Taylor Moton,T,CAR,16,82.7,1,25,28,2,668,77.7,1,18,20,1,323,95.81,93.81,2018
Gabe Jackson,G,OAK,13,75.6,1,17,23,5,540,66.0,0,14,18,4,234,95.74,92.31,2018
Oday Aboushi,G,ARZ,7,77.8,0,7,11,4,257,63.5,0,6,10,4,122,95.72,91.8,2018
Garett Bolles,T,DEN,16,72.1,6,21,29,2,669,62.6,4,17,22,1,250,95.67,91.2,2018
Orlando Brown Jr.,T,BLT,13,73.5,1,15,16,0,369,73.2,1,10,11,0,149,95.66,92.62,2018
Will Hernandez,G,NYG,16,73.1,3,21,29,5,664,66.8,2,15,20,3,305,95.63,93.44,2018
Rob Havenstein,T,LA,16,75.6,4,23,29,2,657,65.4,2,20,24,2,292,95.59,91.78,2018
Ty Nsekhe,T,WAS,10,76.4,3,7,11,1,249,66.2,1,7,9,1,110,95.58,91.82,2018
Michael Schofield III,G,LAC,16,70.7,4,17,26,5,585,61.3,3,12,18,3,271,95.56,93.36,2018
Ryan Kalil,C,CAR,16,63.2,4,23,29,2,651,56.9,4,16,22,2,314,95.55,92.99,2018
Austin Blythe,G,LA,16,73.9,5,25,30,0,657,59.9,5,20,25,0,292,95.43,91.44,2018
James Daniels,G,CHI,13,69.9,3,17,20,0,432,62.7,3,12,15,0,208,95.37,92.79,2018
Kelvin Beachum,T,NYJ,16,79.4,3,22,28,3,604,65.6,3,19,25,3,272,95.36,90.81,2018
Andrus Peat,G,NO,13,51.5,4,13,19,2,406,30.3,3,9,14,2,173,95.32,91.91,2018
Laremy Tunsil,T,MIA,15,79.5,8,13,23,2,491,71.8,5,12,18,1,195,95.32,90.77,2018
Marcus Gilbert,T,PIT,5,76.6,1,10,12,1,255,66.8,1,8,10,1,111,95.29,90.99,2018
Clint Boling,G,CIN,16,71.8,3,23,30,4,635,57.2,1,17,22,4,265,95.28,91.7,2018
Andrew Wylie,G,KC,11,66.1,4,16,22,2,462,54.5,3,12,17,2,182,95.24,90.66,2018
Jared Veldheer,T,DEN,12,68.4,4,15,21,2,437,63.7,2,8,12,2,149,95.19,91.95,2018
James Carpenter,G,NYJ,10,71.9,4,13,18,1,371,69.7,1,11,13,1,176,95.15,92.61,2018
James Hurst,T,BLT,10,69.5,3,16,19,0,389,63.9,2,11,13,0,157,95.12,91.72,2018
Russell Okung,T,LAC,15,77.8,7,16,26,3,533,71.8,3,12,18,3,251,95.12,92.83,2018
Senio Kelemete,G,HST,14,70.1,3,20,26,3,533,66.4,3,13,18,2,228,95.12,92.11,2018
Brandon Shell,T,NYJ,14,69.4,4,18,25,3,509,65.8,3,12,16,1,234,95.09,93.16,2018
John Greco,C,NYG,9,54.0,2,12,17,3,343,48.8,2,9,14,3,164,95.04,91.46,2018
Nate Solder,T,NYG,16,76.8,3,23,33,7,664,69.1,3,18,25,4,305,95.03,91.8,2018
Laken Tomlinson,G,SF,16,74.1,3,24,31,4,620,72.3,1,14,17,2,247,95.0,93.12,2018
Charles Leno Jr.,T,CHI,16,79.2,4,23,32,5,634,68.2,4,22,29,3,292,94.95,90.07,2018
Billy Turner,G,DEN,15,65.0,1,23,27,3,529,62.2,1,15,18,2,200,94.9,91.0,2018
Greg Mancz,G,HST,9,69.8,1,9,11,1,213,52.0,1,8,10,1,98,94.84,89.8,2018
Andrew Whitworth,T,LA,16,86.1,4,25,33,4,638,79.4,1,18,22,3,286,94.83,92.31,2018
Cameron Erving,G,KC,14,56.9,6,21,28,1,538,42.8,4,11,16,1,199,94.8,91.96,2018
Bryan Witzmann,G,CHI,10,60.1,3,10,16,3,306,53.6,3,7,12,2,144,94.77,91.67,2018
Marcus Cannon,T,NE,13,76.5,5,17,24,2,457,70.7,4,11,16,1,132,94.75,87.88,2018
Mike Iupati,G,ARZ,10,47.5,6,7,15,2,285,23.3,3,4,9,2,118,94.74,92.37,2018
Ron Leary,G,DEN,6,59.9,1,12,13,0,246,64.6,1,5,6,0,109,94.72,94.5,2018
Ja'Wuan James,T,MIA,15,67.4,3,16,26,7,491,60.2,1,12,19,6,199,94.7,90.45,2018
Zach Fulton,G,HST,13,79.1,2,22,28,4,527,68.9,2,18,23,3,238,94.69,90.34,2018
Kenny Wiggins,G,DET,14,63.8,2,20,26,4,488,49.9,1,15,19,3,249,94.67,92.37,2018
Dion Dawkins,T,BUF,16,76.2,2,25,34,7,637,72.9,0,16,20,4,308,94.66,93.51,2018
J.R. Sweezy,G,SEA,15,56.7,3,19,26,4,485,50.8,2,11,16,3,190,94.64,91.58,2018
Frank Ragnow,G,DET,16,57.1,10,22,36,4,672,47.7,8,16,28,4,330,94.64,91.52,2018
Jesse Davis,G,MIA,16,69.3,6,17,30,7,559,60.7,4,10,18,4,232,94.63,92.24,2018
Braden Smith,T,IND,15,70.5,6,19,28,3,520,69.4,4,12,17,1,217,94.62,92.17,2018
Greg Van Roten,G,CAR,16,68.8,2,32,36,2,668,66.9,2,18,21,1,323,94.61,93.5,2018
Morgan Moses,T,WAS,16,68.7,9,19,33,5,611,66.5,5,12,21,4,299,94.6,92.98,2018
Brian Winters,G,NYJ,16,69.8,2,26,33,5,604,64.1,2,18,24,4,272,94.54,91.18,2018
Jason Spriggs,T,GB,6,72.3,0,9,12,3,219,62.0,0,8,11,3,110,94.52,90.0,2018
Alex Lewis,G,BLT,10,60.1,4,16,23,3,415,47.6,3,11,17,3,187,94.46,90.91,2018
Weston Richburg,C,SF,15,61.6,6,23,33,4,593,55.8,5,11,19,3,237,94.44,91.98,2018
Ryan Schraeder,T,ATL,14,62.9,10,16,33,7,593,56.4,5,10,21,6,232,94.44,90.95,2018
Taylor Decker,T,DET,16,80.6,4,30,37,3,659,74.8,2,22,25,1,325,94.39,92.31,2018
Mike Person,G,SF,16,71.9,7,26,34,1,605,59.3,5,20,25,0,236,94.38,89.41,2018
Spencer Long,C,NYJ,13,43.7,3,20,27,4,480,41.4,3,11,17,3,213,94.38,92.02,2018
John Miller,G,BUF,15,71.2,5,24,30,1,529,60.4,3,20,23,0,246,94.33,90.65,2018
Matt Feiler,T,PIT,10,69.9,8,15,26,3,457,58.4,6,9,18,3,207,94.31,91.3,2018
Lane Taylor,G,GB,15,67.3,5,23,36,8,633,54.2,5,20,31,6,301,94.31,89.7,2018
John Sullivan,C,LA,16,55.7,7,26,37,4,648,30.9,5,23,32,4,289,94.29,88.93,2018
Laurent Duvernay-Tardif,G,KC,5,67.0,4,8,12,0,210,58.7,1,8,9,0,80,94.29,88.75,2018
Rick Wagner,T,DET,15,75.9,3,25,36,8,626,72.6,2,16,24,6,310,94.25,92.26,2018
Trent Brown,T,NE,16,68.5,12,20,35,3,608,61.9,7,10,20,3,190,94.24,89.47,2018
Jordan Mills,T,BUF,16,66.5,5,25,35,5,606,62.6,4,16,25,5,293,94.22,91.47,2018
Brandon Fusco,G,ATL,7,60.7,3,12,17,2,293,58.4,1,8,10,1,115,94.2,91.3,2018
Pat Elflein,C,MIN,14,44.3,5,24,33,4,567,48.2,5,14,22,3,261,94.18,91.57,2018
Brian O'Neill,T,MIN,14,65.5,8,23,31,0,531,63.0,8,15,23,0,240,94.16,90.42,2018
Justin McCray,G,GB,8,66.7,1,15,21,5,359,60.5,1,11,16,4,184,94.15,91.3,2018
Mason Cole,C,ARZ,16,41.9,7,26,35,2,596,33.3,5,15,21,1,258,94.13,91.86,2018
Lane Johnson,T,PHI,15,76.5,5,26,36,5,613,75.3,3,16,22,3,233,94.13,90.56,2018
Germain Ifedi,T,SEA,15,71.5,0,24,30,6,506,64.7,0,16,21,5,198,94.07,89.39,2018
Le'Raven Clark,T,IND,11,68.6,4,8,14,2,235,59.8,3,7,11,1,96,94.04,88.54,2018
Mike Remmers,G,MIN,16,61.1,5,30,42,7,705,55.1,5,22,33,6,320,94.04,89.69,2018
Jack Conklin,T,TEN,9,69.2,1,14,19,4,317,59.4,1,11,16,4,135,94.01,88.15,2018
Bobby Hart,T,CIN,16,62.2,4,25,39,10,651,50.2,3,19,29,7,270,94.01,89.26,2018
Anthony Castonzo,T,IND,11,80.7,7,18,27,2,450,72.4,5,12,18,1,192,94.0,90.62,2018
Jermon Bushrod,T,NO,8,78.3,1,10,11,0,182,77.1,1,5,6,0,71,93.96,91.55,2018
Chris Hubbard,T,CLV,16,73.6,2,34,42,6,694,71.6,2,19,26,5,289,93.95,91.0,2018
Tom Compton,G,MIN,14,60.2,3,24,34,7,560,41.8,1,21,28,6,250,93.93,88.8,2018
Jason Peters,T,PHI,16,75.5,8,24,34,2,559,66.9,4,20,25,1,208,93.92,87.98,2018
Isaac Seumalo,G,PHI,12,60.6,5,15,21,1,345,55.5,1,10,12,1,128,93.91,90.62,2018
Trent Williams,T,WAS,13,80.7,9,20,30,1,491,74.4,6,18,25,1,244,93.89,89.75,2018
Mike McGlinchey,T,SF,16,64.2,11,23,39,5,638,63.7,5,11,19,3,251,93.89,92.43,2018
Eric Fisher,T,KC,16,72.5,6,32,42,4,684,52.5,5,25,34,4,266,93.86,87.22,2018
Josh Wells,T,JAX,7,69.9,3,9,12,0,195,66.4,3,6,9,0,90,93.85,90.0,2018
Lucas Patrick,G,GB,6,57.4,4,9,13,0,208,40.8,3,7,10,0,103,93.75,90.29,2018
Connor Williams,G,DAL,11,63.1,3,19,27,5,431,57.2,1,15,20,4,239,93.74,91.63,2018
Tyler Larsen,G,CAR,7,54.3,2,11,13,0,206,40.0,2,8,10,0,108,93.69,90.74,2018
Jamon Brown,G,NYG,9,54.0,4,12,19,3,301,34.7,3,9,15,3,132,93.69,88.64,2018
Donovan Smith,T,TB,16,69.9,9,32,49,8,773,65.3,6,26,39,7,426,93.66,90.85,2018
Kendall Lamm,T,HST,14,75.2,2,26,33,5,520,71.6,0,19,22,3,218,93.65,89.91,2018
Greg Robinson,T,CLV,8,68.8,0,19,20,1,311,60.1,0,12,12,0,114,93.57,89.47,2018
Alex Redmond,G,CIN,15,57.7,4,33,40,3,607,49.8,3,23,28,2,252,93.41,88.89,2018
Connor McGovern,G,DEN,16,38.0,5,37,44,2,667,34.4,3,24,28,1,249,93.4,88.76,2018
Jermey Parnell,T,JAX,13,67.9,2,32,39,5,573,65.8,2,25,30,3,303,93.19,90.1,2018
Tony Bergstrom,G,WAS,10,47.5,5,17,23,1,336,45.9,4,8,12,0,163,93.15,92.64,2018
A.J. Cann,G,JAX,15,60.3,6,28,42,8,610,55.6,5,21,30,4,329,93.11,90.88,2018
Josh Kline,G,TEN,16,67.5,0,34,38,4,544,55.9,0,24,27,3,223,93.01,87.89,2018
Travis Swanson,C,MIA,12,52.1,2,22,28,4,400,43.2,0,16,19,3,179,93.0,89.39,2018
Xavier Su'a-Filo,G,DAL,8,48.7,2,12,20,6,285,38.2,1,9,15,5,137,92.98,89.05,2018
La'el Collins,T,DAL,16,69.7,6,32,46,8,654,63.6,5,27,38,6,339,92.97,88.79,2018
Cordy Glenn,T,CIN,13,71.3,1,33,36,2,500,65.6,1,18,21,2,207,92.8,89.86,2018
Caleb Benenoch,G,TB,16,44.4,7,25,42,10,572,25.5,5,22,36,9,312,92.66,88.46,2018
Colby Gossett,G,ARZ,5,45.6,1,8,14,5,190,40.6,1,5,9,3,94,92.63,90.43,2018
Patrick Omameh,G,JAX,11,48.9,5,24,34,5,452,34.8,3,20,28,5,226,92.48,87.61,2018
Elijah Wilkinson,G,DEN,10,48.3,2,20,26,4,337,53.9,0,11,12,1,113,92.28,89.38,2018
Riley Reiff,T,MIN,13,71.3,6,33,42,3,541,64.8,4,24,29,1,252,92.24,88.49,2018
Dan Feeney,G,LAC,16,39.8,8,30,46,8,588,36.3,5,19,28,4,272,92.18,89.71,2018
Chris Clark,T,CAR,15,65.6,8,26,41,7,520,54.6,6,19,28,3,250,92.12,88.8,2018
Chad Wheeler,T,NYG,15,54.7,4,34,43,5,534,43.6,4,26,33,3,238,91.95,86.13,2018
Halapoulivaati Vaitai,T,PHI,9,53.8,4,9,17,4,210,39.5,4,6,12,2,76,91.9,84.21,2018
Andre Smith,T,CIN,10,54.0,2,15,23,6,282,36.5,2,12,18,4,105,91.84,82.86,2018
Rashod Hill,T,MIN,12,55.2,2,21,28,5,342,39.2,1,16,21,4,148,91.81,85.81,2018
D.J. Humphries,T,ARZ,9,62.9,8,16,28,4,342,50.4,5,10,19,4,141,91.81,86.52,2018
Desmond Harrison,T,CLV,8,72.4,3,27,32,2,383,65.2,3,20,25,2,175,91.64,85.71,2018
Byron Bell,G,GB,10,59.9,1,29,31,1,365,48.4,1,22,23,0,168,91.51,86.31,2018
Ted Larsen,G,MIA,14,46.2,6,29,39,4,458,34.9,4,18,26,4,196,91.48,86.73,2018
Korey Cunningham,T,ARZ,6,57.7,2,14,18,2,209,50.8,1,7,10,2,91,91.39,89.01,2018
LaAdrian Waddle,T,NE,10,50.6,3,11,17,3,196,42.6,3,6,10,1,71,91.33,85.92,2018
Joe Haeg,T,IND,8,55.9,3,14,19,2,219,48.4,3,9,13,1,105,91.32,87.62,2018
Brandon Parker,T,OAK,13,48.6,6,27,43,10,490,37.8,6,21,34,7,220,91.22,84.55,2018
Justin Pugh,G,ARZ,7,52.1,5,13,19,1,213,25.5,5,11,17,1,88,91.08,80.68,2018
Ethan Pocic,G,SEA,5,47.1,2,11,16,3,174,44.5,2,7,12,3,74,90.8,83.78,2018
Shawn Lauvao,G,WAS,5,43.3,3,10,15,2,160,19.4,3,7,12,2,75,90.62,84.0,2018
Kolton Miller,T,OAK,16,52.7,7,42,65,16,632,41.4,5,37,55,13,276,89.72,80.07,2018
Denzelle Good,G,OAK,5,51.1,3,17,22,2,209,55.0,2,13,16,1,97,89.47,83.51,2018
Ereck Flowers,T,JAX,10,62.0,7,28,38,3,353,55.7,4,23,29,2,190,89.24,84.74,2018
Julie'n Davenport,T,HST,16,55.0,14,42,68,12,625,41.2,10,33,52,9,282,89.12,81.56,2018
John Wetzel,T,ARZ,8,49.2,5,18,25,2,223,40.2,3,12,17,2,96,88.79,82.29,2018
Martinas Rankin,T,HST,10,45.2,7,20,31,4,273,40.7,4,18,23,1,131,88.64,82.44,2018
Sam Tevi,T,LAC,16,40.2,12,41,61,8,516,41.1,6,30,40,4,240,88.18,83.33,2018
Josh Walker,T,JAX,5,37.1,8,23,33,2,223,34.3,7,17,25,1,130,85.2,80.77,2018
Rodney Hudson,C,OAK,15,91.2,1,2,3,0,527,86.4,0,1,1,0,249,99.43,99.6,2019
Austin Reiter,C,KC,16,82.0,1,3,6,2,693,76.7,1,2,4,1,259,99.13,98.46,2019
Ronnie Stanley,T,BLT,14,93.3,1,5,6,0,470,89.8,1,2,3,0,189,98.72,98.41,2019
Xavier Su'a-Filo,G,DAL,5,77.7,0,2,3,1,197,72.3,0,2,3,1,114,98.48,97.37,2019
Brandon Linder,C,JAX,16,80.9,0,12,12,0,735,78.5,0,9,9,0,376,98.37,97.61,2019
B.J. Finney,C,PIT,9,72.0,0,2,3,1,174,61.2,0,2,3,1,102,98.28,97.06,2019
Marshal Yanda,G,BLT,15,84.9,0,8,9,1,491,77.7,0,5,6,1,197,98.17,96.95,2019
Matt Skura,C,BLT,11,63.5,1,5,7,1,368,62.0,1,2,3,0,151,98.1,98.01,2019
Ben Jones,C,TEN,15,85.2,0,6,10,4,517,81.0,0,3,7,4,223,98.07,96.86,2019
Ryan Jensen,C,TB,16,85.0,3,11,15,1,751,82.0,2,6,9,1,373,98.0,97.59,2019
Nick Martin,C,HST,16,79.8,2,9,13,2,642,80.2,1,4,7,2,254,97.98,97.24,2019
Richie Incognito,G,OAK,12,88.5,0,8,9,1,432,83.2,0,6,7,1,215,97.92,96.74,2019
Erik McCoy,C,NO,16,77.9,2,11,14,1,653,76.0,1,8,10,1,282,97.86,96.45,2019
A.Q. Shipley,C,ARZ,16,71.0,0,13,15,2,675,72.7,0,6,7,1,228,97.78,96.93,2019
Ted Karras,C,NE,15,57.8,1,11,14,2,619,69.2,1,3,5,1,236,97.74,97.88,2019
Brandon Scherff,G,WAS,11,72.7,0,8,9,1,394,72.8,0,6,7,1,174,97.72,95.98,2019
Joe Thuney,G,NE,16,87.4,4,11,16,1,693,83.6,2,5,7,0,274,97.69,97.45,2019
Connor McGovern,C,DEN,16,82.5,3,11,15,1,609,78.6,2,6,9,1,275,97.54,96.73,2019
Denzelle Good,G,OAK,7,69.0,2,2,5,1,194,47.6,2,1,4,1,77,97.42,94.81,2019
J.C. Tretter,C,CLV,16,85.5,0,16,17,1,652,72.2,0,11,12,1,265,97.39,95.47,2019
Joel Bitonio,G,CLV,16,86.0,1,13,17,3,652,79.6,0,10,12,2,265,97.39,95.47,2019
Taylor Lewan,T,TEN,12,82.1,3,6,11,2,411,73.6,3,4,9,2,186,97.32,95.16,2019
Joe Staley,T,SF,7,77.0,2,3,7,2,257,69.6,1,2,4,1,90,97.28,95.56,2019
Cody Whitehair,G,CHI,16,64.1,3,13,19,3,692,56.6,2,10,14,2,302,97.25,95.36,2019
Mitch Morse,C,BUF,16,71.1,1,13,15,1,546,64.9,1,9,10,0,247,97.25,95.95,2019
Scott Quessenberry,C,LAC,11,54.6,0,10,11,1,396,60.7,0,6,6,0,184,97.22,96.74,2019
Zack Martin,G,DAL,16,90.8,3,16,19,0,680,84.7,3,14,17,0,340,97.21,95.0,2019
Frank Ragnow,C,DET,15,70.2,2,14,18,2,635,60.1,2,11,14,1,279,97.17,94.98,2019
Ron Leary,G,DEN,12,74.7,4,8,13,1,450,76.2,2,6,9,1,219,97.11,95.89,2019
Mitchell Schwartz,T,KC,16,81.2,5,15,20,0,692,73.2,5,11,16,0,261,97.11,93.87,2019
James Daniels,C,CHI,16,72.6,4,15,20,1,692,71.1,3,9,12,0,302,97.11,96.03,2019
Andrew Wylie,G,KC,11,78.4,4,8,14,2,479,64.7,2,6,9,1,172,97.08,94.77,2019
Daniel Kilgore,C,MIA,13,72.7,4,12,19,3,631,67.1,2,8,12,2,306,96.99,96.08,2019
Ali Marpet,G,TB,16,80.6,8,13,23,2,751,73.1,6,11,19,2,373,96.94,94.91,2019
Brandon Brooks,G,PHI,16,85.4,5,13,20,2,647,75.7,4,9,14,1,240,96.91,94.17,2019
Chase Roullier,C,WAS,14,71.5,1,12,16,3,517,61.4,1,10,14,3,235,96.91,94.04,2019
Justin Pugh,G,ARZ,16,82.2,2,15,21,4,665,73.4,2,11,16,3,226,96.84,92.92,2019
Austin Corbett,G,LA,8,61.6,1,9,11,1,348,40.9,0,8,9,1,140,96.84,93.57,2019
Weston Richburg,C,SF,13,75.1,1,12,14,1,440,68.7,1,7,9,1,152,96.82,94.08,2019
Ryan Ramczyk,T,NO,16,82.3,1,19,21,1,659,74.9,1,15,17,1,285,96.81,94.04,2019
Kevin Zeitler,G,NYG,15,75.0,3,16,22,3,686,67.4,2,12,17,3,354,96.79,95.2,2019
Martinas Rankin,T,KC,5,57.9,1,4,6,1,186,48.6,0,3,4,1,63,96.77,93.65,2019
Ryan Kalil,C,NYJ,7,68.2,1,6,7,0,216,66.1,1,4,5,0,86,96.76,94.19,2019
Corey Linsley,C,GB,16,71.3,2,13,20,5,607,63.2,0,5,9,4,237,96.71,96.2,2019
Quenton Nelson,G,IND,16,82.8,2,18,20,0,603,81.5,1,13,14,0,263,96.68,94.68,2019
Trent Brown,T,OAK,11,77.8,1,9,11,1,326,72.6,1,6,8,1,151,96.63,94.7,2019
Travis Frederick,C,DAL,16,62.7,8,14,23,1,680,55.1,5,11,17,1,340,96.62,95.0,2019
Laurent Duvernay-Tardif,G,KC,14,70.5,1,17,20,2,592,69.0,0,9,11,2,233,96.62,95.28,2019
Laremy Tunsil,T,HST,14,89.0,0,17,20,3,588,84.9,0,10,12,2,238,96.6,94.96,2019
Jake Matthews,T,ATL,16,84.9,3,17,28,8,808,78.8,2,13,21,6,392,96.53,94.64,2019
David Edwards,G,LA,10,51.6,4,10,15,1,428,33.5,4,7,12,1,169,96.5,92.9,2019
Ryan Kelly,C,IND,16,70.4,5,15,21,1,591,70.9,1,8,10,1,254,96.45,96.06,2019
Jon Feliciano,G,BUF,16,66.6,4,12,20,4,562,62.9,3,9,14,2,255,96.44,94.51,2019
Elgton Jenkins,G,GB,15,73.6,1,21,22,0,616,66.7,1,10,11,0,246,96.43,95.53,2019
Joey Hunt,G,SEA,10,62.2,1,9,13,3,362,53.3,1,6,8,1,153,96.41,94.77,2019
Alex Mack,C,ATL,16,76.3,8,19,29,2,803,60.4,8,15,25,2,390,96.39,93.59,2019
Gabe Jackson,G,OAK,11,75.6,1,9,15,5,412,64.1,0,9,13,4,206,96.36,93.69,2019
Maurkice Pouncey,C,PIT,13,57.7,4,14,18,0,489,43.1,4,11,15,0,257,96.32,94.16,2019
Brian O'Neill,T,MIN,15,72.4,5,13,19,1,514,59.7,3,10,13,0,175,96.3,92.57,2019
Orlando Brown Jr.,T,BLT,16,82.5,2,15,20,3,537,78.5,0,9,11,2,216,96.28,94.91,2019
Rodger Saffold,G,TEN,16,75.7,2,12,20,6,538,72.5,2,8,15,5,242,96.28,93.8,2019
Dalton Risner,G,DEN,16,69.8,5,14,22,3,590,64.2,2,12,17,3,271,96.27,93.73,2019
Jason Peters,T,PHI,13,87.3,4,14,21,3,562,76.5,3,9,14,2,206,96.26,93.2,2019
Trey Hopkins,C,CIN,16,71.5,3,20,27,4,720,62.6,3,14,19,2,329,96.25,94.22,2019
Terron Armstead,T,NO,15,85.0,7,15,22,0,583,85.0,3,9,12,0,257,96.23,95.33,2019
Duane Brown,T,SEA,12,76.3,2,14,17,1,451,71.6,2,8,10,0,162,96.23,93.83,2019
Michael Schofield III,G,LAC,16,76.9,7,18,26,1,688,74.6,4,11,16,1,329,96.22,95.14,2019
Andrew Norwell,G,JAX,16,74.2,5,20,28,3,736,70.1,5,15,22,2,377,96.2,94.16,2019
Greg Van Roten,G,CAR,11,74.3,3,13,17,1,446,81.8,2,6,8,0,186,96.19,95.7,2019
Patrick Mekari,G,BLT,9,66.8,3,4,7,0,183,57.1,2,2,4,0,69,96.17,94.2,2019
Daniel Brunskill,T,SF,8,80.9,0,7,9,2,233,80.9,0,5,6,1,88,96.14,93.18,2019
Mike Iupati,G,SEA,16,60.1,2,17,24,5,616,45.0,1,12,17,4,241,96.1,92.95,2019
Taylor Moton,T,CAR,16,79.0,3,21,29,5,736,74.5,3,15,23,5,309,96.06,92.56,2019
John Miller,G,CIN,13,58.2,3,14,19,2,482,47.6,2,13,17,2,221,96.06,92.31,2019
David DeCastro,G,PIT,16,82.7,0,22,24,2,606,78.9,0,19,20,1,330,96.04,93.94,2019
Joe Dahl,G,DET,13,73.0,3,14,20,3,503,63.1,1,11,14,2,213,96.02,93.43,2019
Justin Britt,C,SEA,8,45.7,4,6,12,2,299,46.0,1,2,4,1,105,95.99,96.19,2019
Cornelius Lucas,T,CHI,12,74.9,1,10,12,1,297,68.3,1,5,7,1,122,95.96,94.26,2019
Jon Halapio,C,NYG,15,56.1,10,15,27,2,661,48.6,7,12,21,2,328,95.92,93.6,2019
Andrew Whitworth,T,LA,16,84.7,3,25,29,1,710,76.6,1,21,23,1,306,95.92,92.48,2019
Ereck Flowers,G,WAS,16,69.0,2,20,24,2,588,62.9,1,15,17,1,273,95.92,93.77,2019
Matt Feiler,T,PIT,16,80.7,2,19,25,4,606,74.5,2,15,21,4,330,95.87,93.64,2019
Will Hernandez,G,NYG,16,72.5,6,23,31,2,728,75.6,4,13,18,1,368,95.74,95.11,2019
Kenny Wiggins,G,DET,14,63.4,1,9,12,2,281,54.0,1,7,9,1,116,95.73,92.24,2019
Bradley Bozeman,G,BLT,16,55.8,3,16,23,4,537,37.0,3,13,19,3,216,95.72,91.2,2019
La'el Collins,T,DAL,15,75.2,4,20,26,2,601,67.6,3,15,20,2,291,95.67,93.13,2019
J.R. Sweezy,G,ARZ,16,71.0,1,26,28,1,647,54.1,1,19,21,1,223,95.67,90.58,2019
D.J. Humphries,T,ARZ,16,76.3,1,27,30,2,677,73.1,1,12,15,2,230,95.57,93.48,2019
D.J. Fluker,G,SEA,14,61.4,2,15,23,6,518,46.3,1,13,18,4,204,95.56,91.18,2019
Graham Glasgow,G,DET,15,69.0,5,20,25,0,559,55.4,4,15,19,0,252,95.53,92.46,2019
Quinton Spain,G,BUF,16,70.4,5,24,29,0,633,60.6,4,18,22,0,285,95.42,92.28,2019
Bryan Bulaga,T,GB,16,73.1,4,18,26,4,568,74.0,3,11,16,2,222,95.42,92.79,2019
Justin Murray,T,ARZ,14,67.3,1,20,25,4,537,64.2,1,10,13,2,173,95.34,92.49,2019
Alex Lewis,G,NYJ,12,68.5,5,15,22,2,472,49.1,5,13,19,1,223,95.34,91.48,2019
Dion Dawkins,T,BUF,16,76.4,3,21,28,4,599,62.9,2,16,22,4,273,95.33,91.94,2019
Max Scharping,G,HST,14,72.8,3,22,28,3,600,70.7,0,12,15,3,237,95.33,93.67,2019
Jason Kelce,C,PHI,16,70.6,4,28,34,2,723,67.5,1,16,18,1,269,95.3,93.31,2019
Nick Gates,G,NYG,10,71.5,2,6,9,1,191,71.3,2,4,7,1,97,95.29,92.78,2019
Zach Fulton,G,HST,15,73.9,1,26,28,1,593,59.6,1,21,22,0,230,95.28,90.43,2019
Jamon Brown,G,ATL,10,57.7,5,14,19,0,402,50.9,4,9,13,0,185,95.27,92.97,2019
Shaq Mason,G,NE,15,72.4,3,26,31,2,654,66.1,3,15,19,1,262,95.26,92.75,2019
Wyatt Teller,G,CLV,11,68.6,3,12,16,1,337,64.7,2,8,10,0,128,95.25,92.19,2019
Laken Tomlinson,G,SF,16,69.3,4,20,27,3,567,53.7,2,15,19,2,195,95.24,90.26,2019
Isaiah Wynn,T,NE,8,75.0,3,9,14,2,294,69.4,1,8,11,2,139,95.24,92.09,2019
Eric Fisher,T,KC,8,74.2,4,9,14,1,291,65.2,3,8,12,1,119,95.19,89.92,2019
Jonotthan Harrison,C,NYJ,12,56.3,5,15,20,0,416,57.5,4,9,13,0,208,95.19,93.75,2019
Earl Watford,G,TB,9,79.4,2,8,10,0,208,68.7,1,8,9,0,92,95.19,90.22,2019
Trai Turner,G,CAR,13,65.1,4,20,30,6,618,48.1,2,17,23,4,256,95.15,91.02,2019
Andrus Peat,G,NO,10,57.6,2,12,17,3,350,46.3,1,9,13,3,146,95.14,91.1,2019
Connor Williams,G,DAL,11,63.0,4,16,21,1,426,53.2,2,11,14,1,192,95.07,92.71,2019
Larry Warford,G,NO,15,70.5,6,22,30,2,605,56.3,4,15,20,1,268,95.04,92.54,2019
Garrett Bradbury,C,MIN,16,38.7,2,20,26,4,524,37.7,1,10,13,2,178,95.04,92.7,2019
Donovan Smith,T,TB,15,76.7,7,22,35,6,702,65.4,3,17,26,6,351,95.01,92.59,2019
Greg Robinson,T,CLV,14,68.2,5,17,27,5,535,64.2,3,9,16,4,208,94.95,92.31,2019
Mike McGlinchey,T,SF,12,70.5,2,15,22,5,436,61.9,1,10,14,3,149,94.95,90.6,2019
Lane Johnson,T,PHI,12,76.6,4,18,23,1,454,72.5,2,10,13,1,173,94.93,92.49,2019
Garett Bolles,T,DEN,16,77.9,4,23,31,4,609,78.8,3,17,23,3,275,94.91,91.64,2019
David Bakhtiari,T,GB,16,89.1,7,26,35,2,684,78.8,4,21,27,2,269,94.88,89.96,2019
Demar Dotson,T,TB,15,72.2,3,27,35,5,676,71.1,1,17,22,4,332,94.82,93.37,2019
Dennis Kelly,T,TEN,11,75.2,3,5,10,2,193,73.0,0,3,4,1,90,94.82,95.56,2019
Bobby Massie,T,CHI,10,66.1,4,15,21,2,404,59.6,1,12,15,2,180,94.8,91.67,2019
Taylor Decker,T,DET,15,76.3,4,24,34,6,653,72.9,3,16,24,5,291,94.79,91.75,2019
Riley Reiff,T,MIN,15,73.2,4,16,25,5,473,59.3,1,9,15,5,156,94.71,90.38,2019
Nick Easton,G,NO,7,50.7,3,9,13,1,245,59.1,1,4,6,1,101,94.69,94.06,2019
Ty Nsekhe,T,BUF,10,71.1,3,9,12,0,226,66.5,3,4,7,0,102,94.69,93.14,2019
Bobby Hart,T,CIN,16,68.7,3,29,38,6,715,65.8,1,22,27,4,326,94.69,91.72,2019
Deion Calhoun,G,MIA,9,44.0,3,13,18,2,332,49.6,2,9,12,1,156,94.58,92.31,2019
Nate Davis,G,TEN,13,44.5,4,11,22,7,406,23.4,3,8,18,7,176,94.58,89.77,2019
Mike Pouncey,C,LAC,5,60.6,2,9,11,0,202,57.0,1,5,6,0,97,94.55,93.81,2019
Marcus Cannon,T,NE,15,67.5,4,24,34,6,623,64.7,3,15,22,4,248,94.54,91.13,2019
Anthony Castonzo,T,IND,16,84.4,5,26,34,3,621,79.7,4,18,24,2,271,94.52,91.14,2019
Josh Kline,G,MIN,13,62.5,2,17,21,2,381,53.3,1,11,12,0,128,94.49,90.62,2019
Alex Cappa,G,TB,13,59.4,6,21,31,4,562,52.6,4,14,21,3,281,94.48,92.53,2019
Jack Conklin,T,TEN,16,72.3,4,22,30,4,541,63.1,4,19,26,3,239,94.45,89.12,2019
Wes Schweitzer,G,ATL,13,58.0,8,18,28,2,504,47.9,4,14,20,2,246,94.44,91.87,2019
Jawaan Taylor,T,JAX,16,69.0,4,28,41,9,735,60.9,2,27,36,7,376,94.42,90.43,2019
Jamarco Jones,G,SEA,10,35.4,3,5,10,2,179,42.9,0,3,5,2,75,94.41,93.33,2019
Tyron Smith,T,DAL,13,78.0,6,23,30,1,531,72.9,3,16,19,0,256,94.35,92.58,2019
Isaac Seumalo,G,PHI,16,69.0,5,31,41,5,723,63.2,2,20,25,3,268,94.33,90.67,2019
Kelvin Beachum,T,NYJ,13,72.7,3,21,28,4,489,71.0,1,10,15,4,231,94.27,93.51,2019
Brian Allen,C,LA,9,45.4,4,16,21,1,364,46.8,2,11,13,0,166,94.23,92.17,2019
Charles Leno Jr.,T,CHI,16,71.6,8,27,40,5,691,56.5,6,19,29,4,302,94.21,90.4,2019
Evan Boehm,G,MIA,11,45.0,9,14,24,1,413,31.6,6,10,17,1,192,94.19,91.15,2019
Cordy Glenn,T,CIN,5,76.9,1,5,10,4,171,72.2,1,4,8,3,91,94.15,91.21,2019
Austin Blythe,C,LA,15,54.0,2,34,38,2,649,36.8,1,24,27,2,286,94.14,90.56,2019
Rashaad Coward,G,CHI,11,38.0,3,21,25,1,424,23.2,1,14,16,1,180,94.1,91.11,2019
Alejandro Villanueva,T,PIT,16,80.4,6,28,36,2,606,74.0,3,19,23,1,330,94.06,93.03,2019
A.J. Cann,G,JAX,16,50.6,1,27,31,3,519,46.6,1,20,23,2,261,94.03,91.19,2019
Jesse Davis,T,MIA,15,59.6,5,33,42,4,696,58.4,4,25,30,1,332,93.97,90.96,2019
Daryl Williams,T,CAR,16,64.7,2,21,35,12,570,57.9,1,11,23,11,250,93.86,90.8,2019
Donald Penn,T,WAS,16,64.1,6,22,34,6,553,59.9,2,14,21,5,259,93.85,91.89,2019
Michael Deiter,G,MIA,16,37.8,15,23,44,6,708,43.9,5,16,26,5,341,93.79,92.38,2019
Kolton Miller,T,OAK,16,68.4,3,27,37,7,588,53.9,3,22,31,6,278,93.71,88.85,2019
Michael Jordan,G,CIN,12,56.8,2,18,26,6,413,28.1,2,17,24,5,172,93.7,86.05,2019
Cameron Erving,T,KC,11,54.5,5,16,26,5,410,34.6,4,13,20,3,142,93.66,85.92,2019
Elijah Wilkinson,T,DEN,15,62.0,3,19,32,10,504,56.9,3,16,26,7,233,93.65,88.84,2019
Brian Winters,G,NYJ,9,54.6,4,16,22,2,346,56.4,1,10,12,1,147,93.64,91.84,2019
Kaleb McGary,T,ATL,16,52.8,13,23,49,13,764,44.4,8,18,39,13,377,93.59,89.66,2019
Matt Paradis,C,CAR,16,43.8,4,40,47,3,731,26.5,3,26,32,3,304,93.57,89.47,2019
Dan Feeney,G,LAC,16,57.0,8,30,43,5,669,46.5,5,19,27,3,321,93.57,91.59,2019
Roderick Johnson,T,HST,13,61.6,3,8,14,3,216,57.0,1,6,8,1,80,93.52,90.0,2019
Mike Person,G,SF,14,60.3,5,27,33,1,508,56.3,2,19,22,1,177,93.5,87.57,2019
Ramon Foster,G,PIT,14,67.0,2,27,33,4,505,57.1,1,24,29,4,279,93.47,89.61,2019
James Carpenter,G,ATL,11,46.2,4,23,31,4,473,35.0,4,19,25,2,244,93.45,89.75,2019
Billy Turner,G,GB,16,57.5,6,33,45,6,686,49.6,2,22,27,3,271,93.44,90.04,2019
Tytus Howard,T,HST,8,70.4,2,16,20,2,303,69.8,1,11,14,2,124,93.4,88.71,2019
Pat Elflein,G,MIN,15,51.3,3,23,32,6,481,27.3,3,15,21,3,162,93.35,87.04,2019
Chris Hubbard,T,CLV,14,61.9,3,29,38,6,566,54.6,2,20,25,3,231,93.29,89.18,2019
Jamil Douglas,G,TEN,7,45.3,6,7,16,3,238,34.1,5,5,12,2,119,93.28,89.92,2019
Mark Glowinski,G,IND,16,56.9,13,26,42,3,621,41.2,12,18,33,3,271,93.24,87.82,2019
Morgan Moses,T,WAS,16,69.5,7,25,37,5,542,61.0,4,21,29,4,246,93.17,88.21,2019
Chris Lindstrom,G,ATL,5,63.0,4,10,14,0,204,52.3,4,8,12,0,94,93.14,87.23,2019
Joe Noteboom,G,LA,6,51.3,2,16,18,0,256,41.2,1,13,14,0,119,92.97,88.24,2019
Mike Remmers,T,NYG,14,68.8,3,34,41,4,581,63.2,3,29,34,2,285,92.94,88.07,2019
Rick Wagner,T,DET,12,59.4,4,25,33,4,467,54.5,3,14,20,3,199,92.93,89.95,2019
Eric Kush,G,CLV,7,51.3,0,18,20,2,282,25.1,0,15,17,2,117,92.91,85.47,2019
Billy Price,G,CIN,11,26.1,5,21,29,3,403,26.3,4,15,21,2,201,92.8,89.55,2019
Halapoulivaati Vaitai,G,PHI,13,62.1,8,11,21,2,291,52.3,5,7,13,1,102,92.78,87.25,2019
Marshall Newhouse,T,NE,12,61.9,8,18,32,6,441,49.8,4,11,20,5,158,92.74,87.34,2019
Cody Ford,T,BUF,15,57.7,1,23,31,7,423,45.7,0,17,22,5,193,92.67,88.6,2019
Braden Smith,T,IND,16,68.1,9,30,46,7,620,60.8,5,24,35,6,270,92.58,87.04,2019
Germain Ifedi,T,SEA,16,60.3,6,38,50,6,660,51.8,6,25,36,5,258,92.42,86.05,2019
Cam Robinson,T,JAX,14,63.8,5,32,45,8,593,51.7,3,26,37,8,305,92.41,87.87,2019
Will Richardson Jr.,G,JAX,14,43.1,2,18,23,3,303,26.3,2,16,21,3,164,92.41,87.2,2019
Sam Tevi,T,LAC,14,58.0,11,21,40,8,520,55.2,5,12,22,5,249,92.31,91.16,2019
Bobby Evans,T,LA,7,52.8,6,16,23,1,296,42.0,5,11,17,1,109,92.23,84.4,2019
Tom Compton,G,NYJ,7,52.5,1,13,17,3,217,55.0,1,5,9,3,110,92.17,91.82,2019
Julie'n Davenport,T,MIA,8,61.5,9,16,31,6,389,51.9,7,10,22,5,182,92.03,87.91,2019
Justin McCray,T,CLV,12,40.1,1,12,16,3,198,21.1,1,9,13,3,94,91.92,86.17,2019
Chuma Edoga,T,NYJ,8,53.8,4,12,22,6,270,51.3,4,5,13,4,120,91.85,89.17,2019
Nate Solder,T,NYG,16,66.5,9,36,56,11,684,57.2,7,28,44,9,343,91.81,87.17,2019
Tyrell Crosby,T,DET,8,62.5,2,17,21,2,255,54.8,2,12,15,1,112,91.76,86.61,2019
Rob Havenstein,T,LA,9,51.1,4,24,33,5,397,39.0,3,19,27,5,185,91.69,85.41,2019
Wes Martin,G,WAS,5,37.0,3,12,16,1,191,23.3,3,8,12,1,97,91.62,87.63,2019
Brandon Shell,T,NYJ,14,64.7,6,30,43,7,505,60.6,4,21,30,5,237,91.49,87.34,2019
Kyle Long,G,CHI,4,52.4,2,11,14,1,164,36.6,2,8,11,1,76,91.46,85.53,2019
Justin Skule,T,SF,9,45.0,5,12,23,6,269,23.4,3,8,16,5,84,91.45,80.95,2019
John Jerry,T,CIN,9,54.9,2,17,27,8,314,44.3,2,13,22,7,141,91.4,84.4,2019
Andre Smith,T,CIN,6,58.7,1,11,15,3,169,45.5,1,9,11,1,69,91.12,84.06,2019
Dakota Dozier,G,MIN,8,47.4,4,12,18,2,201,18.0,2,9,13,2,70,91.04,81.43,2019
Trent Scott,T,LAC,16,52.3,15,26,49,8,547,36.1,12,19,37,6,270,91.04,86.3,2019
George Fant,T,SEA,16,59.0,2,16,20,2,221,66.4,1,8,10,1,82,90.95,87.8,2019
Trey Pipkins III,T,LAC,6,62.5,6,5,15,4,165,60.0,3,3,8,2,76,90.91,89.47,2019
Chris Clark,T,HST,7,56.6,3,17,22,2,227,42.6,1,13,16,2,93,90.31,82.8,2019
Dennis Daley,T,CAR,12,47.9,6,32,46,8,456,32.9,3,19,29,7,190,89.91,84.74,2019
J'Marcus Webb,T,MIA,10,32.0,6,26,39,7,372,34.4,2,16,24,6,178,89.52,86.52,2019
Andre Dillard,T,PHI,11,59.2,4,17,25,4,183,41.1,1,15,18,2,67,86.34,73.13,2019
Kevin Dotson,G,PIT,8,87.2,0,1,1,0,219,87.7,0,1,1,0,91,99.54,98.9,2020
Corey Linsley,C,GB,13,82.8,2,1,4,1,437,75.1,1,0,2,1,174,99.08,98.85,2020
J.C. Tretter,C,CLV,16,84.9,0,5,6,1,583,75.2,0,4,4,0,236,98.97,98.31,2020
Brandon Linder,C,JAX,9,87.6,0,3,4,1,357,81.4,0,2,3,1,173,98.88,98.27,2020
Austin Reiter,C,KC,14,78.3,0,7,7,0,595,76.5,0,4,4,0,238,98.82,98.32,2020
James Hurst,T,NO,12,84.1,0,0,2,2,154,73.6,0,0,2,2,59,98.7,96.61,2020
Frank Ragnow,C,DET,14,74.8,1,8,9,0,609,62.7,1,5,6,0,257,98.52,97.67,2020
Ted Karras,C,MIA,16,71.2,1,8,11,2,667,69.3,1,5,7,1,269,98.35,97.4,2020
Andrew Whitworth,T,LA,9,90.5,0,6,6,0,340,81.7,0,4,4,0,111,98.24,96.4,2020
Ben Jones,C,TEN,16,71.1,2,8,10,0,555,57.5,1,5,6,0,192,98.2,96.88,2020
Ali Marpet,G,TB,13,75.5,7,3,10,0,550,68.3,4,3,7,0,247,98.18,97.17,2020
Alex Bars,G,CHI,10,61.2,0,6,7,1,361,54.3,0,3,4,1,117,98.06,96.58,2020
Ben Garland,C,SF,5,65.7,3,1,4,0,201,59.3,2,0,2,0,82,98.01,97.56,2020
Lane Johnson,T,PHI,7,83.1,2,2,5,1,251,80.7,1,2,3,0,105,98.01,97.14,2020
Trey Hopkins,C,CIN,15,64.3,1,10,12,1,600,65.8,0,7,8,1,249,98.0,96.79,2020
David Bakhtiari,T,GB,12,91.6,0,8,9,1,446,83.0,0,7,8,1,163,97.98,95.09,2020
Garett Bolles,T,DEN,15,88.7,8,5,13,0,622,83.6,6,4,10,0,318,97.91,96.86,2020
Ryan Kelly,C,IND,15,65.1,3,7,12,2,558,56.3,1,6,9,2,240,97.85,96.25,2020
Chase Roullier,C,WAS,16,84.3,3,11,15,1,699,78.7,2,7,10,1,280,97.85,96.43,2020
Kelechi Osemele,G,KC,5,66.8,0,4,4,0,184,53.7,0,3,3,0,74,97.83,95.95,2020
Rodney Hudson,C,LV,16,71.7,1,12,14,1,646,76.0,1,6,8,1,316,97.83,97.47,2020
Elgton Jenkins,G,GB,16,76.6,2,11,14,1,608,76.7,2,8,11,1,230,97.7,95.22,2020
Erik McCoy,C,NO,16,61.0,2,11,14,1,597,59.1,2,6,9,1,261,97.65,96.55,2020
J.C. Hassenauer,C,PIT,6,68.0,1,4,5,0,208,59.3,1,3,4,0,89,97.6,95.51,2020
Quenton Nelson,G,IND,16,80.4,5,9,15,1,612,70.9,4,8,13,1,272,97.55,95.22,2020
Justin Pugh,G,ARZ,15,74.4,2,12,15,1,593,62.3,1,9,11,1,206,97.47,94.66,2020
Nick Gates,C,NYG,16,63.1,1,15,16,0,633,67.7,1,8,9,0,259,97.47,96.53,2020
Oday Aboushi,G,DET,12,65.3,2,8,11,1,426,61.1,1,5,7,1,176,97.42,96.02,2020
Jason Kelce,C,PHI,16,62.0,3,13,20,4,756,66.9,0,9,12,3,363,97.35,96.69,2020
Jack Conklin,T,CLV,15,82.5,2,11,15,2,556,78.2,1,9,11,1,224,97.3,95.09,2020
Andrew Norwell,G,JAX,13,80.3,0,12,15,3,550,77.4,0,8,11,3,248,97.27,95.56,2020
Maurkice Pouncey,C,PIT,13,64.8,4,11,16,1,566,68.1,4,6,11,1,217,97.17,94.93,2020
David DeCastro,G,PIT,13,79.5,2,15,17,0,591,74.8,2,10,12,0,241,97.12,95.02,2020
Mike Onwenu,T,NE,16,72.5,1,10,14,3,486,70.2,0,8,11,3,196,97.12,94.39,2020
Lucas Patrick,G,GB,16,61.5,0,13,16,3,556,58.7,0,9,11,2,217,97.12,94.93,2020
Taylor Moton,T,CAR,16,77.9,0,16,19,3,657,75.4,0,7,10,3,254,97.11,96.06,2020
Patrick Mekari,C,BLT,13,86.5,1,4,8,3,275,79.7,1,3,6,2,109,97.09,94.5,2020
Matt Paradis,C,CAR,16,65.4,3,13,19,3,654,65.7,2,5,9,2,252,97.09,96.43,2020
Joel Bitonio,G,CLV,16,85.5,4,12,17,1,583,80.5,2,9,12,1,236,97.08,94.92,2020
Matt Feiler,G,PIT,13,69.6,4,10,16,2,548,54.1,4,7,13,2,201,97.08,93.53,2020
Ethan Pocic,C,SEA,14,60.5,3,13,18,2,607,59.8,1,7,9,1,247,97.03,96.36,2020
Matt Skura,C,BLT,13,50.2,4,5,10,1,334,26.4,4,2,7,1,135,97.01,94.81,2020
Justin Murray,G,ARZ,12,73.7,2,9,11,0,362,70.3,0,4,4,0,113,96.96,96.46,2020
Terron Armstead,T,NO,14,87.1,7,5,15,3,492,81.2,3,3,8,2,221,96.95,96.38,2020
Daryl Williams,T,BUF,16,80.0,1,17,21,3,684,72.2,0,14,17,3,282,96.93,93.97,2020
Tristan Wirfs,T,TB,16,81.0,7,14,22,1,702,76.4,4,10,15,1,317,96.87,95.27,2020
Sam Mustipher,C,CHI,8,55.2,1,8,10,1,312,38.2,1,5,7,1,106,96.79,93.4,2020
Xavier Su'a-Filo,G,CIN,6,74.8,1,3,5,1,155,72.0,0,2,3,1,53,96.77,94.34,2020
David Andrews,C,NE,12,56.4,0,10,12,2,370,63.4,0,2,3,1,140,96.76,97.86,2020
Joe Looney,C,DAL,11,50.6,3,10,16,3,490,39.6,3,8,14,3,207,96.73,93.24,2020
Zack Martin,G,DAL,10,73.9,2,10,13,1,397,72.3,1,6,8,1,175,96.73,95.43,2020
J.R. Sweezy,G,ARZ,11,52.5,0,12,13,1,396,55.0,0,6,7,1,144,96.72,95.14,2020
Ryan Jensen,C,TB,16,47.7,4,15,23,4,700,31.7,3,13,20,4,317,96.71,93.69,2020
Mitchell Schwartz,T,KC,6,78.6,1,5,8,2,242,78.9,0,2,3,1,109,96.69,97.25,2020
A.J. Cann,G,JAX,15,73.8,3,16,21,2,634,65.9,1,14,15,0,289,96.69,94.81,2020
D.J. Humphries,T,ARZ,16,79.9,2,18,23,3,695,83.7,0,6,8,2,237,96.69,96.62,2020
Graham Glasgow,G,DEN,13,65.8,1,13,15,1,452,56.7,1,10,12,1,237,96.68,94.94,2020
Tyler Shatley,C,JAX,12,69.6,1,12,15,2,451,60.8,1,10,13,2,213,96.67,93.9,2020
Joe Thuney,G,NE,16,73.1,2,13,17,2,511,54.1,1,10,11,0,195,96.67,94.36,2020
Nick Martin,C,HST,16,74.0,2,20,23,1,689,72.1,2,8,11,1,322,96.66,96.58,2020
Chris Reed,G,CAR,14,54.5,2,16,19,1,567,54.7,1,10,12,1,215,96.65,94.42,2020
Laremy Tunsil,T,HST,14,85.8,1,16,19,2,562,86.9,1,11,13,1,273,96.62,95.24,2020
Trent Williams,T,SF,14,84.8,4,11,19,4,562,72.0,3,10,15,2,229,96.62,93.45,2020
Ben Powers,G,BLT,10,66.8,0,8,8,0,236,52.3,0,7,7,0,85,96.61,91.76,2020
Mitch Morse,C,BUF,13,71.6,1,17,19,1,561,64.3,1,7,9,1,229,96.61,96.07,2020
Ronnie Stanley,T,BLT,6,91.0,1,5,6,0,176,82.7,1,5,6,0,65,96.59,90.77,2020
Nate Herbig,G,PHI,14,72.1,0,19,21,2,596,58.6,0,17,19,2,285,96.48,93.33,2020
Jedrick Wills Jr.,T,CLV,15,79.4,5,9,18,4,507,70.0,4,7,13,2,197,96.45,93.4,2020
Germain Ifedi,G,CHI,16,63.7,4,19,25,2,694,66.2,2,12,16,2,245,96.4,93.47,2020
Kelvin Beachum,T,ARZ,16,76.8,3,19,25,3,693,76.4,0,9,10,1,236,96.39,95.76,2020
Austin Corbett,G,LA,16,60.0,6,17,24,1,661,50.1,2,13,15,0,224,96.37,93.3,2020
David Edwards,G,LA,15,63.6,6,13,22,3,605,40.8,4,11,17,2,212,96.36,91.98,2020
Max Scharping,G,HST,10,60.7,1,10,12,1,330,50.8,1,9,11,1,143,96.36,92.31,2020
Bradley Bozeman,G,BLT,16,62.5,1,16,19,2,513,43.7,1,13,16,2,197,96.3,91.88,2020
Riley Reiff,T,MIN,15,74.9,7,13,21,1,567,69.9,4,6,11,1,202,96.3,94.55,2020
Ereck Flowers,G,MIA,14,73.8,3,12,20,5,539,69.5,2,8,13,3,217,96.29,94.01,2020
Solomon Kindley,G,MIA,13,54.1,2,11,17,4,448,39.7,0,7,11,4,178,96.21,93.82,2020
Chukwuma Okorafor,T,PIT,15,63.1,5,18,26,3,682,54.4,4,16,22,2,269,96.19,91.82,2020
Rodger Saffold,G,TEN,15,56.5,5,9,18,4,472,49.1,2,4,7,1,162,96.19,95.68,2020
Alex Cappa,G,TB,16,68.8,13,14,27,0,702,56.0,10,11,21,0,317,96.15,93.38,2020
Tyler Biadasz,C,DAL,7,56.0,2,8,11,1,285,60.3,1,5,6,0,130,96.14,95.38,2020
Cody Whitehair,C,CHI,14,46.5,1,18,22,3,566,49.5,1,8,12,3,191,96.11,93.72,2020
Brandon Scherff,G,WAS,13,81.1,2,16,21,3,538,73.6,1,11,13,1,212,96.1,93.87,2020
Mike Remmers,T,KC,11,76.4,2,17,19,0,485,61.8,2,13,15,0,181,96.08,91.71,2020
Alex Mack,C,ATL,14,56.4,7,17,25,1,633,49.3,6,10,17,1,279,96.05,93.91,2020
Cornelius Lucas,T,WAS,8,83.1,4,8,14,2,353,74.0,2,6,10,2,144,96.03,93.06,2020
James Daniels,G,CHI,5,54.4,3,5,8,0,201,66.0,2,2,4,0,73,96.02,94.52,2020
Chris Lindstrom,G,ATL,16,70.3,7,18,29,4,724,47.2,7,15,26,4,320,95.99,91.88,2020
Jake Matthews,T,ATL,16,84.0,6,20,29,3,724,80.7,3,12,17,2,320,95.99,94.69,2020
Connor Williams,G,DAL,16,66.6,2,24,30,4,739,59.3,2,18,22,2,323,95.94,93.19,2020
Mason Cole,C,ARZ,14,46.1,1,20,23,2,563,28.0,1,8,11,2,188,95.91,94.15,2020
Gabe Jackson,G,LV,16,69.9,2,24,26,0,634,64.8,1,19,20,0,308,95.9,93.51,2020
Rob Havenstein,T,LA,16,71.8,5,18,27,4,658,60.3,3,12,18,3,222,95.9,91.89,2020
Mike Iupati,G,SEA,10,67.2,2,10,13,1,317,51.4,1,7,9,1,128,95.9,92.97,2020
Brandon Shell,T,SEA,11,80.3,4,12,19,3,460,77.5,2,10,14,2,203,95.87,93.1,2020
Connor McGovern,G,DAL,9,58.0,2,11,16,3,383,55.5,1,10,13,2,162,95.82,91.98,2020
Wes Schweitzer,G,WAS,15,70.5,4,18,27,5,644,60.1,3,9,17,5,261,95.81,93.49,2020
Taylor Decker,T,DET,16,85.8,8,19,29,2,692,78.3,6,14,22,2,290,95.81,92.41,2020
Jordan Simmons,G,SEA,14,51.6,2,12,17,3,401,37.0,1,11,13,1,163,95.76,92.02,2020
Ryan Ramczyk,T,NO,16,75.7,2,21,25,2,589,68.4,0,17,19,2,256,95.76,92.58,2020
Wyatt Teller,G,CLV,11,62.9,0,12,15,3,354,48.4,0,10,11,1,148,95.76,92.57,2020
Chris Hubbard,G,CLV,8,78.3,2,5,7,0,164,62.9,2,4,6,0,64,95.73,90.62,2020
Brian O'Neill,T,MIN,16,69.3,3,20,26,3,605,62.8,2,14,18,2,214,95.7,91.59,2020
Trent Brown,T,LV,5,73.2,1,6,7,0,162,68.3,1,4,5,0,78,95.68,93.59,2020
Anthony Castonzo,T,IND,12,80.8,3,13,18,2,417,80.9,0,9,10,1,177,95.68,94.35,2020
Quinton Spain,G,CIN,12,44.8,6,12,19,1,437,35.6,4,7,12,1,161,95.65,92.55,2020
Austin Blythe,C,LA,16,52.5,8,17,29,4,661,29.2,7,7,17,3,224,95.61,92.41,2020
Damien Lewis,G,SEA,16,48.4,2,23,28,3,633,40.4,1,19,22,2,255,95.58,91.37,2020
Lloyd Cushenberry III,C,DEN,16,47.6,3,22,29,4,655,30.3,2,19,25,4,325,95.57,92.31,2020
Kevin Zeitler,G,NYG,16,68.7,2,24,28,2,630,59.2,1,22,25,2,258,95.56,90.31,2020
Demar Dotson,T,DEN,8,70.0,1,10,11,0,246,67.6,1,6,7,0,131,95.53,94.66,2020
Isaac Seumalo,G,PHI,9,77.4,1,13,18,4,400,72.3,1,12,15,2,202,95.5,92.57,2020
Braden Smith,T,IND,14,74.8,1,23,24,0,531,67.6,1,19,20,0,226,95.48,91.15,2020
Dan Feeney,C,LAC,16,51.5,5,24,33,4,729,35.7,3,17,23,3,283,95.47,91.87,2020
Rick Wagner,T,GB,13,78.1,1,14,16,1,352,76.4,1,11,12,0,132,95.45,90.91,2020
Nick Allegretti,G,KC,12,52.6,6,14,21,1,461,25.4,5,11,17,1,162,95.44,89.51,2020
Mark Glowinski,G,IND,16,66.4,5,21,28,2,612,57.3,4,11,17,2,272,95.42,93.75,2020
Dalton Risner,G,DEN,16,69.6,6,22,28,0,612,68.3,3,15,18,0,307,95.42,94.14,2020
John Miller,G,CAR,14,62.7,5,19,27,3,581,42.4,4,14,20,2,227,95.35,91.19,2020
Jonah Williams,T,CIN,10,75.8,6,11,20,3,429,78.0,2,7,12,3,183,95.34,93.44,2020
Dennis Kelly,T,TEN,16,60.2,11,15,26,0,558,50.4,9,8,17,0,193,95.34,91.19,2020
Alex Redmond,G,CIN,7,47.3,2,8,13,3,278,47.9,2,6,11,3,124,95.32,91.13,2020
Bryan Bulaga,T,LAC,9,65.1,1,10,13,2,276,48.4,0,8,9,1,111,95.29,91.89,2020
Tyrell Crosby,T,DET,12,68.1,1,14,20,5,424,59.8,0,11,16,5,181,95.28,91.16,2020
Garrett Bradbury,C,MIN,16,38.8,7,17,29,5,613,28.8,2,14,20,4,217,95.27,90.78,2020
Isaiah Wynn,T,NE,10,75.2,4,9,16,3,337,66.3,4,3,10,3,123,95.25,91.87,2020
Billy Turner,T,GB,14,68.4,5,18,25,2,524,56.6,4,15,21,2,197,95.23,89.34,2020
Andrus Peat,G,NO,13,58.8,7,11,22,4,461,54.1,4,8,12,0,209,95.23,94.26,2020
Daniel Brunskill,C,SF,16,49.2,7,20,31,4,646,39.8,3,9,16,4,262,95.2,93.89,2020
Eric Fisher,T,KC,15,76.1,8,23,34,3,702,66.8,6,16,24,2,271,95.16,91.14,2020
Dion Dawkins,T,BUF,16,74.7,4,23,33,6,674,74.5,1,10,14,3,274,95.1,94.89,2020
James Carpenter,G,ATL,13,61.9,5,18,26,3,529,59.7,3,12,18,3,229,95.09,92.14,2020
Duane Brown,T,SEA,16,84.0,5,27,34,2,693,84.5,3,15,19,1,287,95.09,93.38,2020
Cameron Erving,T,DAL,5,69.2,1,6,8,1,162,67.8,0,6,7,1,75,95.06,90.67,2020
Ben Bartch,G,JAX,5,51.2,3,5,8,0,162,40.4,3,5,8,0,91,95.06,91.21,2020
Greg Van Roten,G,NYJ,13,71.5,2,19,24,3,482,64.5,1,12,15,2,233,95.02,93.56,2020
Russell Okung,T,CAR,7,80.0,1,9,13,3,260,59.7,1,8,12,3,97,95.0,87.63,2020
Denzelle Good,G,LV,15,51.4,7,20,29,2,571,41.2,5,12,19,2,275,94.92,93.09,2020
Laken Tomlinson,G,SF,16,62.2,14,16,33,3,646,48.4,9,13,25,3,261,94.89,90.42,2020
Bobby Massie,T,CHI,8,70.8,3,10,16,3,313,60.8,3,7,12,2,117,94.89,89.74,2020
Robert Hunt,T,MIA,13,65.2,5,15,23,3,449,61.5,3,11,15,1,183,94.88,91.8,2020
Senio Kelemete,G,HST,9,62.7,2,11,13,0,253,50.4,2,7,9,0,122,94.86,92.62,2020
Jesse Davis,T,MIA,16,62.1,10,23,34,1,657,51.1,8,18,27,1,264,94.82,89.77,2020
Andrew Wylie,G,KC,14,57.1,8,24,34,2,653,43.3,4,19,24,1,254,94.79,90.55,2020
Forrest Lamp,G,LAC,16,60.7,14,22,38,2,729,40.0,8,17,27,2,283,94.79,90.46,2020
Sam Tevi,T,LAC,14,59.0,9,22,33,2,630,57.7,4,11,17,2,237,94.76,92.83,2020
Matt Nelson,T,DET,8,52.3,2,6,8,0,152,65.0,0,5,5,0,56,94.74,91.07,2020
Kolton Miller,T,LV,14,81.3,5,24,31,2,589,75.7,5,16,23,2,285,94.74,91.93,2020
Halapoulivaati Vaitai,G,DET,10,53.3,3,6,15,6,284,32.4,2,6,13,5,116,94.72,88.79,2020
Jonah Jackson,G,DET,16,51.2,5,25,35,5,661,33.9,4,20,27,3,276,94.7,90.22,2020
Kaleb McGary,T,ATL,14,58.5,9,17,30,4,566,60.0,5,12,21,4,249,94.7,91.57,2020
Nate Davis,G,TEN,16,52.6,10,19,30,1,561,33.6,8,16,24,0,195,94.65,87.69,2020
Orlando Brown Jr.,T,BLT,16,76.7,1,24,28,3,514,75.1,1,17,20,2,198,94.55,89.9,2020
Jermaine Eluemunor,T,NE,10,70.3,1,7,11,3,201,69.1,1,4,5,0,72,94.53,93.06,2020
Shaq Mason,G,NE,13,60.5,1,18,22,3,400,50.6,1,9,12,2,153,94.5,92.16,2020
Donovan Smith,T,TB,15,69.2,8,21,35,6,634,65.2,4,14,22,4,300,94.48,92.67,2020
Morgan Moses,T,WAS,16,70.8,13,20,38,5,688,61.2,9,12,25,4,274,94.48,90.88,2020
Trai Turner,G,LAC,9,51.3,2,16,19,1,343,51.3,0,9,10,1,137,94.46,92.7,2020
Connor McGovern,C,NYJ,16,42.7,5,22,33,6,596,32.7,2,17,22,3,279,94.46,92.11,2020
Mekhi Becton,T,NYJ,14,76.0,1,15,23,7,412,72.0,1,11,17,5,178,94.42,90.45,2020
Joe Noteboom,T,LA,10,76.7,11,8,21,2,376,65.6,8,3,13,2,125,94.41,89.6,2020
Cole Toner,G,LAC,8,58.3,2,8,10,0,176,56.3,1,6,7,0,73,94.32,90.41,2020
Elijah Wilkinson,T,DEN,8,52.8,1,15,18,2,315,38.0,1,13,16,2,150,94.29,89.33,2020
Mike McGlinchey,T,SF,16,58.3,11,21,37,5,647,47.0,6,13,22,3,261,94.28,91.57,2020
Zach Fulton,G,HST,16,62.1,1,27,39,11,669,44.9,1,20,31,10,312,94.17,90.06,2020
Alejandro Villanueva,T,PIT,16,77.1,13,27,43,3,724,59.8,9,20,31,2,285,94.06,89.12,2020
Joe Dahl,G,DET,5,45.2,2,7,11,2,182,42.1,2,5,8,1,84,93.96,90.48,2020
Nick Easton,G,NO,12,44.7,4,12,18,2,298,15.0,4,9,14,1,120,93.96,88.33,2020
Cam Robinson,T,JAX,16,66.4,6,29,40,5,662,51.8,5,20,30,5,307,93.96,90.23,2020
Cody Ford,G,BUF,7,48.4,1,14,15,0,248,21.0,1,10,11,0,89,93.95,87.64,2020
Charles Leno Jr.,T,CHI,16,69.4,7,30,42,5,694,60.6,4,17,24,3,245,93.95,90.2,2020
Cam Fleming,T,NYG,16,56.5,4,25,35,6,572,53.2,2,16,23,5,230,93.88,90.0,2020
Ty Sambrailo,T,TEN,9,57.9,4,6,14,4,225,52.7,1,3,8,4,81,93.78,90.12,2020
Cesar Ruiz,G,NO,13,43.4,4,21,25,0,401,31.5,3,14,17,0,175,93.77,90.29,2020
Jon Feliciano,G,BUF,9,49.4,2,21,23,0,369,41.0,1,14,15,0,153,93.77,90.2,2020
Ryan Groy,G,LAC,4,54.2,3,8,11,0,176,43.5,1,6,7,0,59,93.75,88.14,2020
Jordan Mailata,T,PHI,13,67.8,7,18,32,7,503,63.2,6,13,23,4,258,93.64,91.09,2020
Ike Boettger,G,BUF,11,52.3,3,23,26,0,408,48.0,1,13,14,0,188,93.63,92.55,2020
Ezra Cleveland,G,MIN,9,52.0,8,10,23,5,361,33.2,5,7,16,4,126,93.63,87.3,2020
George Fant,T,NYJ,14,61.8,6,24,33,3,507,60.1,5,15,23,3,236,93.49,90.25,2020
Trent Scott,T,CAR,10,57.0,2,10,14,2,213,38.6,2,7,11,2,86,93.43,87.21,2020
Brandon Parker,T,LV,8,55.3,2,10,13,1,197,53.4,0,9,10,1,100,93.4,90.0,2020
Justin Herron,T,NE,11,60.0,1,7,13,5,194,40.6,1,6,11,4,79,93.3,86.08,2020
Matt Pryor,G,PHI,12,58.1,8,21,35,6,522,43.0,6,16,26,4,237,93.3,89.03,2020
Fred Johnson,T,CIN,10,47.4,5,13,20,2,293,29.0,2,10,14,2,119,93.17,88.24,2020
Brian Winters,G,BUF,14,51.9,8,16,27,3,395,32.8,4,14,21,3,164,93.16,87.2,2020
Alex Lewis,G,NYJ,9,55.6,8,16,24,0,349,42.5,5,13,18,0,171,93.12,89.47,2020
Wes Martin,G,WAS,7,45.8,2,9,15,4,216,23.7,2,7,12,3,87,93.06,86.21,2020
Colton McKivitz,G,SF,9,49.9,3,8,12,1,172,25.5,3,7,11,1,73,93.02,84.93,2020
Austin Jackson,T,MIA,13,53.3,5,29,38,4,543,39.0,4,22,30,4,225,93.0,86.67,2020
Michael Jordan,G,CIN,11,40.8,15,17,35,3,499,32.5,11,10,24,3,223,92.99,89.24,2020
Michael Schofield III,G,CAR,5,41.7,2,6,12,4,169,38.3,1,4,6,1,67,92.9,91.04,2020
Brandon Knight,T,DAL,11,55.5,6,25,37,6,517,50.5,4,16,24,4,224,92.84,89.29,2020
Roderick Johnson,T,HST,6,60.6,3,9,13,1,177,49.8,1,8,10,1,77,92.66,87.01,2020
Will Hernandez,G,NYG,13,50.9,5,19,25,1,336,26.5,5,16,22,1,156,92.56,85.9,2020
Dakota Dozier,G,MIN,16,36.7,9,31,46,6,614,22.3,5,20,29,4,217,92.51,86.64,2020
Tytus Howard,T,HST,14,65.4,3,37,42,2,561,57.0,1,31,34,2,266,92.51,87.22,2020
Trey Pipkins III,T,LAC,9,50.3,3,19,27,5,357,44.1,1,13,17,3,136,92.44,87.5,2020
Sam Young,T,LV,8,55.9,1,14,18,3,235,56.8,1,10,14,3,128,92.34,89.06,2020
Tyre Phillips,G,BLT,12,56.3,1,9,16,6,208,43.1,1,6,11,4,80,92.31,86.25,2020
David Quessenberry,T,TEN,9,57.3,3,10,16,3,208,50.3,1,7,11,3,73,92.31,84.93,2020
Storm Norton,T,LAC,6,63.6,2,12,15,1,194,53.3,2,9,11,0,81,92.27,86.42,2020
Cedric Ogbuehi,T,SEA,7,59.7,2,10,13,1,168,43.4,2,8,11,1,58,92.26,81.03,2020
Matt Gono,T,ATL,9,46.6,5,10,16,1,206,34.6,4,8,13,1,91,92.23,85.71,2020
Terence Steele,T,DAL,16,49.1,5,34,48,9,616,43.0,2,25,32,5,269,92.21,88.1,2020
Bobby Hart,T,CIN,14,60.8,8,32,44,4,552,54.7,2,23,28,3,224,92.03,87.5,2020
Jawaan Taylor,T,JAX,16,51.8,6,44,58,8,718,53.0,4,28,38,6,338,91.92,88.76,2020
Jason Peters,T,PHI,8,66.1,4,16,28,8,339,49.2,2,11,19,6,138,91.74,86.23,2020
Rashaad Coward,G,CHI,6,46.1,5,11,19,3,229,37.5,4,8,15,3,90,91.7,83.33,2020
Shane Lemieux,G,NYG,9,16.9,6,14,25,5,299,0.0,5,7,14,2,104,91.64,86.54,2020
John Simpson,G,LV,5,40.1,4,8,13,1,155,40.0,2,7,10,1,77,91.61,87.01,2020
Austin Schlottmann,G,DEN,7,25.1,4,11,16,1,176,27.3,3,8,12,1,82,90.91,85.37,2020
Geron Christian,T,WAS,6,61.8,7,11,24,6,263,47.6,4,6,16,6,102,90.87,84.31,2020
Jack Driscoll,T,PHI,10,69.7,3,12,18,3,197,64.4,1,11,14,2,99,90.86,85.86,2020
Andrew Thomas,T,NYG,16,54.7,8,39,57,10,615,51.6,4,24,34,6,252,90.73,86.51,2020
Conor McDermott,T,NYJ,9,45.4,4,9,15,2,161,40.7,4,6,12,2,95,90.68,87.37,2020
Chuma Edoga,T,NYJ,6,45.0,3,10,15,2,153,44.5,3,5,10,2,76,90.2,86.84,2020
Pat Elflein,G,NYJ,7,30.5,4,18,24,2,239,24.1,3,11,15,1,105,89.96,85.71,2020
D.J. Fluker,T,BLT,12,57.5,3,21,26,2,254,37.0,2,15,19,2,98,89.76,80.61,2020
Josh Andrews,G,NYJ,9,18.1,2,21,25,2,188,1.9,1,17,19,1,87,86.7,78.16,2020
Rodney Hudson,C,ARZ,12,77.9,0,3,4,1,484,78.2,0,1,1,0,163,99.17,99.39,2021
Creed Humphrey,C,KC,17,81.2,1,8,10,1,805,75.0,0,5,6,1,358,98.76,98.32,2021
Corey Linsley,C,LAC,16,85.8,2,8,10,0,724,78.6,1,6,7,0,337,98.62,97.92,2021
Erik McCoy,C,NO,12,70.6,2,5,7,0,433,58.5,2,4,6,0,228,98.38,97.37,2021
J.C. Tretter,C,CLV,16,83.7,1,8,10,1,587,79.6,1,5,7,1,220,98.3,96.82,2021
Tristan Wirfs,T,TB,17,84.2,2,10,14,2,796,81.0,1,7,9,1,347,98.24,97.41,2021
Evan Brown,C,DET,13,72.4,3,4,8,1,455,71.5,2,1,4,1,224,98.24,98.21,2021
Joe Thuney,G,KC,17,88.8,2,13,16,1,805,82.4,1,11,13,1,358,98.01,96.37,2021
Alex Mack,C,SF,17,78.3,1,9,12,2,597,78.1,0,4,6,2,239,97.99,97.49,2021
Dennis Kelly,T,GB,5,75.2,0,3,4,1,185,75.9,0,2,2,0,48,97.84,95.83,2021
Kevin Zeitler,G,BLT,17,79.7,0,16,17,1,771,64.6,0,14,15,1,310,97.8,95.16,2021
Connor Williams,G,DAL,15,76.7,1,11,13,1,569,65.0,1,10,12,1,243,97.72,95.06,2021
Andre James,C,LV,17,68.8,3,12,17,2,730,71.9,2,9,12,1,401,97.67,97.01,2021
Tyron Smith,T,DAL,11,88.0,4,5,11,2,460,80.0,4,3,9,2,187,97.61,95.19,2021
Ted Karras,G,NE,14,76.9,2,6,11,3,425,83.6,0,2,3,1,183,97.41,98.36,2021
Oday Aboushi,G,LAC,5,70.6,1,4,5,0,193,59.5,1,4,5,0,71,97.41,92.96,2021
Justin Britt,C,HST,11,53.7,3,5,11,3,419,51.3,2,3,8,3,168,97.37,95.24,2021
Lane Johnson,T,PHI,13,81.2,1,10,11,0,416,73.0,1,8,9,0,191,97.36,95.29,2021
Ryan Jensen,C,TB,17,66.2,5,14,21,2,786,53.3,3,12,17,2,343,97.33,95.04,2021
Andrew Whitworth,T,LA,15,90.7,2,9,16,5,597,89.5,1,7,10,2,278,97.32,96.4,2021
Joel Bitonio,G,CLV,17,85.9,2,13,17,2,631,85.3,0,10,11,1,236,97.31,95.34,2021
Tyler Biadasz,C,DAL,17,69.4,4,17,21,0,764,57.1,3,13,16,0,329,97.25,95.14,2021
Shaq Mason,G,NE,15,73.1,3,11,15,1,545,62.3,2,8,11,1,238,97.25,95.38,2021
Zack Martin,G,DAL,16,88.7,5,13,19,1,688,79.5,5,10,16,1,293,97.24,94.54,2021
David Andrews,C,NE,17,72.2,3,13,17,1,610,55.2,2,9,12,1,261,97.21,95.4,2021
Ali Marpet,G,TB,16,77.8,2,17,20,1,712,67.0,1,14,16,1,307,97.19,94.79,2021
Jermaine Eluemunor,G,LV,4,67.0,1,4,5,0,178,64.3,1,3,4,0,119,97.19,96.64,2021
Kevin Dotson,G,PIT,9,78.4,2,5,10,3,354,64.5,2,4,8,2,136,97.18,94.12,2021
Kendrick Green,C,PIT,15,54.4,4,11,18,3,631,51.2,3,9,13,1,265,97.15,95.09,2021
Trai Turner,G,PIT,17,72.7,0,13,20,7,702,61.6,0,12,16,4,288,97.15,94.44,2021
Chase Roullier,C,WAS,8,71.1,2,7,9,0,315,65.5,1,4,5,0,125,97.14,96.0,2021
Brandon Linder,C,JAX,9,67.0,3,5,10,2,348,57.0,2,4,7,1,155,97.13,95.48,2021
Connor McGovern,C,NYJ,15,69.5,2,13,19,4,651,62.7,0,8,12,4,295,97.08,95.93,2021
Bradley Bozeman,C,BLT,16,75.2,3,15,21,3,718,70.4,3,9,13,1,294,97.08,95.58,2021
Michael Deiter,C,MIA,8,58.5,2,7,10,1,335,49.6,1,5,7,1,130,97.01,94.62,2021
George Fant,T,NYJ,15,75.1,3,14,18,1,594,69.5,2,9,11,0,270,96.97,95.93,2021
Jason Kelce,C,PHI,17,69.9,0,16,17,1,557,66.1,0,10,10,0,256,96.95,96.09,2021
Sean Harlow,G,ARZ,8,64.6,0,7,8,1,260,45.5,0,4,5,1,83,96.92,93.98,2021
John Leglue,G,PIT,6,72.8,1,7,8,0,259,57.4,1,7,8,0,98,96.91,91.84,2021
Jon Runyan,G,GB,16,71.1,3,15,20,2,636,62.5,2,11,15,2,215,96.86,93.02,2021
Trent Williams,T,SF,15,86.0,6,9,16,1,508,74.2,5,6,12,1,198,96.85,93.94,2021
Trent Brown,T,NE,9,82.5,3,4,8,1,252,82.0,2,3,6,1,125,96.83,95.2,2021
Lucas Patrick,C,GB,14,69.3,4,13,18,1,567,44.0,3,9,13,1,194,96.83,93.3,2021
Brian O'Neill,T,MIN,17,77.5,2,19,22,1,695,72.5,0,12,13,1,280,96.83,95.36,2021
Mitch Morse,C,BUF,17,72.4,2,21,25,2,779,62.4,1,15,18,2,341,96.79,94.72,2021
Mike Onwenu,G,NE,15,69.8,4,5,11,2,338,58.3,4,3,8,1,133,96.75,93.98,2021
Matt Pryor,T,IND,11,75.2,2,6,8,0,241,62.4,2,5,7,0,99,96.68,92.93,2021
Quenton Nelson,G,IND,13,62.0,6,8,15,1,448,63.8,5,6,12,1,205,96.65,94.15,2021
Joe Haeg,T,PIT,8,74.8,1,3,7,3,209,68.8,0,3,6,3,97,96.65,93.81,2021
Chukwuma Okorafor,T,PIT,16,63.0,7,14,23,2,683,55.1,7,10,19,2,289,96.63,93.43,2021
Andrew Norwell,G,JAX,17,73.5,5,16,24,3,709,59.7,5,14,21,2,336,96.61,93.75,2021
Matt Feiler,G,LAC,16,62.2,7,13,25,5,737,48.6,4,10,17,3,334,96.61,94.91,2021
Lane Taylor,G,HST,5,49.3,0,7,7,0,206,35.1,0,5,5,0,92,96.6,94.57,2021
Ben Cleveland,G,BLT,8,54.8,1,7,8,0,235,51.2,0,4,4,0,86,96.6,95.35,2021
J.C. Hassenauer,C,PIT,8,63.3,1,5,6,0,176,52.9,1,3,4,0,77,96.59,94.81,2021
Trey Hopkins,C,CIN,15,57.8,3,13,20,4,579,48.8,2,9,14,3,263,96.55,94.68,2021
Max Garcia,G,ARZ,13,62.3,0,13,17,4,493,64.2,0,8,9,1,180,96.55,95.0,2021
Rashawn Slater,T,LAC,16,80.3,6,16,26,4,752,66.6,5,13,21,3,359,96.54,94.15,2021
Dion Dawkins,T,BUF,16,81.6,6,15,25,4,723,75.2,5,10,18,3,318,96.54,94.34,2021
Andrew Thomas,T,NYG,13,82.1,3,13,18,2,517,78.2,1,9,12,2,239,96.52,94.98,2021
Brian Allen,C,LA,15,64.0,3,12,20,5,567,51.4,3,8,16,5,262,96.47,93.89,2021
Tyler Shatley,C,JAX,10,62.9,2,11,13,0,364,52.6,2,7,9,0,183,96.43,95.08,2021
Billy Price,C,NYG,15,54.9,4,18,24,2,649,45.4,2,13,16,1,280,96.3,94.29,2021
Pat Elflein,C,CAR,9,45.6,3,9,12,0,322,29.8,3,6,9,0,135,96.27,93.33,2021
La'el Collins,T,DAL,12,76.2,0,15,17,2,454,70.5,0,10,10,0,201,96.26,95.02,2021
Quinton Spain,G,CIN,16,58.9,3,15,23,5,611,51.5,2,8,14,4,282,96.24,95.04,2021
Taylor Moton,T,CAR,17,79.4,4,22,27,1,713,73.5,3,19,23,1,350,96.21,93.43,2021
Wyatt Teller,G,CLV,17,70.4,0,20,24,4,631,64.2,0,13,15,2,236,96.2,93.64,2021
Donovan Smith,T,TB,17,84.7,4,25,30,1,784,70.9,4,21,25,0,342,96.17,92.69,2021
Halapoulivaati Vaitai,G,DET,15,66.9,5,18,23,0,590,59.5,5,14,19,0,311,96.1,93.89,2021
Justin Pugh,G,ARZ,13,77.7,0,19,19,0,485,66.2,0,14,14,0,186,96.08,92.47,2021
Elgton Jenkins,T,GB,8,81.2,3,7,12,2,306,78.3,1,4,7,2,104,96.08,93.27,2021
Tytus Howard,G,HST,15,70.1,2,19,23,2,585,71.3,1,15,18,2,220,96.07,91.82,2021
Lloyd Cushenberry III,C,DEN,16,72.9,5,14,24,5,610,70.0,3,6,12,3,260,96.07,95.38,2021
Jake Matthews,T,ATL,17,77.2,5,18,26,3,660,73.1,3,10,15,2,258,96.06,94.19,2021
Ben Powers,G,BLT,13,66.1,3,15,21,3,532,50.9,2,10,15,3,225,96.05,93.33,2021
Michael Schofield III,G,LAC,14,75.2,4,18,24,2,605,62.1,3,15,20,2,302,96.03,93.38,2021
Sam Mustipher,C,CHI,17,62.6,3,24,28,1,701,46.7,2,16,19,1,306,96.01,93.79,2021
Ike Boettger,G,BUF,12,72.2,1,15,17,1,425,63.5,1,10,11,0,182,96.0,93.96,2021
Laken Tomlinson,G,SF,17,75.2,7,15,24,2,598,66.1,7,8,17,2,240,95.99,92.92,2021
Alex Cappa,G,TB,17,69.6,7,20,32,5,796,53.6,3,20,27,4,347,95.98,92.22,2021
Ereck Flowers,G,WAS,16,78.1,3,17,26,6,635,75.4,2,8,14,4,260,95.91,94.62,2021
Ben Jones,C,TEN,17,66.2,7,18,26,1,631,52.2,4,12,17,1,257,95.88,93.39,2021
Dalton Risner,G,DEN,15,73.6,5,12,21,4,504,60.8,4,10,17,3,218,95.83,92.2,2021
Germain Ifedi,T,CHI,7,70.7,1,7,10,2,240,71.8,0,7,8,1,104,95.83,92.31,2021
Robert Hunt,G,MIA,17,68.3,3,26,31,2,740,60.5,0,18,20,2,284,95.81,92.96,2021
Garett Bolles,T,DEN,14,77.8,6,11,22,5,525,75.1,4,5,12,3,228,95.81,94.74,2021
Jack Conklin,T,CLV,7,63.8,0,6,8,2,186,62.2,0,6,8,2,73,95.7,89.04,2021
Rob Havenstein,T,LA,15,76.1,5,14,26,7,600,70.2,2,12,19,5,274,95.67,93.07,2021
Jordan Mailata,T,PHI,14,83.3,1,16,20,3,461,79.4,0,8,9,1,211,95.66,95.73,2021
Quinn Meinerz,G,DEN,11,66.7,3,9,15,3,343,55.0,2,4,8,2,144,95.63,94.44,2021
Wes Schweitzer,G,WAS,10,65.9,2,8,11,1,246,49.7,2,5,8,1,99,95.53,91.92,2021
Josh Myers,C,GB,6,65.5,1,7,8,0,178,59.4,0,4,4,0,67,95.51,94.03,2021
Terron Armstead,T,NO,8,85.6,2,9,12,1,263,75.6,1,9,11,1,139,95.44,92.09,2021
Austin Reiter,C,MIA,6,53.2,1,11,12,0,262,40.5,1,7,8,0,100,95.42,92.0,2021
Taylor Lewan,T,TEN,13,71.0,5,12,21,4,456,63.4,4,9,16,3,200,95.39,92.0,2021
Matt Paradis,C,CAR,8,53.6,2,12,16,2,343,34.4,1,10,13,2,172,95.34,92.44,2021
Kolton Miller,T,LV,17,84.4,5,25,34,4,730,82.9,3,20,26,3,401,95.34,93.52,2021
Chris Lindstrom,G,ATL,17,65.3,8,23,31,0,661,64.2,7,13,20,0,259,95.31,92.28,2021
Jackson Carman,G,CIN,11,53.0,4,9,13,0,277,52.2,4,7,11,0,133,95.31,91.73,2021
Cody Whitehair,G,CHI,17,61.3,5,24,33,4,701,52.3,4,17,25,4,306,95.29,91.83,2021
Orlando Brown Jr.,T,KC,16,76.1,12,20,36,4,765,63.8,9,15,28,4,339,95.29,91.74,2021
Mike McGlinchey,T,SF,8,70.0,3,8,13,2,275,60.1,0,6,8,2,103,95.27,92.23,2021
Kelvin Beachum,T,ARZ,15,70.1,2,24,28,2,591,65.0,1,15,18,2,210,95.26,91.43,2021
Max Scharping,G,HST,15,53.8,4,13,19,2,400,34.4,2,10,14,2,156,95.25,91.03,2021
Geron Christian,T,HST,12,78.8,1,15,17,1,357,73.3,1,6,7,0,124,95.24,94.35,2021
Garrett Bradbury,C,MIN,13,43.7,6,18,26,2,546,39.2,4,11,16,1,215,95.24,92.56,2021
Brandon Scherff,G,WAS,11,72.4,1,18,19,0,398,68.6,0,12,12,0,163,95.23,92.64,2021
Jawaan Taylor,T,JAX,17,72.0,3,25,34,6,712,67.2,2,19,25,4,338,95.22,92.6,2021
Royce Newman,G,GB,17,60.2,5,21,32,6,660,35.4,2,19,26,5,230,95.15,88.7,2021
Damien Lewis,G,SEA,13,47.9,7,13,21,1,431,48.7,5,7,12,0,163,95.13,92.64,2021
Ezra Cleveland,G,MIN,17,55.5,6,27,34,1,695,40.0,4,23,28,1,280,95.11,90.0,2021
Ethan Pocic,C,SEA,11,48.4,4,12,18,2,367,27.2,2,7,11,2,123,95.1,91.06,2021
Riley Reiff,T,CIN,12,58.4,3,14,21,4,422,48.8,2,11,14,1,185,95.02,92.43,2021
Taylor Decker,T,DET,9,84.0,5,8,15,2,298,80.1,4,3,8,1,134,94.97,94.03,2021
Austin Corbett,G,LA,17,63.8,6,25,34,3,674,49.5,5,18,26,3,309,94.96,91.59,2021
Matt Hennessy,C,ATL,17,50.5,1,28,32,3,632,51.7,0,13,15,2,245,94.94,93.88,2021
Cesar Ruiz,G,NO,17,63.8,2,24,31,5,610,52.9,0,17,20,3,311,94.92,93.57,2021
Daryl Williams,G,BUF,17,72.4,9,27,40,4,778,62.2,5,21,29,3,339,94.86,91.45,2021
Patrick Mekari,T,BLT,13,73.8,1,18,23,4,447,68.1,0,15,17,2,188,94.85,90.96,2021
Graham Glasgow,G,DEN,7,70.1,2,9,13,2,251,61.6,1,6,8,1,113,94.82,92.92,2021
David Edwards,G,LA,17,70.1,2,27,35,6,674,59.3,2,19,26,5,310,94.81,91.61,2021
John Simpson,G,LV,17,62.7,5,29,37,3,710,48.7,5,20,28,3,389,94.79,92.8,2021
Ben Bartch,G,JAX,14,52.8,5,16,24,3,460,51.5,2,12,17,3,220,94.78,92.27,2021
James Hurst,T,NO,17,76.9,4,20,27,3,516,72.0,0,17,18,1,259,94.77,93.05,2021
Ryan Ramczyk,T,NO,10,73.0,2,15,19,2,361,65.1,2,13,17,2,185,94.74,90.81,2021
Ryan Kelly,C,IND,14,57.7,3,23,29,3,550,53.6,2,15,19,2,258,94.73,92.64,2021
Justin McCray,G,HST,9,35.1,3,12,19,4,360,26.7,1,8,11,2,133,94.72,91.73,2021
Charles Leno Jr.,T,WAS,17,87.3,7,23,36,6,678,79.9,5,16,25,4,278,94.69,91.01,2021
Will Hernandez,G,NYG,17,56.0,7,22,36,7,676,55.6,4,13,21,4,296,94.67,92.91,2021
Jonah Jackson,G,DET,16,56.4,9,22,35,4,648,42.2,7,19,28,2,337,94.6,91.69,2021
Isaiah Wynn,T,NE,16,70.7,5,17,28,6,518,66.7,4,8,17,5,223,94.59,92.38,2021
Cam Robinson,T,JAX,14,76.6,8,22,31,1,573,67.0,6,18,25,1,273,94.59,90.84,2021
Jason Peters,T,CHI,15,77.9,5,17,28,6,517,77.2,2,10,17,5,206,94.58,91.75,2021
Penei Sewell,T,DET,16,69.4,8,22,35,5,644,60.4,6,18,28,4,332,94.57,91.57,2021
Connor McGovern,G,DAL,14,69.2,3,12,16,1,294,53.9,2,9,12,1,122,94.56,90.16,2021
Aaron Brewer,G,TEN,11,48.7,0,8,14,6,257,47.2,0,4,7,3,116,94.55,93.97,2021
Matt Peart,T,NYG,11,62.3,1,10,15,4,272,51.8,1,7,12,4,110,94.49,89.09,2021
Jon Feliciano,G,BUF,8,55.1,4,12,16,0,290,37.3,3,10,13,0,123,94.48,89.43,2021
Christian Darrisaw,T,MIN,11,63.1,6,11,22,5,398,58.0,4,8,16,4,174,94.47,90.8,2021
Rodger Saffold,G,TEN,15,44.8,7,17,26,2,467,29.6,7,13,22,2,181,94.43,87.85,2021
Charlie Heck,T,HST,13,66.5,3,21,29,5,519,59.4,0,13,17,4,193,94.41,91.19,2021
Yosh Nijman,T,GB,10,66.9,7,10,20,3,356,53.1,6,5,13,2,126,94.38,89.68,2021
Braden Smith,T,IND,11,70.8,3,15,22,4,391,66.7,2,12,17,3,176,94.37,90.34,2021
Chris Reed,G,IND,11,55.5,5,11,16,0,284,40.5,3,8,11,0,116,94.37,90.52,2021
Duane Brown,T,SEA,17,69.9,3,22,33,8,585,58.4,3,15,24,6,211,94.36,88.63,2021
Sam Cosmi,T,WAS,9,63.4,1,11,16,4,282,57.3,0,5,8,3,115,94.33,93.04,2021
James Daniels,G,CHI,17,68.3,4,33,40,3,701,60.7,1,25,28,2,306,94.29,90.85,2021
Dennis Daley,G,CAR,12,36.4,7,10,20,3,348,21.0,7,8,18,3,180,94.25,90.0,2021
Josh Jones,G,ARZ,16,48.0,3,22,29,4,497,36.0,1,12,15,2,175,94.16,91.43,2021
Terence Steele,T,DAL,14,60.9,5,24,31,2,528,54.6,4,18,24,2,227,94.13,89.43,2021
Tom Compton,T,SF,10,69.8,2,12,18,4,304,56.9,2,10,16,4,130,94.08,87.69,2021
Brandon Shell,T,SEA,10,60.4,4,14,21,3,354,51.7,4,11,16,1,138,94.07,88.41,2021
Keith Ismael,C,WAS,9,51.7,3,7,13,3,217,41.6,2,4,8,2,96,94.01,91.67,2021
Daniel Brunskill,G,SF,17,51.0,4,27,36,5,598,27.9,3,22,30,5,240,93.98,87.5,2021
Kyle Fuller,C,SEA,10,32.3,4,11,17,2,281,22.2,2,5,8,1,115,93.95,93.04,2021
Alijah Vera-Tucker,G,NYJ,16,56.9,6,34,42,2,693,54.8,4,20,26,2,314,93.94,91.72,2021
Trey Smith,G,KC,17,63.6,8,37,49,4,805,49.5,4,29,37,4,358,93.91,89.66,2021
Jack Driscoll,G,PHI,9,73.9,3,14,18,1,293,70.5,2,10,13,1,142,93.86,90.85,2021
Nate Solder,T,NYG,16,52.7,7,23,36,6,586,48.1,5,15,25,5,243,93.86,89.71,2021
Tyre Phillips,T,BLT,8,63.1,3,13,17,1,271,56.8,2,10,12,0,108,93.73,88.89,2021
Nate Herbig,G,PHI,9,64.9,4,11,16,1,252,46.6,3,8,12,1,109,93.65,88.99,2021
D.J. Humphries,T,ARZ,16,65.5,4,31,42,7,661,55.2,1,19,26,6,239,93.65,89.12,2021
Landon Dickerson,G,PHI,14,57.1,8,21,31,2,485,43.0,5,19,24,0,226,93.61,89.38,2021
Jedrick Wills Jr.,T,CLV,13,67.9,4,19,28,5,437,46.1,1,14,19,4,151,93.59,87.42,2021
Billy Turner,T,GB,13,68.3,3,26,32,3,497,60.0,1,19,22,2,188,93.56,88.3,2021
Gabe Jackson,G,SEA,16,55.7,4,30,37,3,574,40.7,2,19,24,3,211,93.55,88.63,2021
Nate Davis,G,TEN,14,49.2,5,23,33,5,507,40.3,4,15,23,4,203,93.49,88.67,2021
Calvin Throckmorton,G,NO,17,43.7,7,25,33,1,507,38.1,4,18,23,1,252,93.49,90.87,2021
Dan Moore Jr.,T,PIT,16,58.9,9,30,46,7,704,41.1,7,26,37,4,295,93.47,87.46,2021
Hakeem Adeniji,G,CIN,9,48.9,4,16,23,3,350,42.2,3,10,15,2,162,93.43,90.74,2021
Kaleb McGary,T,ATL,16,50.6,10,22,41,9,624,52.7,2,14,21,5,245,93.43,91.43,2021
Jonah Williams,T,CIN,16,68.8,6,28,42,8,637,64.3,5,21,30,4,296,93.41,89.86,2021
Spencer Brown,T,BUF,13,51.0,5,24,30,1,451,33.4,4,19,24,1,183,93.35,86.89,2021
Matt Skura,G,NYG,14,29.5,10,20,32,2,473,10.7,6,13,20,1,183,93.23,89.07,2021
David Quessenberry,T,TEN,17,61.6,11,21,43,11,635,54.2,8,13,29,8,260,93.23,88.85,2021
Olisaemeka Udoh,G,MIN,16,39.0,6,38,45,1,662,19.8,4,32,37,1,261,93.2,85.82,2021
Justin Herron,T,NE,11,45.7,3,12,16,1,234,49.1,1,5,6,0,96,93.16,93.75,2021
John Miller,G,CAR,10,50.5,1,21,29,7,421,27.9,1,16,24,7,216,93.11,88.89,2021
Austin Jackson,G,MIA,16,49.1,6,41,49,2,708,33.3,6,27,35,2,277,93.08,87.36,2021
Cornelius Lucas,T,WAS,10,73.5,4,18,25,3,354,66.3,4,10,16,2,149,92.94,89.26,2021
Alejandro Villanueva,T,BLT,17,58.7,9,36,54,9,764,38.0,6,30,42,6,315,92.93,86.67,2021
James Hudson III,T,CLV,6,57.9,1,9,13,3,181,48.4,1,7,11,3,73,92.82,84.93,2021
Morgan Moses,T,NYJ,17,65.7,10,35,49,4,679,60.5,9,25,37,3,306,92.78,87.91,2021
Lucas Niang,T,KC,10,59.1,2,22,26,2,360,50.8,1,16,19,2,141,92.78,86.52,2021
Michael Jordan,G,CAR,11,49.0,4,22,32,6,439,29.6,3,16,25,6,216,92.71,88.43,2021
Ben Bredeson,G,NYG,7,22.7,2,10,14,2,190,36.4,0,3,5,2,96,92.63,94.79,2021
Bobby Massie,T,DEN,13,60.1,6,25,36,5,484,59.0,3,13,21,5,202,92.56,89.6,2021
Mason Cole,C,MIN,8,45.8,4,14,20,2,264,32.3,2,8,12,2,112,92.42,89.29,2021
Larry Borom,T,CHI,10,62.7,4,23,32,5,415,59.4,3,19,25,3,182,92.29,86.26,2021
Brady Christensen,T,CAR,10,63.2,4,17,25,4,321,58.1,3,13,18,2,152,92.21,88.16,2021
Greg Van Roten,G,NYJ,12,53.7,1,33,37,3,474,42.6,1,24,28,3,228,92.19,87.72,2021
Netane Muti,G,DEN,6,52.0,3,7,14,4,176,54.8,1,4,7,2,71,92.05,90.14,2021
Mark Glowinski,G,IND,16,62.6,8,28,38,2,476,58.3,6,19,27,2,226,92.02,88.05,2021
Andre Dillard,T,PHI,8,71.7,1,18,20,1,250,59.6,0,15,16,1,115,92.0,86.09,2021
Isaiah Prince,T,CIN,11,49.5,4,11,18,3,224,61.5,3,5,9,1,107,91.96,91.59,2021
Cody Ford,G,BUF,10,47.2,4,20,26,2,323,42.4,3,10,14,1,156,91.95,91.03,2021
Storm Norton,T,LAC,16,44.9,8,42,59,9,732,34.5,6,34,48,8,348,91.94,86.21,2021
Laurent Duvernay-Tardif,G,NYJ,7,52.5,6,13,20,1,248,32.5,4,9,14,1,96,91.94,85.42,2021
Trent Scott,G,CAR,7,28.6,2,13,16,1,195,11.0,2,11,14,1,100,91.79,86.0,2021
Jesse Davis,T,MIA,17,51.1,10,39,57,8,692,42.1,7,23,37,7,261,91.76,85.82,2021
Eric Fisher,T,IND,15,61.0,11,23,41,7,490,50.5,6,15,27,6,205,91.63,86.83,2021
Blake Hance,T,CLV,13,36.9,5,22,31,4,366,28.0,4,16,23,3,136,91.53,83.09,2021
Jake Curhan,T,SEA,10,37.2,4,12,20,4,230,21.1,4,8,14,2,82,91.3,82.93,2021
Liam Eichenberg,T,MIA,17,46.9,8,45,62,9,704,31.0,6,30,44,8,267,91.19,83.52,2021
Andrew Wylie,T,KC,8,57.8,2,23,29,4,328,49.7,1,17,21,3,150,91.16,86.0,2021
Cameron Erving,T,CAR,9,49.7,7,21,31,3,348,39.0,5,13,21,3,160,91.09,86.88,2021
Saahdiq Charles,G,WAS,5,62.3,2,9,15,4,164,54.2,0,7,11,4,74,90.85,85.14,2021
Jalen Mayfield,G,ATL,16,27.6,21,25,57,11,622,11.3,14,16,41,11,246,90.84,83.33,2021
Alex Leatherwood,G,LV,17,29.0,17,40,65,8,708,23.4,13,35,53,5,388,90.82,86.34,2021
Rashod Hill,T,MIN,6,39.3,6,11,20,3,215,18.5,5,8,14,1,77,90.7,81.82,2021
Brandon Parker,T,LV,14,54.0,12,33,53,8,556,51.0,8,24,39,7,284,90.47,86.27,2021
Matt Nelson,T,DET,13,45.8,4,34,41,3,416,36.8,4,31,37,2,226,90.14,83.63,2021
Julie'n Davenport,T,IND,5,28.8,4,12,20,4,171,19.6,3,9,16,4,90,88.3,82.22,2021
Tristan Wirfs,T,TB,13,90.5,1,2,5,2,626,90.0,0,1,2,1,270,99.2,99.26,2022
Corey Linsley,C,LAC,14,90.2,0,5,5,0,552,83.4,0,4,4,0,251,99.09,98.41,2022
Rodney Hudson,C,ARZ,4,66.9,0,3,3,0,202,74.1,0,3,3,0,70,98.51,95.71,2022
Lane Johnson,T,PHI,15,89.8,0,9,9,0,551,89.5,0,6,6,0,245,98.37,97.55,2022
Jason Kelce,C,PHI,17,82.0,0,11,11,0,653,73.4,0,8,8,0,290,98.32,97.24,2022
Chris Lindstrom,G,ATL,17,81.7,1,6,9,2,517,78.7,0,4,4,0,152,98.26,97.37,2022
Ben Powers,G,BLT,17,86.5,1,11,12,0,597,76.3,0,6,6,0,234,97.99,97.44,2022
Josh Myers,C,GB,17,74.3,2,8,13,3,643,60.0,2,7,11,2,238,97.98,95.38,2022
Jake Brendel,C,SF,17,71.9,2,9,12,1,591,59.6,2,4,7,1,265,97.97,97.36,2022
Frank Ragnow,C,DET,16,68.9,0,12,13,1,627,56.1,0,8,9,1,300,97.93,97.0,2022
Ethan Pocic,C,CLV,13,71.5,0,8,10,2,461,67.2,0,6,8,2,229,97.83,96.51,2022
Mike Onwenu,G,NE,17,83.1,2,11,14,1,634,78.6,1,10,11,0,331,97.79,96.68,2022
Connor Williams,C,MIA,17,69.1,2,10,15,3,676,54.5,1,9,12,2,214,97.78,94.39,2022
Joe Thuney,G,KC,15,89.6,4,10,15,1,675,81.4,2,9,12,1,290,97.78,95.86,2022
Kevin Dotson,G,PIT,17,77.6,4,8,16,4,686,75.2,3,6,13,4,372,97.67,96.51,2022
Creed Humphrey,C,KC,17,79.7,2,16,18,0,769,69.0,1,11,12,0,327,97.66,96.33,2022
Nick Leverett,G,TB,11,71.0,4,8,12,0,513,75.7,3,5,8,0,229,97.66,96.51,2022
Jawaan Taylor,T,JAX,17,76.4,0,11,16,5,675,74.3,0,9,13,4,286,97.63,95.45,2022
James Ferentz,C,NE,7,74.5,0,2,4,2,165,75.8,0,0,2,2,84,97.58,97.62,2022
Robert Hainsey,C,TB,17,73.0,7,13,20,0,800,65.0,3,7,10,0,360,97.5,97.22,2022
Laremy Tunsil,T,HST,17,91.7,3,13,17,1,676,88.1,3,8,11,0,298,97.49,96.31,2022
Coleman Shelton,C,LA,13,71.3,1,6,11,4,431,67.0,1,4,9,4,188,97.45,95.21,2022
Zack Martin,G,DAL,17,81.2,2,14,16,0,628,77.9,1,10,11,0,276,97.45,96.01,2022
Jack Conklin,T,CLV,14,78.8,1,10,13,2,508,75.4,1,7,10,2,243,97.44,95.88,2022
Erik McCoy,C,NO,13,65.2,2,8,11,1,427,59.4,2,5,8,1,225,97.42,96.44,2022
Oday Aboushi,G,LA,6,60.0,0,3,5,2,193,51.6,0,3,4,1,74,97.41,94.59,2022
Tyler Biadasz,C,DAL,16,66.3,3,12,15,0,576,60.6,2,8,10,0,248,97.4,95.97,2022
David Andrews,C,NE,14,65.0,1,10,13,2,485,55.3,1,9,12,2,253,97.32,95.26,2022
Ben Jones,C,TEN,12,68.4,2,7,10,1,371,76.7,1,2,4,1,164,97.3,97.56,2022
Cesar Ruiz,G,NO,14,63.4,2,9,14,3,516,52.8,2,7,12,3,267,97.29,95.51,2022
Ted Karras,C,CIN,16,76.2,2,16,20,2,728,71.2,1,12,15,2,321,97.25,95.33,2022
Alex Cappa,G,CIN,16,71.4,4,13,20,3,724,69.2,2,10,15,3,319,97.24,95.3,2022
Jon Runyan,G,GB,17,77.0,3,11,17,3,613,63.7,3,7,11,1,228,97.23,95.18,2022
Austin Corbett,G,CAR,17,76.2,2,11,15,2,541,66.4,1,7,10,2,220,97.23,95.45,2022
Will Hernandez,G,ARZ,13,79.1,1,12,16,3,565,68.5,1,10,13,2,216,97.17,93.98,2022
Lloyd Cushenberry III,C,DEN,8,68.8,3,5,9,1,316,65.7,2,1,4,1,139,97.15,97.12,2022
James Daniels,G,PIT,17,73.2,3,17,20,0,686,61.6,3,14,17,0,372,97.08,95.43,2022
Landon Dickerson,G,PHI,17,76.8,3,14,18,1,614,73.7,2,9,12,1,277,97.07,95.67,2022
David Bakhtiari,T,GB,11,87.8,0,10,10,0,339,77.2,0,8,8,0,134,97.05,94.03,2022
Joel Bitonio,G,CLV,17,80.2,6,13,20,1,667,78.1,3,8,12,1,327,97.0,96.33,2022
Damien Lewis,G,SEA,16,72.6,3,13,19,3,634,59.7,2,11,15,2,296,97.0,94.93,2022
Elgton Jenkins,G,GB,15,67.8,1,13,17,3,562,60.6,0,10,13,3,207,96.98,93.72,2022
Kevin Zeitler,G,BLT,15,81.6,0,14,16,2,524,70.3,0,8,10,2,206,96.95,95.15,2022
Isaac Seumalo,G,PHI,17,79.1,3,16,20,1,653,75.8,1,11,12,0,291,96.94,95.88,2022
Shaq Mason,G,TB,17,72.9,9,15,25,1,813,70.3,5,12,18,1,363,96.92,95.04,2022
Robert Hunt,G,MIA,17,74.0,3,15,21,3,675,57.5,2,8,13,3,213,96.89,93.9,2022
Will Clapp,C,LAC,8,73.4,4,4,8,0,252,62.9,4,3,7,0,125,96.83,94.4,2022
Brady Christensen,G,CAR,17,68.8,2,13,17,2,533,47.3,2,13,17,2,216,96.81,92.13,2022
Billy Price,C,ARZ,11,66.0,1,10,16,5,501,51.5,1,8,12,3,199,96.81,93.97,2022
Pat Elflein,C,CAR,6,64.4,2,4,7,1,219,50.4,1,3,5,1,92,96.8,94.57,2022
Trent Williams,T,SF,14,87.6,2,12,15,1,466,83.7,2,9,11,0,210,96.78,94.76,2022
Mason Cole,C,PIT,17,63.8,4,15,21,2,651,51.2,4,13,19,2,347,96.77,94.52,2022
Graham Glasgow,C,DEN,15,62.7,1,13,19,5,579,49.3,1,11,15,3,247,96.72,93.93,2022
Ty Nsekhe,T,LA,10,80.7,0,5,8,3,243,75.1,0,2,5,3,95,96.71,94.74,2022
Jake Matthews,T,ATL,17,80.9,5,8,17,4,517,78.5,1,5,8,2,152,96.71,94.74,2022
Austin Blythe,C,SEA,17,65.1,7,12,22,3,662,53.2,6,9,18,3,311,96.68,94.21,2022
Quinn Meinerz,G,DEN,13,67.1,3,10,16,3,479,60.4,3,8,14,3,218,96.66,93.58,2022
Connor McGovern,C,NYJ,17,69.5,4,15,24,5,712,68.7,3,8,14,3,333,96.63,95.8,2022
Andrew Thomas,T,NYG,16,88.8,3,15,21,3,619,83.1,3,9,13,1,245,96.61,94.69,2022
Brian O'Neill,T,MIN,16,77.9,5,13,24,6,708,74.4,3,10,17,4,330,96.61,94.85,2022
Ben Bredeson,G,NYG,11,52.9,2,9,11,0,322,32.2,2,7,9,0,122,96.58,92.62,2022
Terron Armstead,T,MIA,13,80.0,2,12,15,1,435,68.3,2,7,9,0,117,96.55,92.31,2022
Mitch Morse,C,BUF,13,67.1,2,12,17,3,493,61.1,2,5,10,3,230,96.55,95.65,2022
Christian Darrisaw,T,MIN,14,81.8,5,10,20,5,571,77.4,3,6,14,5,265,96.5,94.72,2022
Bradley Bozeman,C,CAR,11,53.3,1,9,12,2,333,38.5,0,8,10,2,137,96.4,92.7,2022
Nate Davis,G,TEN,12,66.8,1,10,14,3,385,44.3,1,9,12,2,155,96.36,92.26,2022
Kaleb McGary,T,ATL,17,66.9,3,10,19,6,517,62.0,1,4,10,5,152,96.32,93.42,2022
Ryan Kelly,C,IND,17,64.8,3,17,25,5,679,64.0,2,13,19,4,346,96.32,94.51,2022
Brian Allen,C,LA,6,59.2,5,0,9,4,244,36.2,4,0,6,2,97,96.31,93.81,2022
Ryan Ramczyk,T,NO,16,76.4,5,12,20,3,536,73.3,4,10,17,3,276,96.27,93.84,2022
Sam Mustipher,C,CHI,17,55.1,4,14,20,2,536,51.2,2,11,14,1,206,96.27,93.2,2022
Daniel Brunskill,G,SF,14,76.9,1,10,11,0,290,63.3,1,10,11,0,120,96.21,90.83,2022
Taylor Moton,T,CAR,17,82.4,1,17,21,3,552,79.8,1,12,16,3,229,96.2,93.01,2022
Cole Strange,G,NE,17,67.8,1,17,23,5,598,54.0,1,14,20,5,311,96.15,93.57,2022
Jon Feliciano,C,NYG,15,65.9,3,16,22,3,568,59.6,2,12,15,1,229,96.13,93.45,2022
Tyler Shatley,G,JAX,13,69.6,3,16,20,1,516,50.7,2,15,18,1,224,96.12,91.96,2022
Michael Schofield III,G,CHI,9,75.0,0,7,8,1,205,65.6,0,5,5,0,77,96.1,93.51,2022
Elijah Wilkinson,G,ATL,9,70.7,1,8,11,2,281,55.6,1,4,7,2,70,96.09,90.0,2022
Robert Jones,G,MIA,11,65.3,2,6,11,3,280,34.9,1,3,7,3,73,96.07,90.41,2022
D.J. Humphries,T,ARZ,8,80.5,1,14,15,0,382,77.4,0,9,9,0,153,96.07,94.12,2022
Teven Jenkins,G,CHI,13,65.9,0,10,12,2,304,37.6,0,8,10,2,113,96.05,91.15,2022
Brandon Scherff,G,JAX,17,63.7,2,19,27,6,670,53.2,1,13,18,4,287,95.97,93.73,2022
Zach Tom,T,GB,9,78.1,4,7,12,1,296,67.9,2,5,7,0,105,95.95,93.33,2022
Andre James,C,LV,15,64.5,5,17,24,2,588,63.6,3,10,13,0,318,95.92,95.91,2022
Spencer Burford,G,SF,16,62.6,5,7,16,4,390,49.5,4,6,13,3,182,95.9,92.86,2022
Cody Whitehair,G,CHI,12,66.9,1,9,14,4,341,48.9,0,8,12,4,131,95.89,90.84,2022
Ben Bartch,G,JAX,5,66.0,4,3,7,0,166,40.3,3,3,6,0,69,95.78,91.3,2022
Penei Sewell,T,DET,17,74.2,6,20,28,2,663,71.1,3,15,19,1,323,95.78,94.12,2022
Nate Herbig,G,NYJ,11,58.6,3,14,18,1,424,49.3,3,10,14,1,182,95.75,92.31,2022
Morgan Moses,T,BLT,17,75.8,2,17,24,5,558,66.4,1,15,20,4,220,95.7,90.91,2022
Quenton Nelson,G,IND,17,74.1,6,20,31,5,720,62.9,4,19,26,3,373,95.69,93.03,2022
Tyler Linderbaum,C,BLT,17,54.7,2,21,26,3,596,41.5,1,11,14,2,233,95.64,93.99,2022
Nick Gates,G,NYG,9,69.3,2,7,10,1,229,53.3,2,5,8,1,90,95.63,91.11,2022
Greg Van Roten,G,BUF,7,60.4,0,10,10,0,229,53.9,0,6,6,0,103,95.63,94.17,2022
Abraham Lucas,T,SEA,16,69.6,8,11,28,9,633,65.6,6,8,21,7,295,95.58,92.88,2022
Jermaine Eluemunor,T,LV,17,76.1,3,20,26,3,583,79.8,2,12,17,3,317,95.54,94.64,2022
Braden Smith,T,IND,16,75.9,7,16,30,7,669,75.1,4,13,22,5,345,95.52,93.62,2022
Laken Tomlinson,G,NYJ,17,70.2,4,27,32,1,713,65.9,2,21,23,0,333,95.51,93.09,2022
Garrett Bradbury,C,MIN,12,68.1,4,18,24,2,530,59.2,2,15,19,2,244,95.47,92.21,2022
Connor McGovern,G,DAL,15,74.8,7,13,22,2,486,67.8,5,9,16,2,215,95.47,92.56,2022
Andrew Norwell,G,WAS,16,60.8,4,21,29,4,639,58.1,1,12,17,4,281,95.46,93.95,2022
Ryan Bates,G,BUF,15,61.5,4,23,28,1,615,50.6,2,16,19,1,279,95.45,93.19,2022
Terence Steele,T,DAL,13,63.7,4,15,20,1,439,60.3,4,10,15,1,178,95.44,91.57,2022
Andrus Peat,G,NO,11,40.3,3,9,15,3,327,36.4,2,5,9,2,165,95.41,94.55,2022
Trey Smith,G,KC,16,69.0,2,28,32,2,697,59.8,2,16,20,2,293,95.41,93.17,2022
Justin Pugh,G,ARZ,5,52.5,0,8,8,0,173,30.3,0,5,5,0,52,95.38,90.38,2022
Josh Andrews,C,NO,6,53.9,1,5,8,2,173,53.2,1,5,6,0,90,95.38,93.33,2022
Cam Fleming,T,DEN,15,74.1,5,16,28,7,605,72.1,3,11,20,6,247,95.37,91.9,2022
Luke Fortner,C,JAX,17,57.5,6,25,32,1,685,46.4,3,18,21,0,295,95.33,92.88,2022
Matt Feiler,G,LAC,17,62.8,3,30,38,5,804,56.2,2,21,24,1,378,95.27,93.65,2022
Josh Wells,T,TB,10,66.4,4,5,10,1,211,53.3,3,5,9,1,99,95.26,90.91,2022
Aaron Banks,G,SF,16,66.5,2,22,25,1,526,61.7,1,18,19,0,237,95.25,91.98,2022
James Hurst,T,NO,16,76.6,5,16,26,5,546,68.0,3,13,21,5,289,95.24,92.73,2022
Max Garcia,G,ARZ,11,51.7,3,13,17,1,357,28.6,2,10,13,1,147,95.24,91.16,2022
Trey Pipkins III,T,LAC,14,65.7,8,18,28,2,586,61.5,6,13,21,2,281,95.22,92.53,2022
Dion Dawkins,T,BUF,15,80.0,2,25,30,3,626,72.1,2,20,24,2,295,95.21,91.86,2022
Mike McGlinchey,T,SF,17,65.5,3,18,27,6,561,56.7,3,12,20,5,250,95.19,92.0,2022
Evan Brown,G,DET,13,45.5,4,16,22,2,456,33.0,3,15,19,1,228,95.18,91.67,2022
Garett Bolles,T,DEN,5,77.8,0,9,10,1,207,72.5,0,7,7,0,88,95.17,92.05,2022
Cam Robinson,T,JAX,14,74.8,4,19,27,4,558,56.5,4,16,23,3,231,95.16,90.04,2022
Dalton Risner,G,DEN,15,72.6,6,20,29,3,598,66.3,2,15,18,1,270,95.15,93.33,2022
Ikem Ekwonu,T,CAR,17,67.5,1,20,27,6,552,55.7,0,18,22,4,229,95.11,90.39,2022
Donovan Smith,T,TB,13,70.0,7,18,31,6,633,63.2,4,16,24,4,305,95.1,92.13,2022
Danny Pinter,G,IND,8,36.2,3,3,9,3,183,38.0,2,2,6,2,85,95.08,92.94,2022
Matt Skura,G,LA,8,68.1,1,9,13,3,264,62.9,0,8,9,1,112,95.08,91.96,2022
Taylor Decker,T,DET,17,76.5,9,20,33,4,665,66.1,6,16,26,4,323,95.04,91.95,2022
Patrick Mekari,T,BLT,13,80.3,2,7,11,2,220,62.1,1,7,10,2,81,95.0,87.65,2022
Wyatt Teller,G,CLV,15,67.9,5,17,26,4,520,60.0,3,12,18,3,248,95.0,92.74,2022
Zion Johnson,G,LAC,17,52.6,7,28,40,5,799,36.6,6,22,33,5,376,94.99,91.22,2022
Thayer Munford Jr.,T,LV,15,71.0,2,8,11,1,216,63.0,1,7,9,1,94,94.91,90.43,2022
Trai Turner,G,WAS,13,59.1,5,15,22,2,431,58.2,5,10,15,0,197,94.9,92.39,2022
Duane Brown,T,NYJ,12,72.3,4,18,23,1,450,62.0,4,12,17,1,199,94.89,91.46,2022
Kolton Miller,T,LV,16,84.8,5,24,33,4,644,84.0,2,18,23,3,350,94.88,93.43,2022
Alaric Jackson,G,LA,7,69.0,1,11,14,2,272,39.5,1,9,12,2,113,94.85,89.38,2022
Rodger Saffold,G,BUF,16,51.0,4,30,36,2,698,38.8,3,23,28,2,325,94.84,91.38,2022
Cordell Volson,G,CIN,16,52.9,11,22,38,5,729,58.5,5,14,22,3,321,94.79,93.15,2022
Drew Dalman,C,ATL,17,55.1,4,23,27,0,517,63.4,4,5,9,0,152,94.78,94.08,2022
Will Fries,G,IND,10,44.4,2,17,20,1,381,41.3,2,11,13,0,199,94.75,93.47,2022
Jonah Jackson,G,DET,13,53.0,4,22,26,0,494,41.3,3,16,19,0,242,94.74,92.15,2022
Hjalte Froholdt,C,CLV,10,49.0,3,8,18,7,342,45.9,0,4,11,7,167,94.74,93.41,2022
Larry Borom,T,CHI,11,69.9,2,7,14,5,264,57.6,1,4,9,4,98,94.7,90.82,2022
A.J. Cann,G,HST,16,64.8,7,22,34,5,637,54.6,3,17,24,4,282,94.66,91.49,2022
Ronnie Stanley,T,BLT,11,82.8,0,15,16,1,298,77.8,0,11,11,0,122,94.63,90.98,2022
Phil Haynes,G,SEA,14,60.2,3,11,18,4,332,58.2,1,8,13,4,162,94.58,91.98,2022
La'el Collins,T,CIN,15,44.2,7,22,34,5,618,40.6,5,14,23,4,265,94.5,91.32,2022
Charles Leno Jr.,T,WAS,17,80.9,9,20,37,8,669,78.7,5,15,26,6,294,94.47,91.16,2022
Mark Glowinski,G,NYG,16,55.5,4,25,34,5,614,33.5,2,18,25,5,245,94.46,89.8,2022
Dan Moore Jr.,T,PIT,17,67.3,10,22,39,7,686,51.1,10,18,34,6,372,94.31,90.86,2022
Scott Quessenberry,C,HST,16,25.8,4,25,36,7,633,21.9,3,15,23,5,287,94.31,91.99,2022
Alijah Vera-Tucker,G,NYJ,7,61.4,3,12,16,1,276,77.3,3,6,9,0,125,94.2,92.8,2022
Nick Allegretti,G,KC,9,35.4,4,6,10,0,172,23.4,4,5,9,0,71,94.19,87.32,2022
Kelvin Beachum,T,ARZ,17,76.4,8,33,46,5,785,66.6,7,24,35,4,303,94.14,88.45,2022
Jonah Williams,T,CIN,16,63.9,6,25,43,12,724,67.7,2,12,23,9,318,94.06,92.77,2022
Tytus Howard,T,HST,17,70.2,5,30,38,3,640,66.5,3,18,23,2,280,94.06,91.79,2022
Chukwuma Okorafor,T,PIT,17,62.8,5,33,41,3,686,58.4,4,25,31,2,372,94.02,91.67,2022
Max Mitchell,T,NYJ,6,53.8,3,8,14,3,232,46.3,3,7,11,1,110,93.97,90.0,2022
Orlando Brown Jr.,T,KC,17,77.2,7,36,47,4,769,76.7,4,23,30,3,327,93.89,90.83,2022
Riley Reiff,T,CHI,10,67.0,2,13,18,3,293,63.0,1,7,11,3,111,93.86,90.09,2022
Sam Cosmi,T,WAS,11,66.6,2,14,21,5,341,56.3,1,10,16,5,146,93.84,89.04,2022
Conor McDermott,T,NE,8,53.7,5,12,18,1,292,47.1,2,10,13,1,151,93.84,91.39,2022
Trent Brown,T,NE,17,76.1,8,23,39,8,629,66.9,7,18,31,6,327,93.8,90.52,2022
Yosh Nijman,T,GB,17,74.4,1,22,28,5,448,70.7,0,17,22,5,170,93.75,87.06,2022
Tyler Smith,T,DAL,17,64.2,11,22,39,6,623,56.6,7,15,26,4,277,93.74,90.61,2022
Jedrick Wills Jr.,T,CLV,17,69.6,11,24,41,6,652,64.8,6,17,28,5,316,93.71,91.14,2022
Wes Schweitzer,C,WAS,7,42.9,3,9,15,3,238,29.8,2,5,10,3,114,93.7,91.23,2022
Luke Goedeke,G,TB,9,40.7,3,17,22,2,349,19.8,3,13,18,2,149,93.7,87.92,2022
Bernhard Raimann,T,IND,13,71.4,4,16,27,7,428,63.3,3,10,20,7,229,93.69,91.27,2022
Aaron Brewer,G,TEN,17,45.4,4,28,36,4,562,37.1,2,19,25,4,241,93.59,89.63,2022
Josh Jones,T,ARZ,11,75.9,4,19,27,4,417,70.1,1,11,15,3,162,93.53,90.74,2022
Jordan Mailata,T,PHI,16,72.5,1,31,38,6,587,65.3,1,21,27,5,266,93.53,89.85,2022
Rob Havenstein,T,LA,17,68.6,9,26,41,6,632,60.3,7,22,33,4,273,93.51,87.91,2022
Andrew Wylie,T,KC,17,60.8,5,35,49,9,743,60.6,2,21,29,6,319,93.41,90.91,2022
Billy Turner,T,DEN,8,50.7,6,11,19,2,288,45.0,4,8,14,2,128,93.4,89.06,2022
Liam Eichenberg,G,MIA,10,39.6,7,18,27,2,409,21.9,4,13,19,2,147,93.4,87.07,2022
Royce Newman,G,GB,9,54.9,4,10,18,4,271,32.9,4,8,15,3,95,93.36,84.21,2022
Calvin Throckmorton,G,NO,9,45.5,1,14,18,3,263,32.6,1,11,15,3,139,93.16,89.21,2022
Jamaree Salyer,T,LAC,14,75.9,10,31,46,5,669,66.8,4,23,31,4,314,93.12,90.13,2022
Charles Cross,T,SEA,17,63.9,4,37,48,7,693,62.4,2,28,35,5,324,93.07,89.2,2022
Nicholas Petit-Frere,T,TEN,16,50.0,6,24,35,5,504,40.7,5,16,25,4,211,93.06,88.15,2022
Ezra Cleveland,G,MIN,17,53.2,20,28,53,5,759,43.2,15,24,43,4,361,93.02,88.09,2022
Blake Brandel,T,MIN,5,55.0,1,5,13,7,181,60.0,0,3,9,6,94,92.82,90.43,2022
Alex Bars,G,LV,14,55.4,11,22,38,5,528,42.4,10,16,29,3,279,92.8,89.61,2022
George Fant,T,NYJ,8,46.7,8,14,27,5,372,55.4,5,9,18,4,193,92.74,90.67,2022
David Quessenberry,T,BUF,9,62.3,2,12,18,4,247,52.0,2,12,15,1,117,92.71,87.18,2022
Braxton Jones,T,CHI,17,70.5,4,29,40,7,542,53.1,3,21,30,6,206,92.62,85.44,2022
Isaiah Wynn,T,NE,9,52.8,2,11,17,4,229,47.7,1,7,12,4,124,92.58,90.32,2022
Ed Ingram,G,MIN,17,44.4,18,29,58,11,775,29.6,14,24,47,9,364,92.52,87.09,2022
Gabe Jackson,G,SEA,15,51.1,7,22,31,2,412,35.4,3,19,24,2,186,92.48,87.1,2022
Calvin Anderson,T,DEN,9,66.1,3,17,22,2,289,56.0,2,13,17,2,145,92.39,88.28,2022
Spencer Brown,T,BUF,14,49.4,9,29,42,4,551,43.3,3,25,32,4,253,92.38,87.35,2022
Tyler Larsen,C,WAS,8,35.9,5,12,20,3,262,33.1,2,7,11,2,106,92.37,89.62,2022
Cedric Ogbuehi,T,NYJ,7,57.0,1,12,14,1,176,57.6,1,8,10,1,84,92.05,88.1,2022
Matt Pryor,T,IND,11,40.8,5,20,31,6,388,19.5,5,16,27,6,201,92.01,86.57,2022
Tyre Phillips,T,NYG,9,55.0,2,11,16,3,199,47.6,1,7,11,3,89,91.96,87.64,2022
Cody Ford,G,ARZ,8,46.0,1,16,20,3,242,30.6,1,14,17,2,108,91.74,84.26,2022
Brandon Shell,T,MIA,13,51.7,8,30,40,2,479,49.2,6,18,26,2,163,91.65,84.05,2022
James Hudson III,T,CLV,12,43.7,2,12,15,1,177,28.8,2,10,13,1,92,91.53,85.87,2022
Evan Neal,T,NYG,13,47.5,10,22,39,7,453,31.4,6,17,27,4,169,91.39,84.02,2022
Dylan Parham,G,LV,17,48.8,9,40,55,6,635,35.0,7,28,40,5,330,91.34,87.88,2022
Austin Schlottmann,C,MIN,6,46.1,4,10,15,1,173,51.7,4,5,10,1,83,91.33,87.95,2022
Kenyon Green,G,HST,15,27.0,12,31,47,4,525,8.3,8,23,35,4,241,91.05,85.48,2022
Dan Skipper,G,DET,12,19.6,3,12,19,4,203,8.2,2,9,14,3,93,90.64,84.95,2022
Saahdiq Charles,G,WAS,6,29.7,2,13,16,1,168,20.2,2,9,12,1,74,90.48,83.78,2022
Cornelius Lucas,T,WAS,13,63.5,8,22,34,4,356,50.0,7,17,26,2,156,90.45,83.33,2022
Foster Sarell,T,LAC,6,49.7,6,10,18,2,186,35.5,6,6,14,2,79,90.32,82.28,2022
Greg Little,T,MIA,11,29.9,8,23,35,4,352,27.6,6,16,25,3,127,90.06,80.31,2022
Joe Noteboom,T,LA,6,60.1,8,10,23,5,225,48.0,6,8,19,5,114,89.78,83.33,2022
Dennis Daley,T,TEN,16,45.5,9,31,52,12,508,34.6,2,21,32,9,216,89.76,85.19,2022
Jack Driscoll,T,PHI,9,56.2,2,14,19,3,180,53.9,1,10,13,2,76,89.44,82.89,2022
Bobby Evans,G,LA,6,16.4,4,13,24,7,203,0.0,3,12,22,7,87,88.18,74.71,2022
Ryan Kelly,C,IND,14,78.3,0,6,7,1,534,71.1,0,5,6,1,240,98.69,97.5,2023
Robert Hunt,G,MIA,10,74.5,1,3,5,1,329,69.8,0,2,2,0,92,98.48,97.83,2023
Nick Harris,C,CLV,14,66.3,0,3,3,0,169,73.3,0,2,2,0,78,98.22,97.44,2023
Isaiah Wynn,G,MIA,7,67.5,0,4,4,0,224,50.4,0,3,3,0,60,98.21,95.0,2023
Jason Kelce,C,PHI,17,70.2,1,10,12,1,654,70.9,0,8,8,0,317,98.17,97.48,2023
Terron Armstead,T,MIA,10,79.5,0,5,6,1,317,66.4,0,4,5,1,85,98.11,94.12,2023
Brandon Scherff,G,JAX,17,78.7,2,11,15,2,710,70.1,2,8,12,2,319,97.89,96.24,2023
Connor Williams,C,MIA,9,71.7,1,4,6,1,280,66.3,1,3,4,0,72,97.86,94.44,2023
Creed Humphrey,C,KC,17,78.6,3,9,16,4,741,79.3,2,4,9,3,367,97.84,97.55,2023
Lloyd Cushenberry III,C,DEN,17,76.4,4,9,14,1,647,63.7,4,7,12,1,286,97.84,95.8,2023
Chris Lindstrom,G,ATL,16,78.6,2,10,15,3,606,74.9,1,7,10,2,224,97.52,95.54,2023
Tyler Smith,G,DAL,14,68.7,2,14,17,1,608,69.2,1,7,9,1,255,97.2,96.47,2023
Tyler Linderbaum,C,BLT,15,76.1,3,12,15,0,534,75.7,2,9,11,0,257,97.19,95.72,2023
Jarrett Patterson,C,HST,7,53.7,1,7,8,0,277,56.5,1,4,5,0,119,97.11,95.8,2023
Ted Karras,C,CIN,17,69.6,3,12,21,6,725,63.4,1,10,16,5,331,97.1,95.17,2023
Ethan Pocic,C,CLV,15,70.7,2,14,17,1,582,68.6,1,9,10,0,255,97.08,96.08,2023
Penei Sewell,T,DET,17,78.1,5,14,20,1,674,74.1,5,9,15,1,300,97.03,95.0,2023
Tyler Shatley,G,JAX,10,51.3,3,5,9,1,302,36.7,1,3,5,1,131,97.02,96.18,2023
Quenton Nelson,G,IND,17,80.3,3,17,21,1,686,76.1,2,11,13,0,310,96.94,95.81,2023
Frank Ragnow,C,DET,15,73.9,5,12,18,1,576,63.8,2,9,12,1,258,96.88,95.35,2023
T.J. Bass,G,DAL,11,54.9,0,5,6,1,190,44.9,0,4,5,1,66,96.84,92.42,2023
Andre James,C,LV,16,71.2,4,11,19,4,583,64.6,0,7,10,3,285,96.74,96.49,2023
Connor McGovern,G,BUF,17,74.2,4,17,23,2,695,62.5,3,17,21,1,310,96.69,93.23,2023
Kevin Zeitler,G,BLT,15,82.5,1,16,19,2,574,71.7,1,13,16,2,267,96.69,94.01,2023
Greg Van Roten,G,LV,17,77.4,3,13,21,5,626,66.9,2,8,15,5,304,96.65,95.07,2023
Tyron Smith,T,DAL,13,88.6,1,16,18,1,536,85.5,1,7,8,0,236,96.64,96.61,2023
Hjalte Froholdt,C,ARZ,17,61.1,4,16,23,3,679,56.8,2,8,12,2,301,96.61,96.01,2023
Joe Tippmann,C,NYJ,14,52.7,2,15,20,3,578,40.7,1,13,16,2,277,96.54,94.22,2023
Tristan Wirfs,T,TB,17,84.3,6,13,24,5,684,77.9,2,10,17,5,323,96.49,94.74,2023
Austin Jackson,T,MIA,16,64.7,3,14,21,4,592,52.4,1,9,13,3,161,96.45,91.93,2023
Kaleb McGary,T,ATL,14,69.5,4,9,17,4,478,69.3,3,6,12,3,180,96.44,93.33,2023
Laremy Tunsil,T,HST,14,85.4,3,12,20,5,556,78.1,2,9,13,2,261,96.4,95.02,2023
Quinn Meinerz,G,DEN,17,67.8,5,16,23,2,634,56.6,3,14,19,2,282,96.37,93.26,2023
Jon Runyan,G,GB,17,63.5,6,13,21,2,568,52.0,5,7,13,1,240,96.3,94.58,2023
Kolton Miller,T,LV,13,79.3,2,10,16,4,428,84.4,1,6,9,2,214,96.26,95.79,2023
Luke Fortner,C,JAX,17,54.9,3,21,28,4,749,39.2,3,11,18,4,335,96.26,94.63,2023
Mitch Morse,C,BUF,17,74.0,2,23,26,1,693,60.8,2,18,21,1,310,96.25,93.23,2023
Zack Martin,G,DAL,15,77.2,7,11,22,4,581,77.1,3,5,10,2,245,96.21,95.92,2023
Wyatt Teller,G,CLV,16,68.6,4,17,27,6,709,58.3,3,11,20,6,320,96.19,93.75,2023
Garrett Bradbury,C,MIN,14,56.8,5,14,22,3,578,52.4,4,10,17,3,268,96.19,93.66,2023
Tyler Biadasz,C,DAL,16,63.4,4,18,25,3,654,61.8,2,8,11,1,273,96.18,95.97,2023
Erik McCoy,C,NO,17,59.3,2,20,26,4,675,48.6,2,18,22,2,354,96.15,93.79,2023
Anton Harrison,T,JAX,17,60.7,2,20,27,5,701,48.0,2,15,22,5,305,96.15,92.79,2023
Kevin Dotson,G,LA,14,68.3,7,9,20,4,520,58.2,3,7,14,4,265,96.15,94.72,2023
Austin Schlottmann,C,MIN,6,72.3,1,5,7,1,178,66.7,1,4,5,0,80,96.07,93.75,2023
Robert Hainsey,C,TB,17,60.8,2,21,27,4,686,56.5,1,14,18,3,324,96.06,94.44,2023
Sam Cosmi,G,WAS,17,74.0,4,26,31,1,777,71.4,2,19,22,1,386,96.01,94.3,2023
Cam Robinson,T,JAX,9,78.8,2,8,13,3,325,70.1,2,5,8,1,146,96.0,94.52,2023
Phil Haynes,G,SEA,8,59.4,2,5,12,5,299,39.2,2,3,10,5,142,95.99,92.96,2023
John Simpson,G,BLT,17,61.8,5,20,26,1,644,65.1,1,14,16,1,302,95.96,94.7,2023
Chukwuma Okorafor,T,PIT,10,60.7,0,9,11,2,272,67.2,0,6,8,2,154,95.96,94.81,2023
James Hurst,G,NO,15,58.9,3,16,22,3,539,43.9,3,12,18,3,285,95.92,93.68,2023
Dylan Parham,G,LV,17,61.8,5,20,26,1,633,64.3,3,17,21,1,309,95.89,93.2,2023
Trent Williams,T,SF,15,79.8,3,15,18,0,438,74.3,2,13,15,0,192,95.89,92.19,2023
James Daniels,G,PIT,15,60.4,6,15,22,1,531,45.9,3,15,19,1,279,95.86,93.19,2023
Liam Eichenberg,C,MIA,16,44.8,3,13,20,4,479,31.2,3,9,14,2,137,95.82,89.78,2023
Elgton Jenkins,G,GB,15,81.3,6,17,23,0,544,66.6,5,12,17,0,218,95.77,92.2,2023
Josh Myers,C,GB,17,52.7,3,20,28,5,662,31.6,3,14,19,2,275,95.77,93.09,2023
Braden Smith,T,IND,10,71.0,2,12,14,0,329,70.8,2,7,9,0,155,95.74,94.19,2023
Teven Jenkins,G,CHI,12,68.6,3,11,17,3,397,63.7,2,8,13,3,187,95.72,93.05,2023
Evan Brown,C,SEA,16,59.1,3,21,27,3,630,53.6,1,15,19,3,293,95.71,93.52,2023
Will Hernandez,G,ARZ,17,70.2,6,19,29,4,671,59.3,2,14,20,4,295,95.68,93.22,2023
Max Garcia,G,NO,10,59.2,2,6,8,0,184,61.4,1,4,5,0,97,95.65,94.85,2023
Bradley Bozeman,C,CAR,17,48.9,5,19,32,8,730,40.8,5,15,26,6,420,95.62,93.81,2023
Will Fries,G,IND,17,65.4,4,22,30,4,677,56.9,4,15,22,3,306,95.57,92.81,2023
Isaac Seumalo,G,PIT,17,65.5,4,22,26,0,586,50.5,3,19,22,0,311,95.56,92.93,2023
Rob Havenstein,T,LA,14,68.4,2,19,23,2,516,62.4,2,17,20,1,253,95.54,92.09,2023
Joe Thuney,G,KC,17,83.4,6,25,33,2,740,71.6,5,22,29,2,366,95.54,92.08,2023
Cesar Ruiz,G,NO,16,58.3,2,20,27,5,603,39.2,2,17,24,5,317,95.52,92.43,2023
Michael Deiter,C,HST,12,60.4,2,15,20,3,445,46.1,1,14,16,1,212,95.51,92.45,2023
Trystan Colon,G,ARZ,11,69.2,1,6,9,2,200,54.9,1,5,8,2,97,95.5,91.75,2023
Andrew Thomas,T,NYG,10,80.2,1,12,17,4,376,76.6,0,10,14,4,214,95.48,93.46,2023
Jake Matthews,T,ATL,17,80.1,5,17,27,5,596,68.6,3,11,18,4,220,95.47,91.82,2023
Shaq Mason,G,HST,17,65.8,1,28,32,3,707,65.8,0,21,22,1,322,95.47,93.17,2023
Mike Onwenu,T,NE,15,68.0,2,18,23,3,505,56.5,2,13,17,2,234,95.45,92.74,2023
Juice Scruggs,G,HST,7,49.8,2,7,13,4,282,37.1,2,4,10,4,132,95.39,92.42,2023
David Andrews,C,NE,17,51.2,2,22,30,6,649,42.7,1,16,22,5,314,95.38,92.99,2023
Nick Gates,C,WAS,11,61.4,6,10,21,5,455,48.8,3,9,16,4,231,95.38,93.07,2023
Calvin Throckmorton,G,TEN,10,57.8,4,14,18,0,389,51.9,4,10,14,0,225,95.37,93.78,2023
Trey Smith,G,KC,17,65.7,5,27,34,2,730,52.7,5,23,30,2,364,95.34,91.76,2023
Robert Jones,G,MIA,7,47.0,1,9,12,2,257,35.5,1,5,7,1,70,95.33,90.0,2023
Steve Avila,G,LA,17,67.2,7,23,32,2,685,53.9,4,21,26,1,344,95.33,92.44,2023
Damien Lewis,G,SEA,16,63.0,1,25,29,3,610,52.6,1,20,23,2,290,95.25,92.07,2023
Christian Darrisaw,T,MIN,15,85.3,13,12,31,6,650,79.2,10,7,22,5,298,95.23,92.62,2023
Ben Powers,G,DEN,17,62.1,2,25,31,4,649,48.2,2,18,24,4,286,95.22,91.61,2023
Cody Whitehair,G,CHI,14,55.0,4,15,22,3,454,53.2,3,12,17,2,211,95.15,91.94,2023
Aaron Banks,G,SF,14,54.9,6,17,23,0,474,45.4,4,13,17,0,195,95.15,91.28,2023
Alex Cappa,G,CIN,17,58.6,7,24,35,4,716,53.4,2,20,25,3,326,95.11,92.33,2023
Trent Brown,T,NE,11,72.8,6,8,17,3,346,65.7,5,6,14,3,169,95.09,91.72,2023
Matt Feiler,G,TB,6,65.0,2,10,12,0,244,41.4,1,10,11,0,93,95.08,88.17,2023
Garett Bolles,T,DEN,17,83.8,2,27,32,3,649,77.8,1,19,22,2,286,95.07,92.31,2023
D.J. Humphries,T,ARZ,15,67.7,5,19,28,4,568,63.5,2,15,19,2,251,95.07,92.43,2023
Dion Dawkins,T,BUF,17,76.4,7,26,34,1,689,65.3,5,20,26,1,307,95.07,91.53,2023
Lucas Patrick,C,CHI,16,40.6,3,25,28,0,563,32.8,3,16,19,0,264,95.03,92.8,2023
Zion Johnson,G,LAC,15,58.8,7,22,33,4,661,53.4,5,18,27,4,335,95.01,91.94,2023
Rashawn Slater,T,LAC,17,84.7,7,28,38,3,762,80.6,5,22,29,2,384,95.01,92.45,2023
Dawand Jones,T,CLV,11,73.0,3,15,21,3,419,70.7,2,8,13,3,194,94.99,93.3,2023
Zach Tom,T,GB,17,73.9,2,29,33,2,656,62.1,1,22,25,2,269,94.97,90.71,2023
Jermaine Eluemunor,T,LV,17,64.7,6,16,28,6,552,59.4,5,12,22,5,271,94.93,91.88,2023
Coleman Shelton,C,LA,17,48.9,11,21,34,2,671,39.0,7,14,23,2,340,94.93,93.24,2023
Jake Brendel,C,SF,17,42.3,3,24,29,2,571,57.5,1,11,13,1,244,94.92,94.67,2023
Mason Cole,C,PIT,17,39.6,5,24,31,2,604,28.7,4,21,27,2,324,94.87,91.67,2023
Joel Bitonio,G,CLV,15,71.2,3,27,32,2,621,60.9,3,23,27,1,281,94.85,90.39,2023
Will Clapp,C,LAC,12,55.1,6,17,24,1,464,44.9,6,14,21,1,247,94.83,91.5,2023
Cordell Volson,G,CIN,17,46.7,6,27,38,5,730,41.5,3,19,27,5,333,94.79,91.89,2023
Matthew Bergeron,G,ATL,17,57.1,8,19,33,6,632,42.6,6,12,23,5,228,94.78,89.91,2023
Ezra Cleveland,G,JAX,13,57.4,4,21,28,3,526,48.4,3,14,19,2,245,94.68,92.24,2023
Morgan Moses,T,BLT,14,75.9,0,19,24,5,450,71.4,0,10,14,4,199,94.67,92.96,2023
George Fant,T,HST,15,69.4,4,23,30,3,559,62.7,3,17,22,2,251,94.63,91.24,2023
Charles Leno Jr.,T,WAS,13,77.8,5,26,34,3,631,72.9,2,21,25,2,319,94.61,92.16,2023
Jamaree Salyer,G,LAC,17,61.2,8,25,41,8,754,50.3,7,18,32,7,382,94.56,91.62,2023
Landon Dickerson,G,PHI,16,77.6,5,26,34,3,624,70.1,4,17,21,0,312,94.55,93.27,2023
Jake Hanson,G,NYJ,5,59.7,1,8,9,0,165,58.3,1,6,7,0,78,94.55,91.03,2023
Ryan Ramczyk,T,NO,12,73.6,2,19,25,4,458,69.7,1,17,22,4,248,94.54,91.13,2023
Aaron Brewer,C,TEN,17,52.5,7,21,34,6,622,28.5,5,17,27,5,270,94.53,90.0,2023
Bernhard Raimann,T,IND,15,81.3,5,25,34,4,620,70.9,3,20,25,2,278,94.52,91.01,2023
Lester Cotton,G,MIA,11,57.2,3,14,20,3,362,38.4,2,10,15,3,100,94.48,85.0,2023
Jonah Jackson,G,DET,12,62.7,8,14,24,2,432,41.5,7,10,19,2,172,94.44,88.95,2023
Sidy Sow,G,NE,13,46.3,4,18,27,5,486,31.4,4,13,22,5,230,94.44,90.43,2023
Drew Dalman,C,ATL,14,53.0,6,21,29,2,519,54.1,3,10,14,1,196,94.41,92.86,2023
Brian O'Neill,T,MIN,14,73.4,2,25,33,6,590,67.6,2,21,28,5,270,94.41,89.63,2023
Kendall Lamm,T,MIA,11,67.1,1,15,20,4,357,60.7,1,9,12,2,103,94.4,88.35,2023
Jonah Williams,T,CIN,17,57.9,10,23,41,8,730,53.2,4,17,29,8,333,94.38,91.29,2023
Taylor Moton,T,CAR,17,78.1,0,40,41,1,730,73.2,0,36,37,1,420,94.38,91.19,2023
Cam Jurgens,G,PHI,11,55.0,2,20,22,0,383,52.3,1,10,11,0,178,94.26,93.82,2023
Spencer Brown,T,BUF,17,65.0,5,30,40,5,694,55.0,2,19,25,4,310,94.24,91.94,2023
O'Cyrus Torrence,G,BUF,17,49.2,3,34,40,3,695,35.4,1,24,27,2,310,94.24,91.29,2023
Lane Johnson,T,PHI,16,79.5,2,28,33,3,572,76.1,2,19,22,1,271,94.23,91.88,2023
Daniel Brunskill,G,TEN,14,67.7,5,19,26,2,449,48.3,4,15,21,2,194,94.21,89.18,2023
Luke Goedeke,T,TB,17,71.2,5,30,40,5,686,68.3,3,21,27,3,324,94.17,91.67,2023
Jon Feliciano,G,SF,8,66.5,2,13,15,0,257,52.5,2,11,13,0,118,94.16,88.98,2023
Walker Little,T,JAX,11,62.6,3,21,26,2,439,57.6,3,16,20,1,190,94.08,89.47,2023
Ikem Ekwonu,T,CAR,17,62.3,9,24,44,11,730,56.9,6,17,32,9,420,93.97,92.38,2023
Andrew Wylie,T,WAS,15,67.5,6,27,42,9,693,60.3,6,20,34,8,354,93.94,90.4,2023
Ben Bredeson,G,NYG,16,42.4,1,33,39,5,641,28.9,0,26,31,5,326,93.92,90.49,2023
Paris Johnson Jr.,T,ARZ,17,64.2,8,26,42,8,685,58.7,6,15,27,6,304,93.87,91.12,2023
Peter Skoronski,G,TEN,14,63.5,7,20,32,5,521,45.9,6,17,27,4,230,93.86,88.26,2023
Chris Hubbard,T,TEN,9,67.8,4,10,18,4,292,65.8,2,8,11,1,126,93.84,91.27,2023
Dalton Risner,G,MIN,12,67.4,11,19,30,0,485,64.6,6,13,19,0,227,93.81,91.63,2023
John Michael Schmitz Jr.,C,NYG,13,26.9,2,23,30,5,484,20.5,2,17,22,3,264,93.8,91.67,2023
Tyre Phillips,T,NYG,10,64.5,2,17,21,2,334,62.7,1,12,15,2,185,93.71,91.89,2023
Andrus Peat,T,NO,13,54.5,8,20,30,2,476,38.8,8,16,26,2,243,93.7,89.3,2023
Patrick Mekari,T,BLT,15,62.6,3,12,20,5,316,61.9,2,6,12,4,155,93.67,92.26,2023
Taylor Decker,T,DET,15,80.0,7,23,38,8,598,63.8,5,20,33,8,256,93.65,87.11,2023
Graham Glasgow,G,DET,16,56.2,7,30,39,2,614,48.1,4,21,27,2,276,93.65,90.22,2023
Chuma Edoga,T,DAL,12,63.7,5,8,16,3,251,62.4,1,6,7,0,76,93.63,90.79,2023
Rasheed Walker,T,GB,17,74.1,3,24,33,6,515,68.6,2,13,21,6,215,93.59,90.23,2023
Jawaan Taylor,T,KC,17,66.4,9,33,47,5,727,61.8,8,25,36,3,362,93.54,90.06,2023
Cole Strange,G,NE,10,57.7,3,16,22,3,340,40.2,3,11,16,2,158,93.53,89.87,2023
Ed Ingram,G,MIN,15,60.9,15,22,42,5,640,44.8,12,15,31,4,287,93.44,89.2,2023
Aaron Stinnie,G,TB,11,51.4,2,25,29,2,442,40.8,2,15,19,2,231,93.44,91.77,2023
Joshua Ezeudu,T,NYG,6,39.3,0,7,12,5,181,20.2,0,4,9,5,72,93.37,87.5,2023
Jordan Mailata,T,PHI,17,83.2,2,40,45,3,678,74.9,0,31,34,3,330,93.36,89.7,2023
Trey Pipkins III,T,LAC,17,67.3,8,32,49,9,736,61.9,7,25,40,8,372,93.34,89.25,2023
Anthony Bradford,G,SEA,12,38.9,5,22,28,1,419,23.4,4,18,23,1,194,93.32,88.14,2023
Alaric Jackson,T,LA,15,67.2,7,31,39,1,570,59.2,4,26,31,1,291,93.16,89.35,2023
David Quessenberry,T,MIN,6,68.3,4,11,16,1,231,62.8,3,8,12,1,110,93.07,89.09,2023
Marcus McKethan,G,NYG,9,26.8,5,10,17,2,245,2.4,3,8,12,1,96,93.06,87.5,2023
Laken Tomlinson,G,NYJ,17,60.6,10,34,51,7,733,46.4,9,22,37,6,359,93.04,89.69,2023
Cody Mauch,G,TB,17,52.2,6,35,48,7,686,47.1,4,27,37,6,324,93.0,88.58,2023
Broderick Jones,T,PIT,14,52.1,5,20,29,4,405,43.3,5,16,25,4,213,92.84,88.26,2023
Spencer Burford,G,SF,14,28.3,2,26,33,5,460,23.8,1,14,19,4,200,92.83,90.5,2023
Terence Steele,T,DAL,17,45.9,12,34,54,8,735,30.2,10,28,45,7,297,92.65,84.85,2023
Tyler Larsen,C,WAS,7,28.7,4,17,24,3,325,23.7,4,10,17,3,156,92.62,89.1,2023
Tytus Howard,G,HST,7,38.9,3,14,18,1,243,18.7,3,12,15,0,111,92.59,86.49,2023
Connor McGovern,C,NYJ,7,30.5,5,12,18,1,240,21.9,4,10,15,1,130,92.5,88.46,2023
Nate Davis,G,CHI,11,47.9,7,21,29,1,384,26.0,7,17,24,0,180,92.45,86.67,2023
Charles Cross,T,SEA,14,69.7,5,31,42,6,554,61.2,5,24,35,6,268,92.42,86.94,2023
Braxton Jones,T,CHI,11,70.8,2,28,32,2,421,60.7,2,22,26,2,203,92.4,87.19,2023
Carter Warren,T,NYJ,6,45.5,2,13,20,5,258,33.5,1,11,16,4,115,92.25,86.09,2023
Mekhi Becton,T,NYJ,16,60.7,8,30,50,12,644,55.1,6,24,39,9,313,92.24,87.54,2023
Trevor Penning,T,NO,7,60.8,3,12,19,4,245,47.1,2,9,14,3,129,92.24,89.15,2023
Justin Pugh,G,NYG,12,37.8,2,27,37,8,473,29.3,1,19,26,6,243,92.18,89.3,2023
Cade Mays,G,CAR,10,43.0,2,16,21,3,267,46.6,0,11,12,1,148,92.13,91.89,2023
Darnell Wright,T,CHI,17,61.4,3,41,51,7,646,62.9,0,29,32,3,303,92.11,89.44,2023
Dillon Radunz,T,TEN,13,59.7,5,26,36,5,455,49.9,4,20,28,4,204,92.09,86.27,2023
Mark Glowinski,G,NYG,12,53.4,1,17,24,6,303,29.5,1,15,22,6,127,92.08,82.68,2023
Sua Opeta,G,PHI,9,57.9,2,20,25,3,311,50.3,1,13,17,3,148,91.96,88.51,2023
Joe Noteboom,T,LA,9,51.6,5,19,28,4,346,49.5,3,12,19,4,170,91.91,88.82,2023
Saahdiq Charles,G,WAS,11,53.9,3,30,37,4,455,46.1,2,24,30,4,238,91.87,87.39,2023
Colton McKivitz,T,SF,17,56.4,4,34,47,9,573,50.6,2,26,34,6,244,91.8,86.07,2023
Geron Christian,T,CLV,10,53.1,6,23,33,4,400,49.0,4,17,24,3,173,91.75,86.13,2023
Orlando Brown Jr.,T,CIN,17,66.6,7,45,59,7,714,53.5,6,33,45,6,323,91.74,86.07,2023
Donovan Smith,T,KC,12,60.3,7,33,42,2,506,51.9,5,23,30,2,248,91.7,87.9,2023
Chris Paul,G,WAS,7,27.8,5,16,26,5,307,4.4,4,12,21,5,145,91.53,85.52,2023
Xavier Newman,G,NYJ,6,31.9,3,9,16,4,188,10.7,2,8,14,4,76,91.49,81.58,2023
Alijah Vera-Tucker,T,NYJ,5,56.8,1,11,14,2,164,55.4,0,9,11,2,90,91.46,87.78,2023
Mike McGlinchey,T,DEN,16,63.5,8,35,49,6,569,61.0,4,25,33,4,246,91.39,86.59,2023
Elijah Wilkinson,G,ARZ,10,40.7,4,18,25,3,285,16.0,3,16,22,3,112,91.23,80.36,2023
Max Mitchell,T,NYJ,8,47.5,4,20,30,6,336,37.3,3,16,24,5,166,91.07,85.54,2023
James Hudson III,T,CLV,13,51.1,7,18,29,4,321,51.6,4,10,16,2,138,90.97,88.41,2023
Ronnie Stanley,T,BLT,13,72.4,5,30,39,4,431,59.0,3,25,32,4,204,90.95,84.31,2023
Jedrick Wills Jr.,T,CLV,8,60.1,5,21,29,3,319,54.4,3,14,18,1,153,90.91,88.24,2023
Austin Corbett,G,CAR,4,44.5,1,12,16,3,176,42.4,1,9,12,2,103,90.91,88.35,2023
Thayer Munford Jr.,T,LV,14,59.2,5,19,28,4,303,50.2,3,14,21,4,131,90.76,83.97,2023
Abraham Lucas,T,SEA,6,44.4,0,15,17,2,182,39.1,0,10,12,2,88,90.66,86.36,2023
Evan Neal,T,NYG,7,38.5,5,22,29,2,309,25.1,3,18,21,0,139,90.61,84.89,2023
Kayode Awosika,G,DET,4,51.0,3,12,16,1,159,34.5,2,7,10,1,76,89.94,86.84,2023
Wanya Morris,T,KC,8,63.4,7,15,24,2,235,59.7,4,11,17,2,116,89.79,85.34,2023
Stone Forsythe,T,SEA,12,40.8,7,20,32,5,312,27.2,6,17,27,4,148,89.74,81.76,2023
Dan Moore Jr.,T,PIT,16,39.7,8,39,55,8,535,31.0,6,31,44,7,281,89.72,84.34,2023
Nash Jensen,G,CAR,7,33.7,2,15,18,1,171,33.3,1,12,13,0,100,89.47,87.0,2023
Blake Freeland,T,IND,12,42.6,4,37,45,4,426,32.1,1,27,31,3,187,89.44,83.42,2023
Atonio Mafi,G,NE,12,27.7,3,24,32,5,296,14.3,1,18,24,5,146,89.19,83.56,2023
Larry Borom,T,CHI,8,45.2,6,16,25,3,225,43.9,2,10,14,2,100,88.89,86.0,2023
Charlie Heck,T,HST,4,38.9,1,16,18,1,156,51.5,1,11,12,0,69,88.46,82.61,2023
Andre Dillard,T,TEN,12,47.4,9,20,41,12,331,37.6,4,14,27,9,138,87.61,80.43,2023
Vederian Lowe,T,NE,11,36.0,3,29,38,6,290,27.2,2,24,31,5,143,86.9,78.32,2023
Chandler Zavala,G,CAR,7,7.1,7,20,33,6,249,1.4,6,17,28,5,143,86.75,80.42,2023
Jake Curhan,T,SEA,6,39.2,6,18,27,3,187,29.7,5,12,20,3,82,85.56,75.61,2023
Jaelyn Duncan,T,TEN,8,29.2,10,17,36,9,207,20.0,8,11,27,8,88,82.61,69.32,2023
Creed Humphrey,C,KC,17,90.6,2,5,7,0,708,86.3,2,2,4,0,314,99.01,98.73,2024
Luke Wattenberg,C,DEN,13,82.0,2,4,8,2,515,71.3,2,2,6,2,215,98.45,97.21,2024
Austin Corbett,C,CAR,5,64.7,1,1,3,1,187,66.4,1,1,2,0,76,98.4,97.37,2024
Quinn Meinerz,G,DEN,17,80.3,4,7,12,1,682,68.9,3,4,8,1,300,98.24,97.33,2024
Tristan Wirfs,T,TB,16,93.7,1,11,12,0,638,88.7,0,9,9,0,299,98.12,96.99,2024
Aaron Brewer,C,MIA,17,70.2,1,11,14,2,714,48.8,1,7,9,1,191,98.04,95.29,2024
Brock Hoffman,G,DAL,11,62.1,3,2,6,1,286,42.7,3,2,6,1,119,97.9,94.96,2024
Zach Frazier,C,PIT,15,66.6,2,9,12,1,548,57.5,1,6,8,1,219,97.81,96.35,2024
Mitch Morse,C,JAX,17,61.9,2,9,14,3,634,56.0,1,8,11,2,322,97.79,96.58,2024
Lane Johnson,T,PHI,15,88.1,1,9,10,0,451,85.5,0,7,7,0,230,97.78,96.96,2024
Jordan Meredith,G,LV,9,75.7,1,8,9,0,399,69.4,1,4,5,0,177,97.74,97.18,2024
Tyler Biadasz,C,WAS,15,64.8,0,13,14,1,561,51.3,0,10,10,0,228,97.5,95.61,2024
Connor Williams,C,SEA,9,62.3,3,6,11,2,427,64.1,3,4,9,2,217,97.42,95.85,2024
Alijah Vera-Tucker,G,NYJ,15,74.5,4,8,16,4,619,71.6,2,5,8,1,211,97.42,96.21,2024
Cody Mauch,G,TB,17,76.5,1,15,18,2,696,72.9,1,8,10,1,322,97.41,96.89,2024
Cooper Beebe,C,DAL,16,60.3,5,10,18,3,692,62.3,3,7,13,3,328,97.4,96.04,2024
Taylor Moton,T,CAR,14,80.6,2,11,14,1,538,72.8,1,8,10,1,234,97.4,95.73,2024
Brandon Scherff,G,JAX,17,74.5,1,16,17,0,625,61.5,1,14,15,0,318,97.28,95.28,2024
Cesar Ruiz,G,NO,13,67.5,2,10,13,1,477,62.8,1,8,10,1,219,97.27,95.43,2024
Tyler Linderbaum,C,BLT,17,65.7,3,13,16,0,578,52.0,2,12,14,0,270,97.23,94.81,2024
Daniel Brunskill,C,TEN,15,55.6,4,7,11,0,395,49.3,3,4,7,0,218,97.22,96.79,2024
Elgton Jenkins,G,GB,17,83.1,2,13,16,1,562,77.6,1,9,11,1,253,97.15,95.65,2024
Brian O'Neill,T,MIN,17,82.1,0,17,19,2,664,81.1,0,12,13,1,343,97.14,96.21,2024
Laremy Tunsil,T,HST,17,88.6,3,14,19,2,659,80.4,2,12,15,1,316,97.12,95.25,2024
Ryan Neuzil,C,ATL,10,63.6,2,7,10,1,346,55.5,1,5,6,0,194,97.11,96.91,2024
John Simpson,G,NYJ,17,72.3,6,11,20,3,682,54.6,2,10,15,3,236,97.07,93.64,2024
Ted Karras,C,CIN,17,78.0,6,15,23,2,775,73.9,5,6,12,1,338,97.03,96.45,2024
Garett Bolles,T,DEN,17,88.4,2,16,20,2,671,84.6,1,10,13,2,293,97.02,95.56,2024
T.J. Bass,G,DAL,9,45.0,1,4,6,1,200,33.1,1,3,5,1,100,97.0,95.0,2024
Lucas Patrick,G,NO,10,60.3,0,10,10,0,330,46.0,0,8,8,0,149,96.97,94.63,2024
Ben Powers,G,DEN,17,66.6,3,15,21,3,686,59.9,2,9,14,3,301,96.94,95.35,2024
Cade Mays,C,CAR,9,74.9,2,8,10,0,327,63.4,1,7,8,0,154,96.94,94.81,2024
Olusegun Oluwatimi,C,SEA,8,54.8,3,5,8,0,260,60.3,2,2,4,0,130,96.92,96.92,2024
Evan Brown,G,ARZ,17,73.5,0,18,20,2,644,54.2,0,15,16,1,235,96.89,93.19,2024
Kevin Zeitler,G,DET,16,70.7,4,9,18,5,577,65.5,3,4,11,4,215,96.88,94.88,2024
Luke Goedeke,T,TB,13,75.8,0,14,17,3,542,68.8,0,8,11,3,263,96.86,95.82,2024
Spencer Brown,T,BUF,15,76.2,3,13,17,1,537,72.3,2,8,11,1,252,96.83,95.63,2024
Jonah Williams,T,ARZ,6,73.3,0,7,7,0,221,63.4,0,7,7,0,99,96.83,92.93,2024
Terron Armstead,T,MIA,15,84.8,2,11,16,3,501,67.7,1,7,11,3,136,96.81,91.91,2024
Joe Tippmann,C,NYJ,17,63.1,3,15,23,5,712,35.8,2,13,19,4,243,96.77,92.18,2024
Tyler Smith,G,DAL,16,76.0,4,16,22,2,682,65.4,2,11,15,2,327,96.77,95.41,2024
Ezra Cleveland,G,JAX,15,67.8,3,11,18,4,558,49.8,3,11,18,4,275,96.77,93.45,2024
Sam Cosmi,G,WAS,17,74.3,5,17,23,1,700,55.3,4,13,18,1,279,96.71,93.55,2024
Quenton Nelson,G,IND,17,79.7,8,9,20,3,608,75.9,5,6,14,3,275,96.71,94.91,2024
Connor McGovern,C,NYJ,6,69.7,1,7,8,0,243,67.2,1,5,6,0,111,96.71,94.59,2024
Tanor Bortolini,C,IND,7,64.6,2,5,7,0,211,56.9,1,2,3,0,87,96.68,96.55,2024
Joe Alt,T,LAC,16,79.4,1,13,20,6,602,72.7,1,8,14,5,268,96.68,94.78,2024
Hjalte Froholdt,C,ARZ,17,66.1,5,14,22,3,658,56.6,1,7,11,3,244,96.66,95.49,2024
Jarrett Patterson,C,HST,10,69.9,3,6,12,3,356,63.8,2,5,9,2,167,96.63,94.61,2024
Mike McGlinchey,T,DEN,13,74.5,1,14,18,3,534,72.9,0,11,14,3,224,96.63,93.75,2024
Drew Dalman,C,ATL,9,66.6,1,7,10,2,295,53.2,1,6,9,2,164,96.61,94.51,2024
Ryan Kelly,C,IND,10,71.9,1,9,11,1,324,62.6,1,7,9,1,151,96.6,94.04,2024
Frank Ragnow,C,DET,16,63.6,7,11,20,2,583,44.0,5,9,15,1,217,96.57,93.09,2024
Morgan Moses,T,NYJ,14,69.2,2,12,16,2,467,61.5,1,9,10,0,165,96.57,93.94,2024
Teven Jenkins,G,CHI,14,75.8,1,12,17,4,495,64.8,0,9,13,4,251,96.57,94.82,2024
Jordan Mailata,T,PHI,12,91.7,0,13,14,1,406,90.5,0,8,9,1,213,96.55,95.77,2024
Coleman Shelton,C,CHI,17,68.4,3,20,26,3,743,56.8,2,16,21,3,387,96.5,94.57,2024
Joe Thuney,G,KC,17,82.0,6,19,25,0,708,79.9,3,15,18,0,314,96.47,94.27,2024
Graham Barton,C,TB,16,63.7,2,20,23,1,651,47.9,2,17,19,0,300,96.47,93.67,2024
Kendall Lamm,T,MIA,9,83.1,1,11,12,0,336,77.8,1,6,7,0,99,96.43,92.93,2024
Jackson Powers-Johnson,G,LV,15,68.3,3,18,23,2,633,61.8,1,13,16,2,284,96.37,94.37,2024
Ben Brown,C,NE,10,47.3,2,10,16,4,440,39.6,1,9,12,2,211,96.36,94.31,2024
Matt Pryor,G,CHI,15,78.1,0,17,24,7,659,65.8,0,16,23,7,345,96.36,93.33,2024
Trey Smith,G,KC,17,70.7,5,21,26,0,708,60.5,3,17,20,0,314,96.33,93.63,2024
Ethan Pocic,C,CLV,16,66.2,6,19,28,3,747,61.9,4,9,14,1,318,96.25,95.6,2024
Dion Dawkins,T,BUF,16,81.2,4,15,22,3,585,70.9,4,10,16,2,277,96.24,94.22,2024
Andre James,C,LV,11,65.4,1,14,17,2,448,62.3,1,9,12,2,223,96.21,94.62,2024
Kelvin Beachum,T,ARZ,14,75.4,2,10,16,4,418,70.2,0,5,9,4,137,96.17,93.43,2024
Damien Lewis,G,CAR,16,72.0,2,16,24,6,616,65.2,2,10,18,6,282,96.1,93.62,2024
Kevin Dotson,G,LA,16,65.6,6,14,23,3,587,51.5,3,12,17,2,277,96.08,93.86,2024
Joel Bitonio,G,CLV,17,70.2,5,24,32,3,815,63.8,2,16,21,3,340,96.07,93.82,2024
Jake Brendel,C,SF,17,55.1,3,22,26,1,656,40.1,3,16,20,1,316,96.04,93.67,2024
Rashawn Slater,T,LAC,15,90.4,7,12,22,3,547,85.4,4,5,11,2,244,95.98,95.49,2024
Mason McCormick,G,PIT,15,63.2,2,17,21,2,523,54.9,0,14,15,1,204,95.98,92.65,2024
Juice Scruggs,C,HST,13,63.3,3,14,22,5,543,44.7,3,9,17,5,251,95.95,93.23,2024
Walker Little,T,JAX,11,73.5,5,6,13,2,316,64.6,4,6,12,2,170,95.89,92.94,2024
Beaux Limmer,C,LA,15,42.9,4,16,21,1,510,31.3,1,12,13,0,230,95.88,94.35,2024
Connor McGovern,C,BUF,16,68.9,0,24,24,0,581,48.6,0,20,20,0,276,95.87,92.75,2024
Robert Jones,G,MIA,17,54.3,4,19,28,5,676,29.4,4,15,22,3,174,95.86,87.36,2024
Dillon Radunz,G,TEN,15,63.9,2,15,23,6,547,48.1,1,12,19,6,272,95.8,93.01,2024
Peter Skoronski,G,TEN,17,76.3,6,18,28,4,661,74.6,4,14,21,3,345,95.76,93.91,2024
Bernhard Raimann,T,IND,14,82.0,2,14,20,4,471,68.2,1,13,18,4,217,95.75,91.71,2024
David Edwards,G,BUF,16,63.6,2,23,25,0,587,55.3,1,16,17,0,276,95.74,93.84,2024
Zach Tom,T,GB,17,82.1,2,19,24,3,562,83.2,1,11,14,2,253,95.73,94.47,2024
Bradley Bozeman,C,LAC,17,52.3,4,19,27,4,630,53.6,2,11,15,2,278,95.71,94.6,2024
Christian Darrisaw,T,MIN,7,79.9,1,7,10,2,231,70.2,1,6,9,2,110,95.67,91.82,2024
John Michael Schmitz Jr.,C,NYG,15,50.2,5,17,28,6,646,40.2,4,14,21,3,290,95.67,92.76,2024
Alaric Jackson,T,LA,14,79.5,4,15,22,3,502,72.1,2,12,16,2,224,95.62,92.86,2024
Cornelius Lucas,T,WAS,11,79.1,0,11,12,1,273,80.9,0,6,6,0,98,95.6,93.88,2024
Wyatt Teller,G,CLV,13,63.1,4,21,27,2,610,50.9,3,16,21,2,267,95.57,92.13,2024
Trent Williams,T,SF,10,84.5,3,13,17,1,381,82.4,0,8,9,1,187,95.54,95.19,2024
Paris Johnson Jr.,T,ARZ,14,78.1,2,17,23,4,515,69.9,1,12,16,3,197,95.53,91.88,2024
Liam Eichenberg,G,MIA,17,49.7,3,24,29,2,644,33.5,0,16,17,1,174,95.5,90.23,2024
Darnell Wright,T,CHI,16,75.4,3,21,30,6,662,70.2,2,12,20,6,328,95.47,93.9,2024
Orlando Brown Jr.,T,CIN,11,69.5,3,14,20,3,441,67.1,0,11,14,3,195,95.46,92.82,2024
Penei Sewell,T,DET,17,74.1,5,22,28,1,617,71.1,2,13,16,1,228,95.46,92.98,2024
Alex Forsyth,C,DEN,6,58.8,1,5,8,2,173,56.8,0,4,6,2,86,95.38,93.02,2024
Dalton Risner,G,MIN,8,76.2,1,15,16,0,345,73.0,1,11,12,0,188,95.36,93.62,2024
Lloyd Cushenberry III,C,TEN,8,57.2,1,13,14,0,299,52.6,0,10,10,0,140,95.32,92.86,2024
Mike Onwenu,G,NE,17,71.9,6,23,31,2,658,73.5,5,14,20,1,326,95.29,93.87,2024
Jake Matthews,T,ATL,17,85.4,4,21,30,5,636,76.8,4,16,25,5,355,95.28,92.96,2024
Sean Rhyan,G,GB,17,69.4,7,13,24,4,502,51.9,5,9,18,4,228,95.22,92.11,2024
Greg Van Roten,G,NYG,17,64.9,4,24,35,7,727,55.8,3,17,23,3,334,95.19,93.11,2024
Austin Jackson,T,MIA,8,60.1,3,9,15,3,312,68.4,1,4,6,1,72,95.19,91.67,2024
Cam Jurgens,C,PHI,16,56.5,1,20,25,4,519,54.6,1,14,19,4,268,95.18,92.91,2024
Andrew Wylie,T,WAS,14,62.7,3,23,26,0,532,57.5,3,14,17,0,217,95.11,92.17,2024
Ben Bredeson,G,TB,17,59.5,3,29,34,2,696,44.4,3,26,30,1,322,95.11,90.68,2024
Will Hernandez,G,ARZ,5,74.2,0,8,8,0,163,76.2,0,3,3,0,52,95.09,94.23,2024
Steve Avila,G,LA,10,50.6,7,7,17,3,345,50.5,4,3,9,2,150,95.07,94.0,2024
Chris Lindstrom,G,ATL,17,68.0,8,22,31,1,627,67.7,5,17,23,1,350,95.06,93.43,2024
Jonah Jackson,G,LA,4,59.3,2,7,9,0,181,43.6,2,6,8,0,96,95.03,91.67,2024
Jermaine Eluemunor,T,NYG,15,71.0,9,16,29,4,579,67.9,6,8,17,3,243,94.99,93.0,2024
Jamaree Salyer,G,LAC,10,57.6,1,7,9,1,175,48.5,0,4,5,1,73,94.86,93.15,2024
Patrick Mekari,G,BLT,17,70.3,0,26,27,1,517,63.9,0,18,19,1,239,94.78,92.05,2024
Michael Jordan,G,NE,11,60.4,3,17,23,3,441,46.1,3,14,20,3,225,94.78,91.11,2024
Laken Tomlinson,G,SEA,17,66.0,8,24,38,6,724,52.7,7,15,26,4,363,94.75,92.84,2024
Jawaan Taylor,T,KC,16,70.8,6,24,37,7,697,65.7,4,19,28,5,310,94.69,90.97,2024
Aaron Banks,G,SF,13,60.5,4,20,25,1,471,51.1,4,14,19,1,235,94.69,91.91,2024
Zion Johnson,G,LAC,17,63.6,13,15,33,5,621,55.4,6,11,19,2,274,94.69,93.07,2024
Kolton Miller,T,LV,17,82.2,6,25,38,7,716,80.4,2,14,21,5,328,94.69,93.6,2024
Nick Allegretti,G,WAS,17,57.5,1,33,37,3,696,29.9,1,28,32,3,279,94.68,88.53,2024
Anton Harrison,T,JAX,16,65.9,4,23,31,4,582,55.8,2,19,24,3,293,94.67,91.81,2024
Mekhi Becton,G,PHI,15,64.2,2,19,24,3,450,59.7,0,12,14,2,236,94.67,94.07,2024
Tytus Howard,T,HST,16,76.2,2,29,35,4,655,65.9,2,26,32,4,314,94.66,89.81,2024
Dominick Puni,G,SF,17,68.9,0,32,35,3,656,53.9,0,27,29,2,316,94.66,90.82,2024
Matthew Bergeron,G,ATL,17,68.5,9,21,33,3,618,59.7,6,18,27,3,343,94.66,92.13,2024
Jon Runyan,G,NYG,13,62.6,4,23,29,2,541,51.0,3,15,20,2,251,94.64,92.03,2024
Zack Martin,G,DAL,10,62.0,1,18,24,5,447,52.2,1,15,20,4,229,94.63,91.27,2024
Evan Neal,T,NYG,9,49.6,5,10,17,2,314,47.6,1,7,10,2,151,94.59,93.38,2024
Shane Lemieux,C,NO,6,42.1,0,11,12,1,221,22.1,0,9,10,1,109,94.57,90.83,2024
Landon Dickerson,G,PHI,16,73.6,4,18,27,5,496,63.2,4,15,24,5,257,94.56,90.66,2024
Garrett Bradbury,C,MIN,17,48.2,6,27,37,4,677,39.9,6,20,28,2,353,94.53,92.07,2024
Terence Steele,T,DAL,17,57.5,6,26,41,9,746,47.7,4,23,36,9,353,94.5,89.8,2024
Braxton Jones,T,CHI,12,80.8,2,19,26,5,471,72.6,1,16,21,4,229,94.48,90.83,2024
Rob Havenstein,T,LA,11,66.9,5,12,20,3,361,55.2,4,11,18,3,167,94.46,89.22,2024
Daniel Faalele,G,BLT,17,63.2,3,28,32,1,578,54.6,2,19,22,1,270,94.46,91.85,2024
Kaleb McGary,T,ATL,16,63.8,10,16,32,6,576,51.6,9,15,30,6,323,94.44,90.71,2024
Isaac Seumalo,G,PIT,13,63.0,1,23,26,2,468,53.5,1,19,21,1,191,94.44,89.01,2024
Trey Pipkins III,G,LAC,15,49.7,2,21,29,6,521,44.1,1,12,18,5,234,94.43,92.31,2024
Braden Smith,T,IND,12,67.8,2,18,24,4,431,72.3,1,9,12,2,191,94.43,93.72,2024
Trystan Colon,G,ARZ,8,65.9,3,9,12,0,215,65.8,1,5,6,0,91,94.42,93.41,2024
Colton McKivitz,T,SF,17,72.8,6,28,36,2,645,68.2,4,21,27,2,310,94.42,91.29,2024
Josh Myers,C,GB,16,64.9,5,23,29,1,518,48.9,5,17,23,1,232,94.4,90.09,2024
Justin Skule,T,TB,7,66.4,2,6,12,4,212,55.7,1,4,9,4,82,94.34,89.02,2024
Tyron Smith,T,NYJ,10,72.3,4,13,22,5,386,54.9,4,8,17,5,135,94.3,87.41,2024
Robert Hunt,G,CAR,16,57.5,8,23,36,5,623,50.9,4,19,26,3,290,94.22,91.03,2024
Shaq Mason,G,HST,15,65.2,5,21,34,8,586,55.9,2,16,24,6,279,94.2,91.4,2024
Amarius Mims,T,CIN,15,60.8,5,24,33,4,560,57.3,2,17,20,1,251,94.11,92.03,2024
Tyler Guyton,T,DAL,14,60.2,6,14,26,6,439,57.6,4,10,20,6,202,94.08,90.1,2024
Roger Rosengarten,T,BLT,16,70.0,1,24,29,4,488,70.0,1,20,24,3,222,94.06,89.19,2024
Taliese Fuaga,T,NO,17,62.2,9,24,39,6,657,60.2,7,14,25,4,292,94.06,91.44,2024
Dawand Jones,T,CLV,9,57.6,7,11,22,4,364,62.1,3,9,13,1,162,93.96,91.98,2024
Blake Brandel,G,MIN,17,61.4,7,27,41,7,677,53.5,3,19,29,7,353,93.94,91.78,2024
Ronnie Stanley,T,BLT,17,79.6,4,29,35,2,575,83.8,3,16,19,0,270,93.91,92.96,2024
Dylan Parham,G,LV,15,67.5,2,29,36,5,591,65.0,0,18,22,4,261,93.91,91.57,2024
Isaiah Adams,G,ARZ,10,50.3,2,14,18,2,294,33.5,2,9,12,1,110,93.88,89.09,2024
Andrew Thomas,T,NYG,6,71.8,4,8,16,4,261,64.1,3,6,11,2,109,93.87,89.91,2024
Graham Glasgow,G,DET,16,56.2,9,23,36,4,585,25.1,7,19,30,4,216,93.85,86.11,2024
Olumuyiwa Fashanu,T,NYJ,11,59.4,4,18,23,1,372,40.1,3,13,17,1,119,93.82,85.71,2024
Rasheed Walker,T,GB,17,79.6,4,28,35,3,562,71.2,1,17,21,3,253,93.77,91.7,2024
O'Cyrus Torrence,G,BUF,16,62.2,2,35,37,0,591,57.2,0,26,26,0,278,93.74,90.65,2024
Brady Christensen,C,CAR,9,56.1,3,11,14,0,223,36.2,3,10,13,0,102,93.72,87.25,2024
Brandon Coleman,T,WAS,16,63.5,2,19,30,9,474,50.3,0,15,21,6,195,93.67,89.23,2024
Taylor Decker,T,DET,14,76.0,4,19,31,8,489,65.5,2,14,21,5,194,93.66,89.18,2024
Landon Young,G,NO,8,30.0,0,14,16,2,252,30.0,0,8,9,1,103,93.65,91.26,2024
Warren McClendon Jr.,T,LA,6,51.5,4,5,14,5,218,43.0,3,3,10,4,96,93.58,89.58,2024
Charles Cross,T,SEA,17,81.3,5,36,47,6,724,75.8,3,25,34,6,363,93.51,90.63,2024
Cordell Volson,G,CIN,15,48.8,10,27,43,6,662,29.1,7,23,35,5,292,93.5,88.01,2024
Jedrick Wills Jr.,T,CLV,5,63.6,3,5,11,3,168,49.8,2,3,8,3,59,93.45,86.44,2024
Patrick Paul,T,MIA,8,55.8,1,11,15,3,229,37.3,1,6,9,2,60,93.45,85.0,2024
Ikem Ekwonu,T,CAR,15,66.2,5,27,39,7,593,58.8,5,19,28,4,270,93.42,89.63,2024
Alex Cappa,G,CIN,17,39.7,7,36,51,8,774,32.4,3,27,37,7,338,93.41,89.05,2024
Vederian Lowe,T,NE,14,66.9,5,23,33,5,501,55.7,5,18,27,4,240,93.41,88.75,2024
Dan Moore Jr.,T,PIT,17,66.2,3,26,41,12,615,58.2,1,18,26,7,243,93.33,89.3,2024
Jack Conklin,T,CLV,12,67.9,2,29,38,7,552,59.9,2,21,28,5,228,93.12,87.72,2024
Nick Saldiveri,G,NO,8,38.5,4,10,14,0,203,11.3,3,10,13,0,86,93.1,84.88,2024
Abraham Lucas,T,SEA,7,65.7,2,12,18,4,257,57.9,1,10,13,2,132,93.0,90.15,2024
JC Latham,T,TEN,17,67.8,11,29,47,7,660,56.1,8,25,38,5,345,92.88,88.99,2024
Anthony Bradford,G,SEA,11,48.5,1,20,28,7,392,31.4,1,20,27,6,211,92.86,87.2,2024
Matt Goncalves,T,IND,9,57.1,4,15,22,3,305,53.3,3,12,18,3,139,92.79,87.05,2024
Ed Ingram,G,MIN,9,49.1,3,16,24,5,332,29.9,3,10,18,5,165,92.77,89.09,2024
Broderick Jones,T,PIT,17,54.6,9,24,43,10,593,47.6,6,13,27,8,235,92.75,88.51,2024
Germain Ifedi,T,CLV,10,52.9,5,19,28,4,369,60.6,3,11,16,2,160,92.41,90.0,2024
DJ Glaze,T,LV,15,61.9,10,38,51,3,665,54.6,9,29,41,3,300,92.33,86.33,2024
Wanya Morris,T,KC,14,55.4,7,23,35,5,453,41.8,5,19,29,5,213,92.27,86.38,2024
Cody Ford,T,CIN,12,50.2,8,24,37,5,464,47.7,6,17,27,4,202,92.03,86.63,2024
Kenyon Green,G,HST,11,39.7,4,19,28,5,350,19.9,3,16,23,4,165,92.0,86.06,2024
Trevor Penning,T,NO,17,51.6,4,45,54,5,663,51.3,1,34,38,3,295,91.86,87.12,2024
Blake Fisher,T,HST,9,48.3,8,6,18,4,219,34.4,6,4,13,3,103,91.78,87.38,2024
Cam Robinson,T,MIN,17,70.4,7,38,52,7,632,61.3,6,27,38,5,328,91.77,88.41,2024
Dalton Tucker,G,IND,8,48.7,4,18,24,2,279,44.4,2,12,15,1,122,91.4,87.7,2024
Demontrey Jacobs,T,NE,15,42.7,7,33,49,9,566,32.7,4,25,37,8,287,91.34,87.11,2024
Jake Curhan,G,CHI,7,38.4,3,11,15,1,171,26.5,3,9,13,1,91,91.23,85.71,2024
Layden Robinson,G,NE,11,41.9,6,23,33,4,366,31.6,2,16,21,3,170,90.98,87.65,2024
Mark Glowinski,G,IND,5,53.3,0,13,16,3,177,40.8,0,8,11,3,85,90.96,87.06,2024
Larry Borom,T,CHI,7,56.2,2,13,22,7,237,49.1,2,11,19,6,148,90.72,87.16,2024
Sataoa Laumea,G,SEA,6,19.8,4,17,23,2,219,9.6,3,10,15,2,105,89.5,85.71,2024
Nicholas Petit-Frere,T,TEN,11,42.8,5,26,41,10,373,39.0,3,18,30,9,192,89.01,84.38,2024
Stone Forsythe,T,SEA,6,41.3,4,29,35,2,298,33.3,4,21,27,2,149,88.26,81.88,2024
Fred Johnson,T,PHI,10,37.3,5,24,37,8,238,29.5,2,23,33,8,124,84.45,73.39,2024
Chris Hubbard,T,NYG,4,25.5,12,13,28,3,170,23.3,9,9,19,1,85,83.53,77.65,2024
Creed Humphrey,C,KC,17,84.1,2,5,8,1,742,80.5,1,4,5,0,314,98.92,98.41,2025
Erik McCoy,C,NO,7,84.1,1,2,3,0,276,79.4,1,2,3,0,127,98.91,97.64,2025
Austin Schlottmann,C,NYG,7,77.0,0,3,3,0,212,66.2,0,2,2,0,94,98.58,97.87,2025
Zach Frazier,C,PIT,17,74.7,3,6,10,1,634,62.8,3,5,9,1,240,98.42,96.25,2025
T.J. Bass,G,DAL,9,62.9,0,4,4,0,209,59.5,0,4,4,0,93,98.09,95.7,2025
Luke Wattenberg,C,DEN,15,71.0,3,10,13,0,641,61.9,2,6,8,0,274,97.97,97.08,2025
Ryan Kelly,C,MIN,8,77.7,0,3,4,1,191,76.7,0,2,3,1,92,97.91,96.74,2025
Jake Andrews,C,HST,16,67.2,3,10,14,1,656,57.7,1,8,10,1,281,97.87,96.44,2025
Joe Thuney,G,CHI,17,88.6,1,14,15,0,686,78.9,0,11,11,0,290,97.81,96.21,2025
Aaron Brewer,C,MIA,16,71.2,1,10,12,1,549,58.5,1,4,6,1,181,97.81,96.69,2025
Ryan Neuzil,C,ATL,17,59.3,4,9,14,1,627,60.0,3,4,8,1,328,97.77,97.56,2025
Cam Jurgens,C,PHI,14,60.9,1,10,11,0,484,62.5,1,7,8,0,239,97.73,96.65,2025
Quenton Nelson,G,IND,17,73.2,2,12,15,1,637,55.2,2,10,13,1,277,97.65,95.31,2025
Connor McGovern,C,BUF,16,73.4,2,12,14,0,593,72.8,0,8,8,0,264,97.64,96.97,2025
Damien Lewis,G,CAR,16,78.5,3,10,14,1,591,71.5,2,7,10,1,280,97.63,96.43,2025
Luke Fortner,C,NO,12,72.5,0,8,11,3,442,60.8,0,6,9,3,226,97.51,96.02,2025
Hjalte Froholdt,C,ARZ,17,72.0,2,17,20,1,788,70.8,2,10,13,1,396,97.46,96.72,2025
Cade Mays,C,CAR,13,69.4,3,8,11,0,429,52.8,3,5,8,0,191,97.44,95.81,2025
Ted Karras,C,CIN,17,70.7,2,16,19,1,733,72.2,1,11,13,1,384,97.41,96.61,2025
Garett Bolles,T,DEN,17,90.8,6,13,19,0,714,85.1,4,9,13,0,302,97.34,95.7,2025
Lane Johnson,T,PHI,10,80.4,0,7,7,0,262,81.2,0,6,6,0,134,97.33,95.52,2025
Ethan Pocic,C,CLV,13,62.2,3,9,14,2,518,55.9,1,8,10,1,277,97.3,96.39,2025
Jalen Sundell,C,SEA,13,67.7,2,9,11,0,407,60.1,1,8,9,0,159,97.3,94.34,2025
Kevin Zeitler,G,TEN,16,75.4,2,10,16,4,590,66.6,1,9,14,4,288,97.29,95.14,2025
Andrew Thomas,T,NYG,13,87.2,2,10,13,1,448,80.9,0,7,7,0,206,97.1,96.6,2025
Warren McClendon Jr.,T,LA,10,73.9,1,10,12,1,408,66.2,0,8,9,1,174,97.06,94.83,2025
Steve Avila,G,LA,13,70.6,5,8,14,1,475,55.8,5,5,11,1,192,97.05,94.27,2025
Darnell Wright,T,CHI,16,74.3,3,13,19,3,638,71.8,2,7,11,2,266,97.02,95.86,2025
Jermaine Eluemunor,T,NYG,16,76.7,3,12,19,4,638,76.0,3,4,11,4,286,97.02,96.15,2025
John Michael Schmitz Jr.,C,NYG,13,60.9,1,12,14,1,466,51.5,0,9,10,1,212,97.0,95.28,2025
Tanor Bortolini,C,IND,16,66.2,5,12,17,0,566,50.8,3,11,14,0,242,97.0,94.21,2025
Coleman Shelton,C,LA,17,49.6,3,15,20,2,663,35.0,2,13,16,1,274,96.98,94.16,2025
Luke Wypler,C,CLV,9,74.0,2,3,5,0,165,75.9,1,1,2,0,86,96.97,97.67,2025
Laremy Tunsil,T,WAS,14,88.9,2,11,15,2,490,84.7,0,9,10,1,213,96.94,95.31,2025
Garrett Bradbury,C,NE,17,63.1,4,16,20,0,642,56.9,3,11,14,0,325,96.88,95.69,2025
Penei Sewell,T,DET,16,80.3,6,11,19,2,601,77.4,4,6,11,1,265,96.84,95.85,2025
Chris Paul,G,WAS,16,77.4,2,13,17,2,535,68.0,2,10,13,1,211,96.82,93.84,2025
Austin Corbett,G,CAR,12,62.7,1,10,13,2,405,51.5,1,10,12,1,201,96.79,94.03,2025
Dylan Cook,T,PIT,5,80.7,3,2,6,1,187,73.5,2,1,3,0,63,96.79,95.24,2025
Elgton Jenkins,C,GB,9,72.5,2,6,10,2,310,66.1,2,3,6,1,132,96.77,95.45,2025
Isaac Seumalo,G,PIT,14,78.5,1,11,15,3,465,61.5,1,10,14,3,180,96.77,92.22,2025
Mike Onwenu,G,NE,17,78.2,1,18,21,2,648,74.9,1,13,16,2,327,96.76,95.11,2025
Peter Skoronski,G,TEN,17,84.5,1,20,23,2,694,76.7,1,18,21,2,331,96.69,93.66,2025
Cooper Beebe,C,DAL,11,63.7,3,12,16,1,484,56.4,2,4,7,1,218,96.69,96.79,2025
Sam Cosmi,G,WAS,9,73.0,0,9,11,2,325,66.4,0,5,7,2,126,96.62,94.44,2025
Dalton Risner,G,CIN,14,71.5,4,11,17,2,503,72.0,3,8,12,1,261,96.62,95.4,2025
Tytus Howard,T,HST,16,77.1,1,20,21,0,609,73.5,1,12,13,0,272,96.55,95.22,2025
Cesar Ruiz,G,NO,14,73.1,2,14,19,3,546,60.9,1,13,17,3,279,96.52,93.91,2025
Drew Dalman,C,CHI,17,69.0,1,22,24,1,687,59.0,1,14,16,1,290,96.51,94.48,2025
Trey Smith,G,KC,12,75.1,2,13,16,1,459,64.9,2,9,12,1,178,96.51,93.26,2025
Quinn Meinerz,G,DEN,17,70.9,5,18,25,2,709,55.0,5,15,22,2,300,96.47,92.67,2025
Joe Alt,T,LAC,6,82.3,2,4,7,1,194,90.7,1,0,1,0,83,96.39,98.8,2025
Tyler Biadasz,C,WAS,16,67.1,0,18,21,3,571,68.5,0,8,10,2,240,96.32,95.83,2025
Graham Glasgow,C,DET,14,61.3,8,10,19,1,517,42.1,5,6,12,1,222,96.32,94.59,2025
Ezra Cleveland,G,JAX,16,71.4,2,18,24,4,650,62.9,2,13,19,4,340,96.31,94.41,2025
Tate Ratledge,G,DET,17,58.5,9,13,24,2,648,49.4,6,8,15,1,282,96.3,94.68,2025
Larry Borom,T,MIA,13,67.1,3,10,15,2,404,60.5,2,8,12,2,132,96.29,90.91,2025
Tyler Smith,G,DAL,16,65.4,0,23,26,3,700,59.2,0,11,14,3,320,96.29,95.62,2025
Ben Powers,G,DEN,8,60.7,1,10,11,0,290,38.0,1,9,10,0,119,96.21,91.6,2025
Trent Brown,T,HST,7,64.2,3,7,11,1,288,62.6,3,5,9,1,126,96.18,92.86,2025
Greg Van Roten,G,NYG,17,70.1,1,22,26,3,678,59.1,1,18,21,2,306,96.17,93.14,2025
Kevin Dotson,G,LA,15,67.7,4,13,20,3,521,65.3,3,6,11,2,209,96.16,94.74,2025
Jawaan Taylor,T,KC,12,67.3,5,12,20,3,517,58.6,4,9,16,3,203,96.13,92.12,2025
Zion Johnson,G,LAC,16,61.1,7,16,26,3,663,56.3,3,11,16,2,313,96.08,94.89,2025
Taylor Moton,T,CAR,15,76.5,4,15,22,3,558,72.1,3,11,17,3,267,96.06,93.63,2025
Mason McCormick,G,PIT,17,71.6,2,19,25,4,634,68.4,1,11,13,1,240,96.06,94.58,2025
Troy Fautanu,T,PIT,17,71.0,4,19,25,2,634,62.8,3,16,20,1,240,96.06,91.67,2025
Tyler Booker,G,DAL,14,62.4,6,16,25,3,631,59.8,3,10,15,2,285,96.04,94.74,2025
Jake Brendel,C,SF,15,59.0,4,19,23,0,577,59.5,2,10,12,0,287,96.01,95.82,2025
Lloyd Cushenberry III,C,TEN,15,65.5,4,15,25,6,608,66.6,2,9,16,5,296,95.89,94.59,2025
Brock Hoffman,C,DAL,9,58.4,4,7,12,1,285,58.4,3,3,7,1,127,95.79,94.49,2025
Isaiah Adams,G,ARZ,14,65.6,0,21,23,2,539,61.0,0,16,17,1,280,95.73,93.93,2025
Robert Hainsey,C,JAX,15,57.1,3,19,25,3,578,36.8,2,15,20,3,296,95.67,93.24,2025
Patrick Paul,T,MIA,17,74.4,2,19,25,4,578,59.4,2,13,19,4,188,95.67,89.89,2025
Grey Zabel,G,SEA,17,58.6,4,18,24,2,553,54.1,2,11,15,2,221,95.66,93.21,2025
Josh Myers,C,NYJ,17,62.9,4,21,28,3,640,53.5,3,16,21,2,342,95.62,93.86,2025
Ed Ingram,G,HST,14,55.2,4,16,24,4,546,38.3,3,13,19,3,242,95.6,92.15,2025
Joel Bitonio,G,CLV,17,75.7,1,28,31,2,686,71.1,1,21,24,2,370,95.48,93.51,2025
Dominick Puni,G,SF,17,63.8,1,28,30,1,664,60.5,1,22,23,0,332,95.48,93.07,2025
Joe Tippmann,G,NYJ,17,69.0,5,18,29,6,639,55.0,4,15,25,6,342,95.46,92.69,2025
David Edwards,G,BUF,16,73.0,1,23,27,3,594,65.7,1,16,19,2,265,95.45,92.83,2025
Jordan Meredith,C,LV,11,48.5,2,14,20,4,439,41.3,1,12,17,4,234,95.44,92.74,2025
Zach Tom,T,GB,12,78.5,1,15,16,0,351,76.1,1,9,10,0,159,95.44,93.71,2025
Austin Jackson,T,MIA,6,73.3,2,5,8,1,175,64.6,2,4,6,0,56,95.43,89.29,2025
Bradley Bozeman,C,LAC,16,48.7,6,22,30,2,654,48.3,5,10,16,1,304,95.41,94.74,2025
Cole Strange,G,MIA,14,42.2,3,16,21,2,457,34.1,1,11,14,2,142,95.4,90.14,2025
Jonah Jackson,G,CHI,17,63.6,1,27,31,3,670,52.9,1,18,22,3,284,95.37,92.25,2025
Andrew Wylie,G,WAS,8,63.5,3,5,9,1,194,43.4,3,2,6,1,80,95.36,92.5,2025
Morgan Moses,T,NE,17,69.8,5,23,29,1,621,66.6,3,18,21,0,317,95.33,93.38,2025
John Simpson,G,NYJ,17,62.0,5,19,29,5,618,51.0,4,15,23,4,329,95.31,93.01,2025
Brian O'Neill,T,MIN,14,76.4,1,18,21,2,446,76.9,1,13,15,1,214,95.29,92.99,2025
Jon Runyan,G,NYG,16,60.6,5,24,31,2,653,44.7,3,17,22,2,288,95.25,92.36,2025
Jackson Powers-Johnson,G,LV,7,59.6,2,6,10,2,210,45.4,2,4,8,2,99,95.24,91.92,2025
Jordan Mailata,T,PHI,16,80.4,4,21,27,2,563,78.1,2,16,20,2,281,95.2,92.88,2025
Blake Brandel,C,MIN,14,67.6,6,10,19,3,395,55.7,6,7,15,2,197,95.19,92.39,2025
Colton McKivitz,T,SF,17,72.2,8,21,32,3,665,66.0,7,16,25,2,332,95.19,92.47,2025
Kingsley Suamataia,G,KC,17,65.7,8,24,35,3,724,53.2,5,17,25,3,307,95.17,91.86,2025
Tristan Wirfs,T,TB,12,84.9,4,17,23,2,474,79.9,3,14,17,0,227,95.15,92.51,2025
Tyler Linderbaum,C,BLT,17,63.4,1,23,26,2,536,61.2,1,13,15,1,235,95.15,93.62,2025
Josh Simmons,T,KC,8,75.5,2,14,18,2,367,68.1,2,7,10,1,151,95.1,93.38,2025
Wyatt Teller,G,CLV,13,53.1,1,20,24,3,488,49.4,1,14,18,3,260,95.08,93.08,2025
Dylan Fairchild,G,CIN,15,67.5,5,24,31,2,629,55.5,5,20,27,2,338,95.07,92.01,2025
Brandon Coleman,T,WAS,9,62.9,1,10,11,0,221,48.8,1,6,7,0,98,95.02,92.86,2025
Anthony Bradford,G,SEA,17,40.8,5,20,28,3,560,28.5,5,11,18,2,229,95.0,92.14,2025
Nick Allegretti,G,WAS,5,46.6,2,5,8,1,160,35.0,2,4,7,1,78,95.0,91.03,2025
Amarius Mims,T,CIN,17,66.6,4,27,35,4,694,64.5,3,25,31,3,362,94.96,91.44,2025
Juice Scruggs,G,HST,10,57.7,2,9,11,0,218,48.1,2,6,8,0,92,94.95,91.3,2025
Dylan Parham,G,LV,15,62.3,5,17,28,6,552,56.4,5,10,19,4,289,94.93,93.43,2025
O'Cyrus Torrence,G,BUF,17,64.0,0,29,32,3,631,45.5,0,26,29,3,271,94.93,89.3,2025
Michael Jurgens,C,MIN,8,61.3,2,3,9,4,177,45.6,0,3,7,4,87,94.92,91.95,2025
Graham Barton,C,TB,17,53.5,4,27,36,5,701,34.1,4,20,29,5,338,94.86,91.42,2025
Armand Membou,T,NYJ,17,73.8,1,24,33,8,639,68.8,0,19,26,7,342,94.84,92.4,2025
Fred Johnson,T,PHI,13,64.2,0,16,18,2,348,53.7,0,15,17,2,166,94.83,89.76,2025
Alex Palczewski,G,DEN,15,53.5,3,17,21,1,405,52.0,1,13,15,1,175,94.81,91.43,2025
Ben Bredeson,G,TB,11,76.0,0,19,20,1,384,70.6,0,15,16,1,181,94.79,91.16,2025
Roger Rosengarten,T,BLT,17,73.4,4,21,28,3,536,73.3,2,15,19,2,235,94.78,91.91,2025
Bernhard Raimann,T,IND,16,78.9,2,21,31,8,590,74.1,1,16,23,6,247,94.75,90.69,2025
Dillon Radunz,G,NO,11,62.7,2,20,23,1,438,64.1,2,14,17,1,219,94.75,92.24,2025
Dan Feeney,G,TB,10,60.1,1,16,21,4,399,45.3,1,15,19,3,193,94.74,90.16,2025
Taliese Fuaga,T,NO,13,66.2,5,19,28,4,530,63.7,2,12,18,4,253,94.72,92.89,2025
Luke Goedeke,T,TB,11,78.9,0,22,22,0,416,73.5,0,19,19,0,205,94.71,90.73,2025
Ozzy Trapilo,T,CHI,11,71.5,3,10,15,2,282,48.5,2,9,13,2,114,94.68,88.6,2025
Charles Cross,T,SEA,14,76.9,4,18,24,2,450,72.0,1,10,12,1,186,94.67,93.55,2025
Jarrett Patterson,G,HST,7,59.3,0,11,11,0,206,69.1,0,3,3,0,81,94.66,96.3,2025
Michael Jordan,G,TB,11,71.0,2,21,25,2,464,57.6,2,18,21,1,228,94.61,90.79,2025
Matthew Bergeron,G,ATL,15,65.7,7,20,28,1,519,58.6,6,16,23,1,278,94.61,91.73,2025
Trent Williams,T,SF,16,79.9,8,20,32,4,593,76.0,3,13,19,3,293,94.6,93.52,2025
Will Campbell,T,NE,13,76.1,5,16,26,5,476,71.2,4,11,20,5,231,94.54,91.34,2025
Andrew Vorhees,G,BLT,17,53.1,8,17,28,3,513,42.7,5,7,15,3,226,94.54,93.36,2025
Spencer Anderson,G,PIT,16,60.9,2,8,10,0,182,45.0,1,4,5,0,53,94.51,90.57,2025
Braden Smith,T,IND,13,71.9,6,19,26,1,471,69.8,4,12,16,0,202,94.48,92.08,2025
Christian Darrisaw,T,MIN,10,71.8,4,12,18,2,325,68.2,3,8,12,1,161,94.46,92.55,2025
Donovan Jackson,G,MIN,14,65.7,5,19,26,2,468,62.8,2,12,16,2,217,94.44,92.63,2025
Mike McGlinchey,T,DEN,17,67.2,5,33,40,2,717,66.0,3,20,24,1,302,94.42,92.05,2025
Daniel Faalele,G,BLT,17,60.1,3,23,30,4,535,50.8,1,18,23,4,235,94.39,90.21,2025
Jonah Williams,T,ARZ,9,53.5,5,13,22,4,391,43.1,5,10,19,4,176,94.37,89.2,2025
Matt Goncalves,G,IND,16,62.7,10,22,34,2,603,59.1,7,14,22,1,258,94.36,91.47,2025
Jordan Morgan,G,GB,14,64.3,2,18,24,4,424,55.0,2,9,14,3,184,94.34,92.39,2025
Abraham Lucas,T,SEA,17,69.7,2,26,32,4,562,65.3,1,19,23,3,228,94.31,89.91,2025
Anton Harrison,T,JAX,15,75.6,3,31,35,1,608,70.7,3,21,25,1,322,94.24,92.24,2025
Jared Wilson,G,NE,13,62.2,7,17,28,4,486,60.6,5,13,21,3,253,94.24,91.7,2025
Patrick Mekari,G,JAX,14,51.8,3,26,31,2,533,43.7,3,22,27,2,274,94.18,90.15,2025
Dion Dawkins,T,BUF,15,81.5,1,26,33,6,564,70.6,1,20,27,6,261,94.15,89.66,2025
Laken Tomlinson,G,HST,7,55.4,3,5,11,3,186,38.1,2,5,10,3,94,94.09,89.36,2025
Rasheed Walker,T,GB,16,70.0,1,28,34,5,572,69.1,1,19,25,5,252,94.06,90.08,2025
Kayode Awosika,G,DET,7,52.5,1,6,10,3,168,32.8,1,4,8,3,70,94.05,88.57,2025
Taylor Decker,T,DET,14,69.5,3,28,33,2,551,62.6,2,20,24,2,248,94.01,90.32,2025
Paris Johnson Jr.,T,ARZ,12,77.1,8,21,34,5,565,70.9,7,14,24,3,269,93.98,91.08,2025
Will Fries,G,MIN,17,62.9,4,30,37,3,612,44.0,3,25,31,3,295,93.95,89.49,2025
Broderick Jones,T,PIT,11,59.0,6,11,23,6,380,41.1,6,9,18,3,145,93.95,87.59,2025
Ben Brown,G,NE,7,58.9,2,8,10,0,165,41.8,2,7,9,0,76,93.94,88.16,2025
Sean Rhyan,C,GB,15,36.8,8,19,28,1,462,42.2,5,12,17,0,204,93.94,91.67,2025
Tyler Steen,G,PHI,17,74.0,1,33,36,2,589,67.9,1,23,25,1,296,93.89,91.55,2025
Caleb Rogers,G,LV,6,59.4,3,5,11,3,179,46.6,1,5,9,3,91,93.85,90.11,2025
Olumuyiwa Fashanu,T,NYJ,17,74.5,5,28,39,6,634,68.6,3,24,30,3,339,93.85,91.15,2025
Alaric Jackson,T,LA,16,74.8,9,25,38,4,618,70.4,3,17,23,3,252,93.85,90.87,2025
Brett Toth,G,PHI,10,59.7,1,10,13,2,211,47.9,1,7,10,2,109,93.84,90.83,2025
Aaron Banks,G,GB,14,52.2,3,22,27,2,435,42.6,3,16,21,2,191,93.79,89.01,2025
Cole Van Lanen,T,JAX,12,76.9,5,16,22,1,352,77.0,3,11,14,0,185,93.75,92.43,2025
Ronnie Stanley,T,BLT,16,72.8,4,20,28,4,447,59.5,2,13,19,4,192,93.74,90.1,2025
Orlando Brown Jr.,T,CIN,17,62.6,10,27,46,9,733,52.7,8,24,37,5,384,93.72,90.36,2025
Evan Brown,G,ARZ,11,60.2,5,28,34,1,539,47.1,5,17,22,0,260,93.69,91.54,2025
Jake Matthews,T,ATL,17,82.4,9,24,39,6,609,76.0,8,19,32,5,321,93.6,90.03,2025
Jon Gaines II,G,ARZ,9,53.9,2,10,15,3,234,49.8,0,9,12,3,128,93.59,90.62,2025
JC Latham,T,TEN,13,68.0,1,24,33,8,511,66.1,1,17,24,6,247,93.54,90.28,2025
Aireontae Ersery,T,HST,16,64.9,11,25,43,7,664,52.2,7,17,29,5,292,93.52,90.07,2025
Bobby Hart,T,LAC,9,57.4,2,17,21,2,322,53.3,1,12,15,2,153,93.48,90.2,2025
Alex Cappa,C,LV,12,57.6,4,14,23,5,349,42.1,3,12,19,4,191,93.41,90.05,2025
Justin Dedich,G,LA,7,36.5,4,15,20,1,302,22.0,3,12,16,1,140,93.38,88.57,2025
Christian Mahogany,G,DET,11,40.7,5,16,27,6,407,19.1,4,13,20,3,184,93.37,89.13,2025
Kelvin Banks Jr.,T,NO,17,70.4,7,34,46,5,680,65.2,6,26,36,4,331,93.24,89.12,2025
Landon Dickerson,G,PHI,15,60.3,7,20,32,5,468,49.1,5,13,23,5,228,93.16,89.91,2025
Jalen Travis,T,IND,9,71.2,3,8,12,1,175,66.9,2,4,6,0,77,93.14,92.21,2025
Josh Conerly Jr.,T,WAS,17,57.8,3,32,43,8,624,47.1,3,21,31,7,262,93.11,88.17,2025
Jamaree Salyer,T,LAC,10,69.1,4,11,19,4,273,69.0,3,8,13,2,134,93.04,90.3,2025
Chris Lindstrom,G,ATL,17,62.3,8,35,44,1,623,52.9,5,30,36,1,326,92.94,88.96,2025
Will Hernandez,G,ARZ,7,47.1,5,12,19,2,268,42.9,3,7,11,1,122,92.91,90.98,2025
Connor Colby,G,SF,9,33.7,6,11,20,3,281,21.9,5,8,15,2,128,92.88,88.28,2025
Trey Pipkins III,T,LAC,11,58.0,3,20,27,4,376,45.1,3,15,21,3,174,92.82,87.93,2025
Terence Steele,T,DAL,17,54.9,9,37,52,6,722,46.0,6,29,40,5,318,92.8,87.42,2025
Ikem Ekwonu,T,CAR,15,67.3,6,29,40,5,550,58.5,3,20,28,5,251,92.73,88.84,2025
Spencer Brown,T,BUF,14,61.3,4,29,36,3,493,55.2,2,19,24,3,232,92.7,89.66,2025
Elijah Wilkinson,T,ATL,17,61.0,9,31,46,6,627,59.4,5,25,35,5,328,92.66,89.33,2025
Tyler Guyton,T,DAL,10,50.0,6,23,31,2,418,40.0,4,16,22,2,187,92.58,88.24,2025
DJ Glaze,T,LV,17,63.3,6,32,48,10,639,55.5,6,27,41,8,332,92.49,87.65,2025
Teven Jenkins,G,CLV,12,60.8,2,12,14,0,186,63.8,0,9,9,0,105,92.47,91.43,2025
Trevor Penning,G,LAC,11,52.5,0,21,26,5,345,39.3,0,16,19,3,157,92.46,87.9,2025
Dan Moore Jr.,T,TEN,16,62.5,7,33,48,8,620,54.6,5,24,35,6,294,92.26,88.1,2025
Jonah Savaiinaea,G,MIA,17,14.1,5,32,45,8,579,0.0,2,28,36,6,188,92.23,80.85,2025
Spencer Burford,G,SF,9,48.5,2,17,21,2,266,33.5,2,14,17,1,140,92.11,87.86,2025
Theo Benedet,T,CHI,15,55.4,1,23,26,2,329,41.6,0,18,19,1,139,92.1,86.33,2025
KT Leveston,T,CLV,13,43.3,9,18,33,6,413,42.7,7,14,24,3,231,92.01,89.61,2025
Walker Little,T,JAX,15,63.5,6,32,47,9,585,58.5,4,21,31,6,311,91.97,90.03,2025
Esa Pole,T,KC,5,60.9,4,10,15,1,186,58.0,1,9,10,0,89,91.94,88.76,2025
Mike Caliendo,G,KC,8,42.7,4,15,21,2,259,15.2,4,11,17,2,121,91.89,85.95,2025
Justin Skule,T,MIN,12,63.2,6,16,29,7,356,65.7,4,8,17,5,168,91.85,89.88,2025
Jalen Rivers,G,CIN,11,23.8,4,21,27,2,328,18.7,3,17,22,2,166,91.77,86.75,2025
Mekhi Becton,G,LAC,14,45.2,7,27,37,3,444,35.7,3,22,28,3,216,91.67,87.04,2025
Josh Fryar,T,ARZ,9,56.7,3,9,16,4,192,53.3,3,8,14,3,108,91.67,87.04,2025
Cam Robinson,T,CLV,14,56.2,11,21,40,8,472,46.2,8,18,33,7,264,91.53,87.5,2025
Vederian Lowe,T,NE,8,67.1,2,12,15,1,176,70.8,2,7,10,1,98,91.48,89.8,2025
Stone Forsythe,T,LV,14,53.6,5,24,40,11,465,44.6,4,21,32,7,234,91.4,86.32,2025
Rob Havenstein,T,LA,7,45.2,6,15,22,1,255,31.5,4,13,18,1,100,91.37,82.0,2025
Anthony Belton,G,GB,9,43.3,2,21,23,0,258,45.2,0,11,11,0,113,91.09,90.27,2025
Olisaemeka Udoh,T,TEN,13,55.0,5,11,19,3,211,51.1,3,9,14,2,93,91.0,84.95,2025
Nathan Thomas,T,DAL,7,31.6,4,16,23,3,219,17.4,4,9,16,3,101,89.5,84.16,2025
Jaylon Moore,T,KC,12,57.1,2,22,27,3,257,45.7,2,17,21,2,107,89.49,80.37,2025
Asim Richards,T,NO,9,53.2,4,17,23,2,218,39.8,3,14,19,2,116,89.45,83.62,2025
Kelvin Beachum,T,ARZ,14,54.6,3,40,48,5,451,48.0,3,31,36,2,226,89.36,84.07,2025
Jack Conklin,T,CLV,8,44.8,3,17,24,4,224,40.2,2,14,19,3,114,89.29,83.33,2025
Austin Deculus,T,LAC,12,33.1,11,19,37,7,342,39.4,6,12,21,3,151,89.18,86.09,2025
Charlie Heck,T,TB,12,48.0,0,29,32,3,289,26.9,0,25,27,2,133,88.93,79.7,2025
Marcus Mbow,T,NYG,7,47.8,11,12,26,3,209,52.1,7,6,14,1,97,87.56,85.57,2025
Cornelius Lucas,T,CLV,7,36.9,8,18,29,3,193,36.2,4,11,17,2,97,84.97,82.47,2025
